# Blender 5.1.2
# www.blender.org
mtllib banana.mtl
o banana_UVs
v 0.999354 0.550171 0.069585
v 1.025668 0.522402 -0.147754
v 0.858057 0.430790 0.074145
v 0.889702 0.394361 -0.168488
v 0.525445 0.273657 -0.221260
v 0.488908 0.308252 0.086878
v 0.019105 0.241784 0.089355
v 0.044487 0.219078 -0.230597
v -0.272172 0.225143 -0.220720
v -0.293432 0.246249 0.098367
v -0.622232 0.293992 0.112388
v -0.594212 0.262466 -0.207606
v -0.921228 0.327125 -0.177578
v -0.929376 0.348307 0.115797
v -1.177722 0.355653 0.092224
v -1.180119 0.355779 -0.117349
v -1.301811 0.359081 -0.076555
v -1.297664 0.362874 0.081206
v -1.345140 0.366871 0.081073
v -1.344722 0.365635 -0.060445
v -1.358377 0.335204 -0.078887
v -1.348516 0.345331 0.110940
v -1.306626 0.335528 0.114794
v -1.189444 0.316927 0.135367
v -1.309596 0.321084 -0.102593
v -1.195839 0.306411 -0.159053
v -1.357247 0.271980 0.112567
v -1.324302 0.253608 0.123560
v -1.228661 0.198606 0.157427
v -1.340928 0.219839 -0.079622
v -1.258966 0.157446 -0.122252
v -0.943788 0.260413 -0.241624
v -0.609248 0.187569 -0.281748
v -0.279605 0.143229 -0.299526
v 0.049089 0.128676 -0.310995
v 0.568192 0.179311 -0.295885
v 0.939557 0.338637 -0.239884
v 1.081477 0.481561 -0.212758
v 1.040868 0.528620 0.136154
v 0.901623 0.400478 0.147798
v 0.525686 0.239666 0.164800
v 0.029349 0.170868 0.165065
v -0.296492 0.180858 0.171046
v -0.635959 0.229187 0.183944
v -0.944254 0.288566 0.182290
v -1.005645 0.084566 0.222121
v -0.692988 -0.029823 0.230788
v -0.317769 -0.113837 0.215740
v 0.069086 -0.149527 0.218669
v 0.711996 -0.056179 0.226319
v 1.149703 0.226641 0.215856
v 1.268618 0.427696 0.192387
v 1.150323 0.479767 0.183256
v 1.021594 0.321692 0.206389
v 0.611009 0.101413 0.223646
v 0.050382 0.020780 0.213960
v -0.304717 0.044977 0.213185
v -0.663096 0.108230 0.226068
v -0.973454 0.189228 0.215849
v -1.207975 0.256891 0.151985
v -1.315723 0.293957 0.124053
v -1.352347 0.307938 0.115418
v -1.365370 0.287804 -0.076223
v -1.227837 0.229028 -0.151979
v -1.322538 0.268376 -0.095771
v 0.999608 0.548604 -0.037686
v 0.862252 0.428073 -0.045436
v 0.488462 0.321556 -0.063645
v 0.025831 0.260621 -0.062938
v -0.286279 0.267221 -0.054101
v -0.610761 0.314545 -0.042764
v -0.925574 0.371690 -0.028123
v -1.177674 0.373235 -0.009897
v -1.348236 0.365526 0.007831
v -1.298099 0.368800 0.002503
v 1.340430 0.386002 0.161137
v 1.217678 0.163413 0.179227
v 0.757061 -0.145818 0.178819
v 0.070543 -0.247357 0.171939
v -0.335580 -0.206227 0.175632
v -0.721439 -0.113040 0.193320
v -1.038043 0.014762 0.188920
v -1.250492 0.158432 0.136512
v -1.333938 0.227120 0.108808
v -1.387772 0.308401 0.009644
v -1.359346 0.185646 0.046333
v -1.380963 0.215348 0.046577
v -1.355377 0.191755 -0.040995
v -1.275898 0.119466 -0.070518
v -1.367038 0.311424 0.089124
v -1.359889 0.343684 0.083325
v -1.081213 -0.048597 0.088167
v -0.762629 -0.188132 0.086789
v -0.368990 -0.285711 0.073056
v 0.057687 -0.327236 0.067902
v 0.778749 -0.225998 0.081089
v 1.266968 0.100074 0.087846
v 1.399655 0.331503 0.079116
v 1.410095 0.307975 -0.024962
v 1.271011 0.075500 -0.025464
v 0.046738 -0.350364 -0.046906
v -0.387538 -0.302795 -0.043494
v -0.778015 -0.203143 -0.030253
v -1.091813 -0.060712 -0.018447
v 1.371670 0.316122 -0.133882
v 1.309531 0.345173 -0.202455
v 1.166074 0.135778 -0.226388
v 0.703841 -0.137542 -0.255961
v 0.773051 -0.245889 -0.030478
v 0.039177 -0.307906 -0.175824
v -0.388381 -0.265785 -0.171369
v -0.770063 -0.171863 -0.154537
v -1.081309 -0.033356 -0.123719
v -1.059323 0.028859 -0.200777
v -0.742454 -0.094903 -0.246440
v -0.369728 -0.180638 -0.267689
v 0.037195 -0.218935 -0.277556
v 0.745557 -0.213187 -0.155136
v -1.008026 0.144651 -0.249146
v -0.677213 0.046345 -0.300429
v -0.322164 -0.018394 -0.323895
v 0.043347 -0.045712 -0.337451
v 0.633981 0.013385 -0.318527
v 1.049503 0.234401 -0.272432
v 1.196193 0.408256 -0.241417
v 1.229577 0.089238 -0.146011
v 0.860547 0.102532 -0.296923
v 0.768225 0.240824 -0.269590
v 0.718648 0.318818 -0.196561
v 0.682651 0.364601 -0.055685
v 0.679386 0.361293 0.082065
v 0.723170 0.306576 0.158243
v 0.831459 0.193881 0.218503
v 0.954292 0.057905 0.225288
v 1.012600 -0.021500 0.179530
v 1.048338 -0.091406 0.083899
v 1.047321 -0.114589 -0.027557
v 1.011269 -0.090808 -0.151291
v 0.955573 -0.026406 -0.243449
v 0.366097 -0.033177 -0.333501
v 0.329390 0.143344 -0.310929
v 0.303034 0.238638 -0.231722
v 0.274198 0.281679 -0.065752
v 0.270952 0.264798 0.086634
v 0.296486 0.192751 0.164596
v 0.357339 0.042257 0.219352
v 0.424249 -0.127863 0.222600
v 0.451298 -0.224681 0.174855
v 0.458044 -0.305237 0.074163
v 0.450514 -0.323538 -0.039420
v 0.430722 -0.284089 -0.167725
v 0.405112 -0.199257 -0.269487
v 1.407672 0.510893 -0.108897
v 1.358075 0.521382 -0.168994
v 1.271060 0.554623 -0.199491
v 1.178726 0.603073 -0.182552
v 1.122437 0.643665 -0.128013
v 1.090009 0.665812 -0.027579
v 1.092146 0.660600 0.069722
v 1.127556 0.635805 0.123271
v 1.210375 0.605357 0.155876
v 1.300841 0.576136 0.160743
v 1.364328 0.555906 0.133048
v 1.423991 0.519212 0.064736
v 1.438007 0.503870 -0.018908
v 1.292841 0.649889 -0.155583
v 1.344905 0.623172 -0.139339
v 1.360963 0.672074 -0.081720
v 1.293309 0.718607 -0.104797
v 1.212396 0.728805 -0.105120
v 1.231491 0.666914 -0.155571
v 1.235554 0.678633 0.129306
v 1.178879 0.690454 0.112553
v 1.292257 0.654142 0.137061
v 1.333226 0.685339 0.110454
v 1.254046 0.728635 0.104925
v 1.176749 0.739116 0.076524
v 1.168948 0.747693 -0.014668
v 1.402124 0.656692 -0.009527
v 1.393100 0.659589 0.052586
v 1.213501 0.806439 0.063320
v 1.270297 0.792057 0.089292
v 1.336227 0.773782 0.087276
v 1.375486 0.760138 0.046677
v 1.381463 0.760250 -0.003023
v 1.352222 0.772403 -0.052912
v 1.298929 0.789870 -0.075720
v 1.238786 0.804108 -0.066072
v 1.206995 0.810775 -0.004828
v 1.366982 0.955103 -0.050566
v 1.318989 0.965038 -0.059873
v 1.267378 0.976665 -0.048951
v 1.241748 0.982374 -0.004056
v 1.247881 0.981049 0.049557
v 1.295079 0.971400 0.071583
v 1.347224 0.958752 0.068479
v 1.381776 0.949198 0.035996
v 1.390120 0.948220 -0.010599
v 1.309083 0.873903 -0.060269
v 1.254247 0.887155 -0.050459
v 1.226929 0.891692 -0.001558
v 1.232845 0.888495 0.056700
v 1.283203 0.877733 0.079282
v 1.340037 0.864838 0.076395
v 1.374612 0.854809 0.041763
v 1.382460 0.853638 -0.004479
v 1.358822 0.861794 -0.047378
v 1.263715 1.158158 -0.029638
v 1.266659 1.164946 0.025786
v 1.316374 1.157552 0.056990
v 1.371753 1.143852 0.055353
v 1.407603 1.132376 0.020977
v 1.410205 1.128856 -0.029193
v 1.383228 1.132761 -0.069628
v 1.336838 1.138898 -0.086641
v 1.288767 1.148244 -0.074535
v 1.393975 1.041297 0.028907
v 1.399912 1.039876 -0.020050
v 1.375200 1.045258 -0.059483
v 1.328111 1.053448 -0.070526
v 1.279283 1.064017 -0.057260
v 1.254783 1.072446 -0.012699
v 1.259652 1.075091 0.039101
v 1.305973 1.065670 0.065716
v 1.359012 1.051413 0.063222
v 1.381064 1.228231 0.039130
v 1.415075 1.216483 0.010533
v 1.413144 1.210541 -0.033362
v 1.388551 1.211551 -0.072773
v 1.346679 1.215394 -0.094388
v 1.300015 1.222069 -0.091087
v 1.273336 1.232478 -0.049489
v 1.276000 1.241662 0.004947
v 1.325943 1.237798 0.036119
v 1.285070 1.300079 -0.021053
v 1.283794 1.290717 -0.067055
v 1.311412 1.279785 -0.099316
v 1.354364 1.273452 -0.088881
v 1.391981 1.267550 -0.067575
v 1.412525 1.268051 -0.032138
v 1.417169 1.274405 0.005162
v 1.386661 1.284015 0.027258
v 1.333109 1.293281 0.007449
v 1.278632 1.350715 -0.035104
v 1.331428 1.337492 -0.009650
v 1.382401 1.324878 0.017802
v 1.411361 1.315535 -0.000042
v 1.413170 1.307677 -0.034730
v 1.397180 1.304715 -0.067404
v 1.361260 1.310832 -0.089601
v 1.318948 1.319714 -0.102657
v 1.283609 1.332385 -0.080849
v 1.323036 1.355708 -0.118298
v 1.284940 1.370270 -0.093560
v 1.264472 1.385682 -0.052892
v 1.321959 1.372811 -0.012881
v 1.371150 1.358402 0.008147
v 1.400823 1.349818 -0.006019
v 1.401930 1.340965 -0.039871
v 1.395440 1.337688 -0.075875
v 1.366484 1.343297 -0.104718
v 1.287534 1.411006 -0.099828
v 1.259227 1.426085 -0.061178
v 1.308761 1.406333 -0.024655
v 1.357923 1.387363 -0.003598
v 1.384778 1.371871 -0.013163
v 1.384073 1.369218 -0.042878
v 1.383248 1.371332 -0.078429
v 1.364747 1.380015 -0.108357
v 1.294027 1.446770 -0.100339
v 1.266682 1.461805 -0.067524
v 1.277405 1.442272 -0.035454
v -1.391334 0.264643 0.015584
v -1.371179 0.279361 0.090415
v -1.362750 0.247924 0.100555
v -1.386746 0.239502 0.036796
v -1.372277 0.258559 0.087995
v -1.360792 0.181185 0.003421
v -1.284987 0.104997 -0.003825
v -1.387355 0.210608 0.009091
v -1.382731 0.219509 -0.029206
v -1.372635 0.246180 -0.060724
v -1.391175 0.235130 0.008657
v -1.388964 0.236995 -0.018437
v -1.386519 0.261089 -0.029554
v -1.382542 0.301516 -0.037014
v -1.372272 0.340843 -0.028871
v -1.295767 0.130860 0.068501
v -1.349989 0.202171 0.078574
v -1.371064 0.229847 0.076955
v -1.379722 0.250152 0.066290
v -1.382673 0.276833 0.057406
v -1.380488 0.312641 0.053110
v -1.372561 0.345159 0.042649
v -1.379129 0.335527 0.008634
v 1.358834 1.396574 -0.036928
v 1.358793 1.395106 -0.070957
v 1.319800 1.414003 -0.045824
v 1.296357 1.452059 -0.048473
v 1.289335 1.463869 -0.070376
v 1.302142 1.453770 -0.090769
v 1.326850 1.393739 -0.119641
v 1.354085 1.405307 -0.098357
v 1.329580 1.422848 -0.111079
v 1.320685 1.428424 -0.091727
v 1.337547 1.409502 -0.088480
v 1.331372 1.403113 -0.070113
v 1.312900 1.413525 -0.076188
v 1.302783 1.446878 -0.062400
v 1.302908 1.444728 -0.075156
v 1.307359 1.429561 -0.065082
v 1.277937 1.383923 -0.023631
v 1.270641 1.417746 -0.025394
v -1.353458 0.355829 0.096477
v -1.342253 0.176126 0.064051
v 1.269422 1.374465 -0.034736
v 1.282421 1.423368 -0.025229
v 1.304080 1.442041 -0.068202
v 0.932123 0.489088 0.018603
v 1.044744 0.612631 0.021615
v 0.947791 0.479659 0.110421
v 1.063153 0.600432 0.103523
v 1.101122 0.569743 -0.173204
v 1.059202 0.601023 -0.088906
v 0.947536 0.472033 -0.102870
v 0.982818 0.435597 -0.197141
v 0.785333 0.376398 0.119959
v 0.769045 0.396147 0.018527
v 0.789491 0.374391 -0.120664
v 0.827665 0.322747 -0.224760
v 0.646213 0.257349 -0.255046
v 0.603656 0.323820 -0.140855
v 0.434991 0.215372 -0.275962
v 0.399215 0.284290 -0.152705
v 0.379715 0.299754 0.017798
v 0.581794 0.345063 0.018536
v 0.600461 0.309666 0.129161
v 0.394621 0.257545 0.132114
v 0.151220 0.266265 0.018536
v 0.157285 0.223103 0.132344
v -0.129870 0.256021 0.024513
v -0.130798 0.213170 0.137088
v -0.116856 0.245290 -0.148372
v 0.168082 0.253834 -0.154423
v 0.188599 0.188683 -0.282060
v -0.108046 0.183938 -0.275635
v -0.439505 0.269014 -0.138044
v -0.432768 0.207044 -0.263250
v -0.454346 0.283746 0.036023
v -0.462281 0.240477 0.148956
v -0.776317 0.343468 0.047760
v -0.786313 0.298066 0.160149
v -0.764999 0.326871 -0.122540
v -0.764546 0.264381 -0.241273
v -1.063802 0.366834 -0.089015
v -1.071461 0.321362 -0.184082
v -1.064832 0.371523 0.049032
v -1.071164 0.334144 0.139524
v -1.250670 0.367156 0.045249
v -1.255579 0.345204 0.108196
v -1.252978 0.367592 -0.052061
v -1.259483 0.340160 -0.116434
v -1.328982 0.369882 -0.035264
v -1.335495 0.350388 -0.085316
v -1.326634 0.369560 0.046576
v -1.330336 0.357255 0.101885
v -1.357911 0.358705 0.056212
v -1.359543 0.357999 -0.045444
v -1.343651 0.304079 -0.089900
v -1.372928 0.317930 -0.059740
v -1.358229 0.328132 0.102996
v -1.336715 0.323348 0.118789
v -1.268386 0.304060 0.128816
v -1.090942 0.268254 0.175169
v -1.275347 0.285438 -0.124535
v -1.108338 0.242465 -0.207022
v -1.342275 0.283089 0.119913
v -1.363073 0.292704 0.104498
v -1.348429 0.252027 0.112333
v -1.366957 0.264040 0.100234
v -1.282225 0.254589 0.136052
v -1.295798 0.216286 0.130664
v -1.117866 0.183860 0.191247
v -1.144468 0.116398 0.184403
v -1.353915 0.255962 -0.079378
v -1.367229 0.219746 -0.053667
v -1.298935 0.222306 -0.108849
v -1.319712 0.177380 -0.076454
v -1.157162 0.140863 -0.185077
v -1.186621 0.067880 -0.132164
v -0.812657 0.163725 -0.281096
v -0.469006 0.091134 -0.311179
v -0.123023 0.054267 -0.327803
v 0.203130 0.050588 -0.333959
v 0.478160 0.076973 -0.324958
v 0.709323 0.133801 -0.304262
v 0.903836 0.227113 -0.277728
v 1.067522 0.366986 -0.249547
v 1.185438 0.518278 -0.215530
v 1.133555 0.569160 0.152788
v 1.029884 0.435523 0.172533
v 0.867625 0.306661 0.187169
v 0.670440 0.213388 0.196159
v 0.448281 0.147683 0.197832
v 0.188222 0.109896 0.194352
v -0.125741 0.106808 0.193363
v -0.476262 0.143686 0.202235
v -0.809493 0.209123 0.210907
v -0.842577 0.083683 0.234424
v -0.873641 -0.017306 0.222528
v -0.498599 -0.005692 0.226169
v -0.520885 -0.125611 0.211021
v -0.122423 -0.059887 0.219409
v -0.125820 -0.192180 0.201108
v 0.234158 -0.064415 0.225116
v 0.263878 -0.200860 0.204055
v 0.535562 -0.019653 0.230402
v 0.599072 -0.149994 0.207525
v 0.785210 0.065360 0.231545
v 0.870376 -0.052678 0.209537
v 1.000348 0.192067 0.224566
v 1.097191 0.096289 0.207967
v 1.161526 0.363285 0.206428
v 1.260207 0.301688 0.195321
v 1.242875 0.528602 0.177505
v 1.330592 0.495075 0.167357
v -1.378568 0.273857 -0.054637
v -1.369321 0.349810 0.008295
v 1.395721 0.454636 0.113966
v 1.322127 0.244666 0.133584
v 1.147874 0.028070 0.138109
v 0.907809 -0.131257 0.134848
v 0.622187 -0.235934 0.131571
v 0.267881 -0.287788 0.125681
v -0.143865 -0.278132 0.125086
v -0.553664 -0.207837 0.137435
v -0.913347 -0.092392 0.148539
v -1.180984 0.063663 0.126188
v -1.316738 0.186646 0.098393
v -1.357292 0.229385 0.092568
v -1.389011 0.284583 -0.011699
v -1.382208 0.324007 -0.012884
v -1.387310 0.291448 0.034297
v -1.381977 0.327927 0.029788
v -1.335176 0.155785 0.028103
v -1.376616 0.198646 0.027067
v -1.368391 0.209185 0.063400
v -1.380614 0.233245 0.058261
v -1.388544 0.223984 0.026406
v -1.330682 0.156461 -0.026649
v -1.376802 0.201611 -0.013803
v -1.200379 0.033626 -0.055599
v -1.376032 0.295294 0.073895
v -1.371154 0.329345 0.068622
v -1.205420 0.029162 0.034015
v -0.944581 -0.137766 0.033129
v -0.584707 -0.258451 0.022639
v -0.165443 -0.332852 0.012603
v 0.261689 -0.342875 0.014706
v 0.626275 -0.289940 0.023478
v 0.921551 -0.183808 0.028753
v 1.172392 -0.020578 0.032074
v 1.356664 0.198826 0.031664
v 1.436170 0.417775 0.026448
v 1.423228 0.412773 -0.074803
v 1.336953 0.193088 -0.085947
v 1.151065 -0.022097 -0.089562
v 0.250233 -0.330309 -0.109103
v -0.174959 -0.320861 -0.111859
v -0.591086 -0.247190 -0.102218
v -0.944471 -0.126988 -0.084918
v 1.377731 0.427130 -0.158588
v 1.285538 0.215919 -0.182957
v 1.193587 0.275804 -0.243745
v 1.297096 0.460832 -0.209305
v 1.102048 0.013365 -0.196973
v 1.016948 0.100078 -0.268094
v 0.862699 -0.130998 -0.205214
v 0.795855 -0.024223 -0.287171
v 0.581364 -0.222341 -0.215607
v 0.535512 -0.101478 -0.303153
v 0.902281 -0.178370 -0.091345
v -0.173135 -0.259214 -0.229208
v 0.236248 -0.267857 -0.228135
v -0.578167 -0.192034 -0.216209
v -0.927837 -0.078696 -0.189069
v -0.884946 0.024159 -0.260715
v -0.534354 -0.072551 -0.294147
v -0.153141 -0.128208 -0.311692
v 1.375551 0.588478 -0.126966
v 1.409479 0.590517 -0.054941
v 1.324360 0.593028 -0.169645
v 1.246974 0.624173 -0.178205
v 1.186487 0.667371 -0.148328
v 1.146838 0.703681 -0.071852
v 1.129419 0.710344 0.028809
v 1.141541 0.687585 0.098680
v 1.188055 0.658406 0.131936
v 1.263309 0.634721 0.148040
v 1.326947 0.624561 0.138531
v 1.384701 0.609545 0.092166
v 1.423150 0.587636 0.022957
v 1.259458 0.695362 -0.133498
v 1.325095 0.671577 -0.121114
v 1.326571 0.740346 -0.078943
v 1.375256 0.718180 -0.035744
v 1.260611 0.761784 -0.090620
v 1.205651 0.775056 -0.050021
v 1.210757 0.712965 0.107404
v 1.279508 0.690767 0.122226
v 1.299808 0.745157 0.100646
v 1.362338 0.720566 0.075945
v 1.226603 0.767004 0.086784
v 1.189142 0.778121 0.032772
v 1.390588 0.710286 0.022383
v 1.246701 0.839827 0.076220
v 1.215673 0.848318 0.031164
v 1.308966 0.825582 0.086355
v 1.359365 0.812053 0.065696
v 1.380740 0.805825 0.021228
v 1.371184 0.811028 -0.027633
v 1.331411 0.823375 -0.060906
v 1.273906 0.837879 -0.066001
v 1.228547 0.847748 -0.033286
v 1.378208 0.903927 -0.030140
v 1.340682 0.913453 -0.056493
v 1.349210 1.004792 -0.062580
v 1.386555 0.996906 -0.037515
v 1.285967 0.925908 -0.056879
v 1.297037 1.015267 -0.061435
v 1.243979 0.935184 -0.028694
v 1.257550 1.024883 -0.032666
v 1.232651 0.936290 0.027605
v 1.246705 1.029097 0.020231
v 1.261642 0.929806 0.068276
v 1.274246 1.024407 0.060360
v 1.317399 0.917963 0.077049
v 1.327684 1.011884 0.070818
v 1.363216 0.906251 0.058478
v 1.372989 0.999451 0.052207
v 1.385310 0.900422 0.016600
v 1.394871 0.993863 0.009192
v 1.268531 1.111856 -0.045739
v 1.256519 1.119906 0.007501
v 1.264390 1.202327 -0.010652
v 1.278087 1.191820 -0.064907
v 1.283708 1.118101 0.051463
v 1.292397 1.204225 0.036100
v 1.339492 1.105199 0.065444
v 1.350318 1.194766 0.051944
v 1.386672 1.091646 0.045958
v 1.398172 1.182145 0.034698
v 1.407360 1.084884 0.000430
v 1.416350 1.173183 -0.007769
v 1.395815 1.086600 -0.047464
v 1.402196 1.172412 -0.054109
v 1.357447 1.092854 -0.075216
v 1.365566 1.176243 -0.085346
v 1.306642 1.101702 -0.075865
v 1.316727 1.182473 -0.092070
v 1.404931 1.253638 0.023579
v 1.358811 1.263824 0.030653
v 1.418416 1.244564 -0.012041
v 1.403544 1.241600 -0.052973
v 1.372103 1.244463 -0.083252
v 1.327502 1.249788 -0.098241
v 1.289741 1.258146 -0.081548
v 1.275202 1.269446 -0.032712
v 1.302133 1.271616 0.009073
v 1.278839 1.320263 -0.051674
v 1.305335 1.322273 -0.015625
v 1.297510 1.306475 -0.091501
v 1.336479 1.297271 -0.096860
v 1.378013 1.290172 -0.077942
v 1.406351 1.287486 -0.050756
v 1.417319 1.292337 -0.014549
v 1.404074 1.300782 0.017061
v 1.361158 1.310996 0.012667
v 1.300996 1.362239 -0.020259
v 1.273665 1.360040 -0.066632
v 1.353834 1.348752 0.002575
v 1.395502 1.337512 0.009411
v 1.410302 1.329112 -0.019139
v 1.405303 1.322099 -0.054988
v 1.383175 1.323002 -0.085203
v 1.343110 1.331774 -0.106840
v 1.300670 1.343899 -0.103180
v 1.304449 1.382404 -0.112738
v 1.346688 1.367885 -0.118278
v 1.269978 1.399294 -0.078227
v 1.262733 1.405063 -0.037560
v 1.292637 1.395697 -0.019416
v 1.340547 1.381729 -0.005389
v 1.381702 1.368648 0.001391
v 1.395201 1.358862 -0.024651
v 1.393575 1.354105 -0.060659
v 1.381649 1.357570 -0.094851
v 1.309667 1.420521 -0.112209
v 1.272122 1.441381 -0.084470
v 1.261992 1.441861 -0.044669
v 1.336877 1.402112 -0.024997
v 1.299514 1.430288 -0.036891
v 1.372967 1.383547 -0.020960
v 1.373090 1.383919 -0.057652
v 1.368423 1.389144 -0.090962
v 1.346655 1.402205 -0.113353
v 1.285641 1.463425 -0.084128
v 1.313311 1.441244 -0.101843
v 1.278983 1.461605 -0.053485
v -1.386031 0.257311 0.044241
v -1.377077 0.265862 0.076478
v -1.390055 0.224129 -0.007978
v -1.384275 0.239866 -0.036808
v 1.342928 1.402110 -0.054873
v 1.346816 1.402617 -0.082401
v 1.306742 1.437768 -0.054182
v 1.315060 1.411734 -0.064089
v 1.297463 1.455952 -0.063743
v 1.304138 1.450622 -0.083308
v 1.338285 1.417005 -0.099620
v 1.323941 1.409942 -0.082571
v 0.609844 -0.278221 -0.098300
v 0.220394 -0.136701 -0.314687
v -1.372396 0.246379 0.084640
v 1.308461 1.427081 -0.078157
v -1.390731 0.248705 -0.007106
v -1.390654 0.245706 0.020244
v -1.354827 0.358142 0.080830
v -1.355785 0.344011 0.100402
v -1.346287 0.359485 0.101115
v -1.337555 0.163604 0.051090
v -1.330351 0.176271 0.077456
v -1.357241 0.194311 0.063043
v 1.266578 1.387682 -0.035816
v 1.269044 1.368442 -0.046764
v 1.279926 1.368259 -0.026687
v 1.287236 1.410965 -0.022288
v 1.290998 1.426163 -0.030036
v 1.270750 1.432412 -0.029684
v 1.305447 1.440182 -0.062393
v 1.305236 1.436168 -0.071986
v 1.301664 1.448442 -0.068095
v 0.934766 0.487293 0.071285
v 0.995600 0.552441 0.019472
v 0.937250 0.484262 -0.041493
v 0.856033 0.433385 0.018467
v 1.049600 0.608870 0.069148
v 1.086901 0.666364 0.024803
v 1.048104 0.610441 -0.033072
v 0.871240 0.420968 0.114756
v 0.977422 0.463348 0.142130
v 1.012568 0.542728 0.106746
v 1.104495 0.649732 0.100815
v 1.089705 0.587226 0.129738
v 1.135678 0.547752 -0.197731
v 1.047426 0.505222 -0.185369
v 1.077165 0.586687 -0.138186
v 1.146583 0.625134 -0.160805
v 1.009679 0.537727 -0.095977
v 1.102717 0.657735 -0.081061
v 0.873798 0.414176 -0.110721
v 0.962789 0.454959 -0.157447
v 0.908997 0.371297 -0.209832
v 1.015202 0.408192 -0.226367
v 0.771442 0.391222 0.078071
v 0.693822 0.340961 0.125079
v 0.815725 0.349078 0.153291
v 0.775832 0.390697 -0.050457
v 0.676015 0.369373 0.018608
v 0.807582 0.350614 -0.182096
v 0.698238 0.346374 -0.131206
v 0.739758 0.286061 -0.240355
v 0.857246 0.283883 -0.254641
v 0.625118 0.294080 -0.210162
v 0.672446 0.206348 -0.283688
v 0.545225 0.234492 -0.267395
v 0.587368 0.342253 -0.060247
v 0.504423 0.304027 -0.148417
v 0.453745 0.158566 -0.305141
v 0.315964 0.200074 -0.280824
v 0.418085 0.254807 -0.228218
v 0.287334 0.266821 -0.154459
v 0.384415 0.300408 -0.065381
v 0.483866 0.322197 0.018278
v 0.268959 0.280267 0.017688
v 0.383616 0.284682 0.086931
v 0.586353 0.333713 0.085128
v 0.501858 0.282024 0.131683
v 0.627397 0.270399 0.162288
v 0.279510 0.237487 0.131866
v 0.415314 0.213495 0.165149
v 0.151386 0.250398 0.087337
v 0.156785 0.268234 -0.065052
v 0.020332 0.258075 0.020694
v 0.022373 0.214847 0.133951
v 0.169402 0.178297 0.164402
v -0.125009 0.259388 -0.059062
v -0.290918 0.263460 0.029715
v -0.131709 0.239259 0.093009
v -0.294819 0.220803 0.142006
v -0.128390 0.171203 0.167092
v -0.109754 0.218537 -0.226278
v -0.278518 0.252323 -0.143231
v 0.035378 0.246324 -0.152445
v 0.180292 0.226254 -0.232464
v 0.048671 0.182778 -0.280165
v 0.195409 0.132876 -0.312722
v -0.112284 0.132259 -0.306220
v -0.271782 0.192061 -0.269616
v -0.448527 0.286806 -0.048735
v -0.432510 0.239412 -0.215138
v -0.601204 0.294238 -0.131564
v -0.443770 0.161191 -0.292043
v -0.595518 0.230585 -0.254486
v -0.458439 0.266186 0.105497
v -0.617148 0.312032 0.042387
v -0.467634 0.201388 0.177502
v -0.627880 0.267721 0.155737
v -0.927122 0.366988 0.050517
v -0.780311 0.324595 0.117030
v -0.771992 0.346841 -0.035987
v -0.795610 0.260651 0.187860
v -0.934950 0.323032 0.156607
v -0.760723 0.295428 -0.196200
v -0.922121 0.355031 -0.109012
v -0.780511 0.223793 -0.266618
v -0.927358 0.298089 -0.219256
v -1.064915 0.346384 -0.148398
v -1.178076 0.368836 -0.068162
v -1.064862 0.377088 -0.018888
v -1.185841 0.335088 -0.146293
v -1.085312 0.287983 -0.201735
v -1.176873 0.367952 0.046284
v -1.066127 0.355440 0.105063
v -1.079562 0.305720 0.160272
v -1.182269 0.339001 0.119764
v -1.251826 0.370328 -0.002768
v -1.296999 0.368051 0.045493
v -1.251318 0.358604 0.084676
v -1.261815 0.327006 0.121134
v -1.301475 0.351655 0.102881
v -1.255178 0.357889 -0.093119
v -1.299586 0.366730 -0.040999
v -1.266127 0.315609 -0.125680
v -1.305123 0.343089 -0.095707
v -1.327268 0.369084 0.005918
v -1.331737 0.365725 -0.068498
v -1.347016 0.369490 -0.036273
v -1.339665 0.328347 -0.090767
v -1.352877 0.357033 -0.072735
v -1.345098 0.367753 0.049737
v -1.327512 0.367039 0.080602
v -1.333828 0.342070 0.113567
v -1.362734 0.356325 0.029682
v -1.366215 0.345030 0.063380
v -1.367775 0.339462 -0.055644
v -1.362641 0.355016 -0.014685
v -1.315305 0.295397 -0.101350
v -1.348165 0.279360 -0.085258
v -1.362240 0.311563 -0.079571
v -1.376144 0.295396 -0.058987
v -1.378617 0.322352 -0.035736
v -1.363898 0.327926 0.086435
v -1.360690 0.310321 0.104337
v -1.350412 0.327445 0.114913
v -1.311314 0.315624 0.121224
v -1.339396 0.303038 0.120066
v -1.198179 0.288365 0.145490
v -1.275215 0.279032 0.133152
v -1.104108 0.226162 0.185173
v -0.957703 0.242311 0.202195
v -1.210713 0.269396 -0.159683
v -1.286497 0.253165 -0.117443
v -0.973796 0.206593 -0.252258
v -1.134351 0.191271 -0.201089
v -1.320040 0.272537 0.125160
v -1.354696 0.288919 0.114846
v -1.345302 0.265439 0.117582
v -1.369491 0.294732 0.090354
v -1.365216 0.276778 0.103219
v -1.359787 0.258712 0.107955
v -1.352233 0.240720 0.104037
v -1.328544 0.239411 0.118268
v -1.372025 0.266821 0.089598
v -1.369087 0.254053 0.094417
v -1.289168 0.232938 0.135796
v -1.218331 0.226084 0.156708
v -1.238376 0.177124 0.151912
v -1.304270 0.201800 0.118811
v -0.989668 0.134274 0.222782
v -1.131543 0.145791 0.191591
v -1.020685 0.047217 0.212991
v -1.159872 0.090686 0.164373
v -1.360429 0.235540 -0.069701
v -1.368669 0.265615 -0.070286
v -1.331580 0.242369 -0.089653
v -1.349082 0.203248 -0.062308
v -1.373095 0.208472 -0.034094
v -1.377759 0.230681 -0.046507
v -1.244592 0.190296 -0.139735
v -1.310669 0.195999 -0.096078
v -1.268949 0.134728 -0.098831
v -1.326303 0.164763 -0.052478
v -1.175132 0.097609 -0.161324
v -1.037121 0.082614 -0.230273
v -1.072869 -0.008238 -0.165797
v -1.194185 0.047832 -0.097092
v -0.639525 0.122395 -0.298935
v -0.850848 0.093930 -0.280522
v -0.297904 0.068804 -0.320058
v -0.501519 0.009134 -0.314075
v 0.046900 0.048028 -0.332932
v -0.137547 -0.036926 -0.332317
v 0.211534 -0.043999 -0.337403
v 0.346579 0.060664 -0.331197
v 0.506120 -0.014634 -0.327075
v 0.598774 0.100892 -0.315795
v 0.752055 0.052635 -0.308260
v 0.810709 0.175831 -0.291269
v 0.989256 0.290036 -0.263775
v 0.959661 0.162493 -0.285164
v 1.130182 0.320137 -0.258173
v 1.134345 0.446791 -0.233858
v 1.222435 0.578416 -0.196374
v 1.242034 0.487308 -0.221191
v 1.089878 0.506355 0.163015
v 1.187135 0.548772 0.169702
v 1.164939 0.620867 0.142284
v 0.955243 0.365884 0.180774
v 1.094733 0.400672 0.195881
v 0.771275 0.256335 0.192153
v 0.932133 0.253030 0.213593
v 0.563361 0.177334 0.198338
v 0.724681 0.143440 0.222128
v 0.323725 0.125013 0.196039
v 0.489653 0.067503 0.222229
v 0.039243 0.103454 0.193288
v 0.210793 0.026220 0.216491
v -0.299864 0.120153 0.195903
v -0.123526 0.027329 0.212077
v -0.486979 0.072838 0.219633
v -0.648338 0.174359 0.208517
v -0.825852 0.148472 0.227144
v -0.678314 0.035791 0.233209
v -0.858797 0.025007 0.232851
v -0.890645 -0.053143 0.196681
v -0.706115 -0.075479 0.219658
v -0.310834 -0.038380 0.219502
v -0.510206 -0.076857 0.222935
v -0.534188 -0.164942 0.184499
v -0.325079 -0.165309 0.202784
v 0.061089 -0.068976 0.222431
v -0.122999 -0.138502 0.215653
v 0.072097 -0.204579 0.202647
v -0.132303 -0.234272 0.172132
v 0.393432 -0.047531 0.227696
v 0.253469 -0.145583 0.220785
v 0.442034 -0.182255 0.205593
v 0.267859 -0.243758 0.172996
v 0.664753 0.018287 0.232072
v 0.575529 -0.097560 0.224713
v 0.740138 -0.106121 0.209093
v 0.612517 -0.191329 0.177068
v 0.897040 0.122855 0.228987
v 0.838338 -0.005224 0.226613
v 0.989492 0.013678 0.209086
v 0.890480 -0.090267 0.179291
v 1.059594 0.135808 0.222040
v 1.090167 0.272406 0.217356
v 1.123248 0.063660 0.180579
v 1.188940 0.193008 0.204079
v 1.220079 0.328558 0.205724
v 1.212929 0.452688 0.192803
v 1.291144 0.275961 0.172262
v 1.308316 0.407365 0.182734
v 1.293215 0.510190 0.176593
v 1.257593 0.589716 0.162071
v 1.362323 0.478233 0.147312
v 1.334361 0.566810 0.151765
v -1.381008 0.254837 -0.047106
v -1.384914 0.280307 -0.034440
v -1.376277 0.339068 -0.006408
v -1.376719 0.341181 0.023212
v 1.422950 0.431933 0.072089
v 1.396913 0.537591 0.102499
v 1.373375 0.357915 0.124888
v 1.346264 0.216167 0.084861
v 1.245713 0.129761 0.138505
v 1.165957 -0.002626 0.086594
v 1.033580 -0.059303 0.135766
v 0.919215 -0.165739 0.082553
v 0.770648 -0.189548 0.133926
v 0.627100 -0.272557 0.078039
v 0.456554 -0.269115 0.128562
v 0.265355 -0.323858 0.070216
v 0.064848 -0.291085 0.124124
v -0.156310 -0.314183 0.068924
v -0.352091 -0.250020 0.129284
v -0.572706 -0.242829 0.080069
v -0.742707 -0.154367 0.145275
v -0.933931 -0.124214 0.090041
v -1.060976 -0.020265 0.143439
v -1.268022 0.139323 0.107575
v -1.199077 0.041199 0.079513
v -1.341654 0.213907 0.094702
v -1.366568 0.238427 0.089908
v -1.362911 0.218660 0.078749
v -1.386618 0.305541 -0.013769
v -1.390133 0.264511 -0.008778
v -1.390073 0.287894 0.011806
v -1.383422 0.325123 0.008923
v -1.387564 0.272457 0.037835
v -1.382154 0.294247 0.055188
v -1.385403 0.311024 0.032117
v -1.377885 0.330105 0.049695
v -1.360693 0.181416 0.025824
v -1.333442 0.153220 0.000416
v -1.287579 0.109213 0.031601
v -1.385161 0.211494 0.028404
v -1.378069 0.198543 0.006740
v -1.373154 0.202125 0.046260
v -1.376063 0.221810 0.062635
v -1.384756 0.227621 0.042987
v -1.376400 0.239837 0.072165
v -1.383463 0.244682 0.051666
v -1.389472 0.235569 0.023033
v -1.390727 0.222698 0.009192
v -1.281169 0.108985 -0.038356
v -1.359150 0.184516 -0.018968
v -1.386237 0.213048 -0.010393
v -1.088188 -0.051178 -0.072933
v -1.204394 0.026867 -0.010843
v -1.377104 0.279257 0.075039
v -1.374002 0.312486 0.072079
v -1.090490 -0.060966 0.034729
v -0.947395 -0.137280 -0.024442
v -0.773914 -0.203006 0.029127
v -0.590542 -0.258605 -0.037306
v -0.380652 -0.302326 0.016263
v -0.171561 -0.334843 -0.046714
v 0.051733 -0.347284 0.011977
v 0.256708 -0.344979 -0.044014
v 0.456009 -0.322727 0.019102
v 0.620319 -0.290892 -0.034504
v 0.779213 -0.243854 0.026980
v 0.915633 -0.187379 -0.028547
v 1.052780 -0.109487 0.030038
v 1.167365 -0.026748 -0.026346
v 1.275362 0.082375 0.033179
v 1.353503 0.191511 -0.025455
v 1.411775 0.315164 0.028949
v 1.436043 0.411581 -0.022626
v 1.437433 0.508114 0.024379
v 1.402274 0.418805 -0.122613
v 1.426475 0.506048 -0.065462
v 1.394974 0.309013 -0.081965
v 1.312479 0.201806 -0.141289
v 1.254030 0.078287 -0.088047
v 1.032377 -0.107753 -0.090620
v 1.127842 -0.008200 -0.149221
v 0.042450 -0.335614 -0.111997
v 0.243127 -0.303168 -0.172999
v 0.441622 -0.309620 -0.104198
v -0.175523 -0.294466 -0.175226
v -0.390102 -0.290052 -0.108623
v -0.776385 -0.192695 -0.093898
v -0.586806 -0.224802 -0.164412
v -0.937416 -0.107318 -0.141920
v 1.386428 0.514649 -0.142831
v 1.345441 0.327145 -0.172533
v 1.344404 0.440292 -0.186296
v 1.202811 0.106857 -0.190794
v 1.248464 0.239295 -0.215570
v 1.257185 0.373297 -0.228182
v 1.111706 0.180637 -0.256784
v 1.317946 0.535160 -0.189123
v 1.067232 0.047744 -0.235651
v 0.987319 -0.065579 -0.201709
v 0.911076 0.032375 -0.278086
v 0.883851 -0.158877 -0.152585
v 0.727583 -0.183162 -0.209258
v 0.834732 -0.088268 -0.249865
v 0.670822 -0.069060 -0.295484
v 0.596356 -0.254510 -0.160977
v 0.419201 -0.250063 -0.222491
v 0.562030 -0.173926 -0.262796
v 0.386509 -0.123389 -0.309711
v 0.761272 -0.234881 -0.093363
v -0.382410 -0.231683 -0.223982
v -0.166204 -0.206623 -0.274473
v 0.037227 -0.272111 -0.230916
v 0.228901 -0.215370 -0.275151
v -0.760084 -0.140845 -0.204900
v -0.561805 -0.143184 -0.258991
v -0.911695 -0.036434 -0.228093
v -0.713177 -0.029297 -0.280607
v -0.347876 -0.105541 -0.303715
v 0.039674 -0.139084 -0.316031
v 1.391245 0.593425 -0.094146
v 1.355541 0.585178 -0.152450
v 1.352605 0.642745 -0.117544
v 1.387365 0.662466 -0.044587
v 1.422650 0.586379 -0.014268
v 1.286630 0.607527 -0.178310
v 1.324142 0.637485 -0.147950
v 1.211542 0.643832 -0.168489
v 1.259249 0.661253 -0.158189
v 1.223293 0.692199 -0.138363
v 1.166642 0.689188 -0.116517
v 1.132592 0.710762 -0.021141
v 1.183753 0.741805 -0.061448
v 1.133631 0.702571 0.071061
v 1.165699 0.746840 0.032007
v 1.158049 0.670994 0.117145
v 1.176294 0.709995 0.099937
v 1.225246 0.647191 0.142438
v 1.203221 0.687273 0.120667
v 1.298468 0.625632 0.147238
v 1.267966 0.667207 0.134922
v 1.308585 0.666492 0.128427
v 1.353956 0.622276 0.120609
v 1.410620 0.595091 0.058012
v 1.369653 0.670527 0.083228
v 1.403980 0.655355 0.022266
v 1.256835 0.728279 -0.109262
v 1.293791 0.685581 -0.129243
v 1.326233 0.703224 -0.095869
v 1.295231 0.752976 -0.087753
v 1.327749 0.781033 -0.068051
v 1.353592 0.727534 -0.062253
v 1.370686 0.765190 -0.029672
v 1.388583 0.712394 -0.005503
v 1.228741 0.768550 -0.080417
v 1.267423 0.797708 -0.076541
v 1.192173 0.779010 -0.009076
v 1.218569 0.808636 -0.039868
v 1.245103 0.704040 0.116396
v 1.216578 0.738527 0.095119
v 1.292074 0.713912 0.110589
v 1.334409 0.731988 0.095546
v 1.304755 0.782910 0.092525
v 1.262539 0.757639 0.096106
v 1.381697 0.712722 0.049129
v 1.359871 0.765722 0.070155
v 1.237692 0.800178 0.080963
v 1.199604 0.773686 0.067425
v 1.204288 0.810006 0.032145
v 1.382873 0.758440 0.022357
v 1.277036 0.832892 0.083837
v 1.254421 0.883766 0.072133
v 1.224175 0.845324 0.059874
v 1.224669 0.891072 0.029695
v 1.218146 0.849046 -0.002394
v 1.337930 0.818451 0.081174
v 1.312996 0.871242 0.081429
v 1.373544 0.807480 0.044266
v 1.360565 0.859062 0.061995
v 1.380203 0.807027 -0.002908
v 1.382211 0.852974 0.019232
v 1.354610 0.816815 -0.048461
v 1.374456 0.856879 -0.028249
v 1.303779 0.830474 -0.066306
v 1.336180 0.867479 -0.057168
v 1.280080 0.881034 -0.059335
v 1.247070 0.844126 -0.056243
v 1.236660 0.890547 -0.029738
v 1.362923 0.908364 -0.048132
v 1.382292 0.950994 -0.033248
v 1.385888 0.900995 -0.007051
v 1.314144 0.919275 -0.058363
v 1.344998 0.959743 -0.058444
v 1.353349 1.049023 -0.068352
v 1.371068 1.000589 -0.054523
v 1.323645 1.009643 -0.064083
v 1.391047 1.041995 -0.042425
v 1.394785 0.994433 -0.015096
v 1.260972 0.931746 -0.048252
v 1.291606 0.971114 -0.057843
v 1.273600 1.020677 -0.051880
v 1.302101 1.058690 -0.067496
v 1.234651 0.936580 -0.002107
v 1.250833 0.980387 -0.029790
v 1.263619 1.068697 -0.037817
v 1.248660 1.027738 -0.007420
v 1.240730 0.934103 0.053410
v 1.239901 0.982717 0.024561
v 1.254347 1.028229 0.044691
v 1.252449 1.074977 0.014562
v 1.289245 0.924168 0.075169
v 1.268279 0.977001 0.064426
v 1.300620 1.018627 0.068612
v 1.279428 1.071586 0.056048
v 1.343067 0.911791 0.072093
v 1.322265 0.965069 0.073436
v 1.352716 1.005163 0.065756
v 1.333484 1.058547 0.068413
v 1.377434 0.902183 0.039036
v 1.367347 0.953192 0.055199
v 1.387407 0.995450 0.032557
v 1.379608 1.045459 0.049222
v 1.389657 0.947581 0.013273
v 1.400816 1.039540 0.004771
v 1.259518 1.116266 -0.020395
v 1.273087 1.153262 -0.055184
v 1.284069 1.106919 -0.065304
v 1.263320 1.121083 0.033079
v 1.260103 1.162738 -0.000915
v 1.268229 1.197079 -0.039564
v 1.270977 1.205423 0.016384
v 1.269412 1.238091 -0.021365
v 1.283612 1.226969 -0.073997
v 1.294181 1.186851 -0.083476
v 1.311245 1.112345 0.062353
v 1.287796 1.162723 0.045262
v 1.321295 1.200187 0.048088
v 1.297261 1.241043 0.024022
v 1.365587 1.097890 0.060168
v 1.345253 1.150913 0.060444
v 1.376824 1.188554 0.047528
v 1.354800 1.233491 0.041497
v 1.401134 1.087100 0.025237
v 1.393190 1.137408 0.041441
v 1.412101 1.176651 0.015563
v 1.401968 1.222129 0.027991
v 1.405527 1.084789 -0.024968
v 1.413029 1.129548 -0.003772
v 1.412516 1.171764 -0.032070
v 1.417939 1.212589 -0.010785
v 1.399864 1.130234 -0.051677
v 1.379397 1.089546 -0.064924
v 1.386257 1.174211 -0.072373
v 1.403270 1.210434 -0.054596
v 1.361516 1.135518 -0.081453
v 1.332388 1.096811 -0.078732
v 1.341823 1.178875 -0.092192
v 1.369220 1.213177 -0.086183
v 1.311302 1.143298 -0.084678
v 1.322325 1.218284 -0.096953
v 1.416970 1.248435 0.007427
v 1.405989 1.279059 0.020318
v 1.384733 1.259119 0.032595
v 1.330249 1.267931 0.021548
v 1.361286 1.288687 0.020635
v 1.412773 1.242221 -0.032836
v 1.418102 1.270637 -0.012857
v 1.390172 1.242436 -0.070446
v 1.404183 1.266940 -0.051079
v 1.350743 1.247106 -0.092236
v 1.374828 1.270122 -0.079517
v 1.305970 1.253228 -0.096325
v 1.332229 1.276334 -0.097641
v 1.279318 1.263800 -0.058734
v 1.294900 1.284825 -0.087426
v 1.281453 1.272810 -0.008452
v 1.279197 1.296726 -0.043285
v 1.305371 1.298005 -0.005293
v 1.276278 1.341041 -0.059062
v 1.284386 1.312900 -0.074203
v 1.284583 1.324683 -0.030089
v 1.333419 1.316543 -0.003100
v 1.303414 1.343869 -0.020942
v 1.298968 1.325398 -0.096006
v 1.315708 1.301196 -0.100182
v 1.340142 1.314964 -0.098919
v 1.357891 1.293873 -0.087469
v 1.394836 1.287574 -0.066348
v 1.381010 1.307002 -0.079510
v 1.407556 1.305212 -0.052045
v 1.413524 1.289282 -0.032908
v 1.415059 1.296292 0.002662
v 1.415056 1.311288 -0.016762
v 1.385670 1.305716 0.022460
v 1.400230 1.319901 0.013521
v 1.358612 1.330952 0.006672
v 1.327382 1.355905 -0.011742
v 1.297573 1.378983 -0.018207
v 1.271423 1.378909 -0.073361
v 1.283976 1.351209 -0.087663
v 1.377495 1.342161 0.012892
v 1.347566 1.365358 -0.000989
v 1.406792 1.333573 -0.002917
v 1.389467 1.353724 0.005208
v 1.408862 1.324998 -0.037186
v 1.403527 1.345180 -0.021746
v 1.397462 1.321178 -0.071382
v 1.400381 1.338333 -0.058291
v 1.364403 1.326793 -0.096879
v 1.383667 1.339437 -0.091494
v 1.345315 1.348985 -0.115125
v 1.321223 1.337593 -0.110476
v 1.302528 1.362669 -0.109824
v 1.306731 1.402042 -0.113131
v 1.324892 1.374936 -0.120782
v 1.285949 1.390465 -0.097451
v 1.347158 1.386336 -0.117340
v 1.366665 1.361885 -0.108531
v 1.269991 1.420387 -0.081754
v 1.260813 1.405342 -0.057463
v 1.273939 1.401000 -0.023289
v 1.260375 1.423995 -0.040376
v 1.315836 1.389243 -0.016572
v 1.363569 1.374436 0.003983
v 1.335932 1.394951 -0.012698
v 1.392921 1.363683 -0.009407
v 1.375204 1.379512 -0.006010
v 1.393700 1.355298 -0.042386
v 1.385092 1.371278 -0.025254
v 1.384580 1.369328 -0.060857
v 1.390875 1.354967 -0.078479
v 1.376707 1.374954 -0.094824
v 1.312210 1.434652 -0.108829
v 1.328971 1.410579 -0.116589
v 1.290223 1.431100 -0.101180
v 1.260874 1.446567 -0.064744
v 1.277097 1.457364 -0.085540
v 1.268042 1.455463 -0.049390
v 1.357379 1.394285 -0.018598
v 1.340251 1.404176 -0.039862
v 1.316056 1.412341 -0.033359
v 1.305564 1.434552 -0.045153
v 1.287179 1.449020 -0.041597
v 1.372946 1.383949 -0.039496
v 1.372038 1.385103 -0.074961
v 1.359181 1.395605 -0.054502
v 1.360533 1.395145 -0.104233
v 1.358044 1.398809 -0.085932
v 1.344067 1.413193 -0.107164
v 1.277584 1.466816 -0.068886
v 1.295430 1.460774 -0.082597
v 1.298952 1.454033 -0.096138
v 1.311208 1.444999 -0.092816
v 1.326996 1.427939 -0.102564
v 1.290296 1.461397 -0.057941
v -1.389141 0.251549 0.029305
v -1.381838 0.262309 0.061238
v -1.375618 0.254953 0.079312
v -1.390729 0.235725 -0.006801
v -1.387561 0.229459 -0.023758
v -1.388144 0.246231 -0.023897
v 1.345064 1.400171 -0.069298
v 1.327249 1.406475 -0.058243
v 1.345462 1.408533 -0.092927
v 1.335270 1.404887 -0.081053
v 1.312022 1.422782 -0.056787
v 1.301222 1.450792 -0.056444
v 1.318240 1.406747 -0.073536
v 1.308189 1.418424 -0.071149
v 1.297693 1.455233 -0.073544
v 1.309303 1.437786 -0.082937
v 1.331008 1.415350 -0.091247
v 1.314461 1.417449 -0.082942
v -1.391684 0.248220 0.009098
vn -0.3094 0.9318 0.1898
vn -0.7712 0.6152 0.1639
vn -0.7909 0.5210 0.3210
vn -0.3279 0.7590 0.5625
vn -0.9062 0.3412 0.2498
vn -0.8662 0.2983 0.4009
vn -0.4423 0.4146 0.7953
vn -0.7207 -0.6317 0.2857
vn -0.6863 -0.6573 0.3112
vn -0.6716 -0.5762 0.4657
vn -0.6853 -0.5499 0.4775
vn -0.6508 -0.6363 0.4142
vn -0.6245 -0.5410 0.5633
vn -0.6248 -0.4961 0.6029
vn -0.5139 -0.1345 0.8472
vn -0.8978 -0.1809 0.4015
vn -0.8602 -0.2370 0.4515
vn -0.5876 -0.2466 0.7706
vn -0.9760 -0.2070 -0.0682
vn -0.9561 -0.2722 0.1087
vn -0.8247 -0.2001 0.5290
vn -0.5224 0.1208 0.8441
vn 0.0187 0.2677 0.9633
vn 0.0631 0.3688 0.9274
vn -0.3859 0.3993 0.8317
vn 0.1460 0.5293 0.8358
vn 0.2788 0.4730 0.8358
vn -0.0532 0.5797 0.8131
vn 0.9070 0.4168 -0.0599
vn 0.9434 0.3172 -0.0973
vn 0.9520 0.2950 -0.0811
vn 0.9016 0.4282 -0.0618
vn 0.9548 0.2643 -0.1359
vn 0.9685 0.2262 0.1041
vn 0.9169 0.3421 0.2057
vn -0.4880 0.8445 0.2206
vn -0.6284 0.7486 0.2115
vn -0.6502 0.7593 -0.0246
vn -0.4964 0.8678 -0.0251
vn -0.7071 0.6671 0.2344
vn -0.7405 0.6721 -0.0040
vn -0.7337 0.6568 -0.1738
vn -0.6435 0.7427 -0.1851
vn -0.4871 0.8520 -0.1922
vn -0.7794 0.6260 0.0260
vn -0.7700 0.6161 -0.1660
vn -0.7368 0.6178 0.2748
vn -0.7076 0.6317 0.3166
vn -0.7531 0.6556 0.0550
vn -0.7385 0.6544 -0.1625
vn -0.4209 0.7146 0.5588
vn -0.5305 0.6482 0.5463
vn -0.3063 0.5136 0.8015
vn -0.3694 0.4733 0.7997
vn -0.3988 0.4384 0.8054
vn -0.5861 0.5858 0.5597
vn -0.3763 0.4272 0.8222
vn -0.5666 0.5438 0.6191
vn -0.5991 0.5432 0.5882
vn -0.4019 0.4182 0.8146
vn -0.1773 0.4168 -0.8915
vn -0.2203 0.3968 -0.8911
vn -0.4307 0.5067 -0.7468
vn -0.3780 0.5247 -0.7628
vn -0.2456 0.3920 -0.8866
vn -0.4502 0.5239 -0.7230
vn -0.6136 0.6086 -0.5031
vn -0.6144 0.5807 -0.5341
vn -0.5595 0.6096 -0.5616
vn -0.6962 0.6395 -0.3261
vn -0.7192 0.6053 -0.3412
vn -0.6753 0.6433 -0.3609
vn -0.4259 0.7530 -0.5016
vn -0.4683 0.8169 -0.3367
vn -0.6167 0.7167 -0.3256
vn -0.5558 0.6708 -0.4909
vn -0.1754 0.4248 -0.8882
vn -0.3186 0.6164 -0.7201
vn -0.4193 0.5630 -0.7122
vn -0.2364 0.4015 -0.8848
vn -0.3013 0.7448 0.5953
vn -0.2310 0.5339 0.8134
vn -0.3428 0.9026 0.2604
vn -0.2720 0.9101 0.3125
vn -0.2317 0.7311 0.6417
vn -0.1771 0.5226 0.8340
vn -0.3385 0.9410 -0.0040
vn -0.2654 0.9637 0.0286
vn -0.3227 0.9277 -0.1878
vn -0.2405 0.9548 -0.1747
vn -0.3060 0.8869 -0.3461
vn -0.2138 0.9122 -0.3494
vn -0.2749 0.8089 -0.5197
vn -0.1773 0.8244 -0.5374
vn -0.0335 0.4146 -0.9094
vn -0.1084 0.6418 -0.7591
vn -0.1952 0.6472 -0.7369
vn -0.0946 0.4335 -0.8962
vn -0.1137 0.8313 -0.5441
vn -0.1287 0.8271 -0.5471
vn -0.0613 0.6241 -0.7789
vn -0.0467 0.6123 -0.7892
vn 0.0007 0.3852 -0.9228
vn 0.0105 0.3613 -0.9324
vn -0.1967 0.9721 -0.1281
vn -0.2100 0.9657 -0.1529
vn -0.1743 0.9235 -0.3417
vn -0.1622 0.9320 -0.3241
vn 0.0042 0.3509 -0.9364
vn -0.0486 0.6152 -0.7869
vn -0.0084 0.3541 -0.9352
vn -0.0503 0.6295 -0.7754
vn -0.0947 0.8584 -0.5042
vn -0.1095 0.8424 -0.5276
vn -0.1524 0.9415 -0.3005
vn -0.1231 0.9531 -0.2764
vn -0.1384 0.9863 -0.0897
vn -0.1787 0.9781 -0.1068
vn -0.2129 0.9016 0.3766
vn -0.2173 0.9718 0.0919
vn -0.1896 0.9760 0.1071
vn -0.1801 0.9060 0.3830
vn -0.1430 0.9830 0.1149
vn -0.1335 0.9147 0.3815
vn -0.2383 0.9691 0.0639
vn -0.2407 0.9037 0.3541
vn -0.1959 0.7119 0.6745
vn -0.1442 0.5048 0.8511
vn -0.1697 0.7044 0.6892
vn -0.1231 0.4918 0.8620
vn -0.1425 0.7072 0.6925
vn -0.1031 0.4847 0.8686
vn -0.1044 0.7162 0.6900
vn -0.0747 0.4839 0.8719
vn -0.0284 0.9250 0.3789
vn -0.0798 0.9216 0.3798
vn -0.0872 0.9887 0.1219
vn -0.0342 0.9909 0.1304
vn -0.0863 0.9933 -0.0770
vn -0.0351 0.9971 -0.0670
vn -0.0155 0.7311 0.6821
vn -0.0597 0.7246 0.6865
vn -0.0063 0.4837 0.8752
vn -0.0408 0.4842 0.8740
vn 0.0172 0.9981 -0.0594
vn 0.0207 0.9900 0.1398
vn 0.0800 0.9950 -0.0592
vn 0.0886 0.9852 0.1466
vn 0.0906 0.9202 0.3809
vn 0.0249 0.9252 0.3787
vn 0.0302 0.7354 0.6769
vn 0.0292 0.4832 0.8750
vn 0.0847 0.7335 0.6744
vn 0.0698 0.4819 0.8734
vn -0.0336 0.8826 -0.4689
vn 0.0038 0.8898 -0.4564
vn 0.0109 0.9698 -0.2435
vn -0.0354 0.9679 -0.2488
vn 0.0446 0.8911 -0.4515
vn 0.0632 0.9665 -0.2489
vn -0.0682 0.8722 -0.4844
vn -0.0809 0.9624 -0.2593
vn -0.0205 0.3787 -0.9253
vn -0.0277 0.6620 -0.7490
vn -0.0443 0.6459 -0.7622
vn -0.0186 0.3649 -0.9308
vn -0.0053 0.6768 -0.7361
vn -0.0158 0.3903 -0.9205
vn -0.0056 0.3970 -0.9178
vn 0.0210 0.6869 -0.7265
vn 0.1771 0.9811 -0.0773
vn 0.1389 0.9879 -0.0685
vn 0.1147 0.9570 -0.2664
vn 0.1543 0.9463 -0.2842
vn 0.0865 0.8849 -0.4576
vn 0.1230 0.8749 -0.4684
vn 0.0035 0.3988 -0.9170
vn 0.0482 0.6893 -0.7229
vn 0.0038 0.3964 -0.9181
vn 0.0699 0.6855 -0.7247
vn 0.1778 0.9004 0.3970
vn 0.1483 0.9099 0.3874
vn 0.1502 0.9773 0.1496
vn 0.1850 0.9707 0.1533
vn 0.1145 0.4791 0.8703
vn 0.1028 0.4800 0.8712
vn 0.1307 0.7240 0.6773
vn 0.1515 0.7146 0.6829
vn 0.0976 0.9932 -0.0634
vn 0.0946 0.9809 0.1699
vn 0.1757 0.9713 0.1605
vn 0.1733 0.9818 -0.0771
vn 0.0798 0.9096 0.4078
vn 0.1636 0.8996 0.4050
vn -0.0083 0.5000 0.8660
vn 0.0869 0.4847 0.8704
vn 0.1309 0.7163 0.6854
vn 0.0419 0.7311 0.6810
vn 0.1274 0.8696 -0.4770
vn 0.1573 0.9436 -0.2914
vn 0.0671 0.8772 -0.4755
vn 0.0933 0.9557 -0.2792
vn -0.0243 0.3955 -0.9182
vn 0.0621 0.6822 -0.7285
vn -0.1122 0.4002 -0.9095
vn -0.0095 0.6851 -0.7284
vn -0.0174 0.8908 -0.4541
vn 0.0107 0.9717 -0.2360
vn -0.0840 0.9011 -0.4255
vn -0.0356 0.9830 -0.1804
vn -0.0287 0.9996 -0.0024
vn 0.0065 0.9995 -0.0325
vn -0.3306 0.3353 -0.8822
vn -0.2033 0.6629 -0.7205
vn -0.1117 0.6826 -0.7222
vn -0.2296 0.3855 -0.8937
vn 0.0009 0.9844 0.1762
vn -0.0135 0.9161 0.4008
vn -0.0213 0.9854 0.1688
vn -0.0262 0.9222 0.3858
vn -0.1257 0.4916 0.8617
vn -0.1097 0.5056 0.8558
vn -0.0549 0.7408 0.6695
vn -0.0672 0.7428 0.6661
vn 0.0055 0.9907 0.1359
vn 0.0221 0.9338 0.3571
vn -0.0249 0.9997 0.0024
vn 0.0126 0.9999 -0.0045
vn 0.0421 0.9955 0.0845
vn 0.0834 0.9468 0.3110
vn 0.0067 0.4529 0.8915
vn -0.0740 0.4720 0.8785
vn -0.0115 0.7460 0.6658
vn 0.0703 0.7527 0.6546
vn -0.1258 0.9017 -0.4137
vn -0.0486 0.9883 -0.1447
vn -0.0462 0.9030 -0.4272
vn 0.0221 0.9931 -0.1153
vn -0.2750 0.6254 -0.7302
vn -0.4033 0.2709 -0.8740
vn -0.3779 0.2031 -0.9033
vn -0.2347 0.5765 -0.7826
vn -0.3843 0.9232 0.0040
vn -0.0372 0.9993 0.0049
vn 0.0061 0.9980 -0.0625
vn -0.3689 0.9285 -0.0423
vn -0.0446 0.9102 -0.4117
vn -0.3140 0.9081 -0.2769
vn -0.3926 0.1819 -0.9016
vn -0.2523 0.5539 -0.7934
vn -0.6922 0.2719 -0.6685
vn -0.5736 0.6218 -0.5332
vn -0.0165 0.9993 0.0338
vn -0.3358 0.9417 0.0211
vn 0.0592 0.9660 0.2516
vn 0.0772 0.7701 0.6332
vn -0.0103 0.4354 0.9002
vn -0.6520 0.7576 0.0291
vn -0.6935 0.7136 0.0996
vn -0.8244 0.5459 0.1497
vn -0.8472 0.4703 0.2471
vn -0.7474 0.6493 -0.1406
vn -0.7208 0.6923 -0.0348
vn -0.8831 0.3748 -0.2823
vn -0.8723 0.4696 -0.1364
vn -0.4378 -0.0133 -0.8990
vn -0.6965 0.0773 -0.7134
vn -0.4416 0.0016 -0.8972
vn -0.4700 -0.0555 -0.8809
vn -0.4676 -0.0889 -0.8795
vn -0.6986 -0.0320 -0.7147
vn -0.9042 0.1940 -0.3806
vn -0.9380 0.2731 -0.2133
vn -0.9058 0.0682 -0.4182
vn -0.9610 0.1301 -0.2442
vn -0.8753 0.1928 0.4435
vn -0.5365 0.1852 0.8233
vn -0.9085 0.2487 0.3360
vn -0.9080 0.1795 0.3785
vn -0.8557 0.1386 0.4985
vn -0.5698 0.0848 0.8174
vn -0.1501 0.1200 0.9814
vn -0.0738 0.2280 0.9709
vn -0.1302 0.1846 0.9741
vn -0.2231 0.0685 0.9724
vn -0.2108 0.2326 0.9495
vn -0.1756 0.3172 0.9319
vn -0.1328 0.2773 0.9516
vn -0.1815 0.1875 0.9653
vn -0.1562 0.3399 0.9274
vn -0.0514 0.3347 0.9409
vn -0.1904 0.2390 0.9522
vn -0.0882 0.2113 0.9734
vn -0.4205 0.1124 -0.9003
vn -0.4759 0.0563 -0.8777
vn -0.4793 -0.0072 -0.8776
vn -0.5099 -0.0195 -0.8600
vn -0.1998 0.1720 -0.9646
vn -0.3254 0.1622 -0.9316
vn -0.2820 -0.0296 -0.9589
vn -0.4046 -0.0045 -0.9145
vn -0.3478 -0.0985 0.9324
vn -0.2330 0.0437 0.9715
vn -0.2988 -0.0044 0.9543
vn -0.3845 -0.1376 0.9128
vn -0.5822 0.0283 0.8126
vn -0.6056 -0.0746 0.7923
vn -0.8395 0.0933 0.5353
vn -0.8367 0.0261 0.5470
vn -0.9108 0.1225 0.3943
vn -0.9157 0.0654 0.3964
vn -0.6361 -0.2204 0.7395
vn -0.4684 -0.3077 0.8282
vn -0.6757 -0.3383 0.6550
vn -0.5323 -0.4246 0.7324
vn -0.5391 -0.4036 0.7393
vn -0.4662 -0.2785 0.8397
vn -0.9189 -0.0018 0.3944
vn -0.8403 -0.0709 0.5374
vn -0.9185 -0.0624 0.3904
vn -0.8534 -0.1656 0.4942
vn -0.2421 0.1182 0.9630
vn -0.3452 -0.0246 0.9382
vn -0.3279 0.0155 0.9446
vn -0.2499 0.1596 0.9550
vn -0.5438 -0.4055 0.7348
vn -0.4468 -0.2078 0.8702
vn -0.4712 -0.2275 0.8522
vn -0.5578 -0.3894 0.7330
vn -0.1781 -0.0599 0.9822
vn -0.1233 0.0941 0.9879
vn -0.2233 0.1455 0.9638
vn -0.2845 -0.0018 0.9587
vn -0.3772 -0.5279 0.7610
vn -0.2783 -0.3008 0.9122
vn -0.3923 -0.2335 0.8897
vn -0.4922 -0.4494 0.7455
vn -0.6048 -0.2724 -0.7484
vn -0.6387 -0.2687 -0.7210
vn -0.5357 -0.1432 -0.8322
vn -0.5143 -0.1087 -0.8507
vn -0.7812 -0.1837 -0.5967
vn -0.7299 -0.1007 -0.6762
vn -0.7113 -0.4145 -0.5676
vn -0.8198 -0.2804 -0.4993
vn -0.6774 -0.4557 -0.5775
vn -0.7050 -0.5784 -0.4104
vn -0.7389 -0.5324 -0.4130
vn -0.8461 -0.3796 -0.3742
vn -0.5246 -0.1228 -0.8425
vn -0.5386 -0.0951 -0.8372
vn -0.5892 -0.3051 -0.7482
vn -0.6053 -0.2758 -0.7467
vn -0.6687 -0.4718 -0.5746
vn -0.6962 -0.5938 -0.4033
vn -0.6511 -0.4947 -0.5756
vn -0.6811 -0.6122 -0.4016
vn -0.4235 -0.4189 -0.8033
vn -0.5369 -0.3522 -0.7666
vn -0.4691 -0.1659 -0.8674
vn -0.3544 -0.2250 -0.9076
vn -0.6000 -0.5374 -0.5926
vn -0.6333 -0.6557 -0.4112
vn -0.4872 -0.6090 -0.6259
vn -0.5232 -0.7357 -0.4301
vn -0.0975 0.1605 -0.9822
vn -0.1704 -0.0588 -0.9836
vn -0.0526 0.1585 -0.9860
vn -0.1113 -0.0699 -0.9913
vn -0.0356 0.1606 -0.9864
vn -0.0787 -0.0744 -0.9941
vn -0.0302 0.1616 -0.9864
vn -0.0591 -0.0780 -0.9952
vn -0.0271 0.1600 -0.9867
vn -0.0422 -0.0829 -0.9957
vn -0.0165 0.1528 -0.9881
vn -0.0151 -0.0921 -0.9956
vn 0.0464 -0.1062 -0.9933
vn 0.0171 -0.1020 -0.9946
vn -0.0000 0.1426 -0.9898
vn 0.0192 0.1370 -0.9904
vn 0.0979 -0.0806 -0.9919
vn 0.0736 -0.0999 -0.9923
vn 0.0372 0.1417 -0.9892
vn 0.0485 0.1584 -0.9862
vn 0.1188 -0.0153 -0.9928
vn 0.1140 -0.0503 -0.9922
vn 0.0474 0.1849 -0.9816
vn 0.0294 0.2149 -0.9762
vn -0.0042 0.2389 -0.9710
vn -0.0458 0.2474 -0.9678
vn 0.1117 0.0483 -0.9926
vn 0.1161 0.0184 -0.9931
vn 0.1327 0.1288 -0.9827
vn 0.1132 0.0803 -0.9903
vn -0.0733 0.2502 -0.9654
vn -0.0675 0.2681 -0.9610
vn -0.0393 0.2985 -0.9536
vn 0.1632 0.1928 -0.9676
vn 0.0031 0.3346 -0.9423
vn 0.1984 0.2622 -0.9444
vn -0.2488 0.3260 0.9120
vn -0.2474 0.3269 0.9121
vn -0.1203 0.2430 0.9625
vn -0.1148 0.2643 0.9576
vn -0.1012 0.3036 0.9474
vn -0.2302 0.3537 0.9066
vn -0.2061 0.3598 0.9100
vn -0.2363 0.3391 0.9106
vn -0.1012 0.2232 0.9695
vn -0.1154 0.2308 0.9661
vn -0.1672 0.3739 0.9123
vn -0.0850 0.2164 0.9726
vn -0.1335 0.3710 0.9190
vn -0.0692 0.2059 0.9761
vn -0.1094 0.3591 0.9268
vn -0.0579 0.1914 0.9798
vn -0.0953 0.3441 0.9341
vn -0.0554 0.1757 0.9829
vn -0.0602 0.3247 0.9439
vn -0.0818 0.3314 0.9399
vn -0.0428 0.1650 0.9854
vn -0.0534 0.1657 0.9847
vn -0.0341 0.3198 0.9469
vn -0.0277 0.1667 0.9856
vn -0.0074 0.3132 0.9497
vn -0.0122 0.1641 0.9864
vn 0.0211 0.3055 0.9520
vn 0.0081 0.1567 0.9876
vn 0.0554 0.3013 0.9519
vn 0.0388 0.1501 0.9879
vn 0.0584 0.1622 0.9850
vn 0.0622 0.1520 0.9864
vn 0.0822 0.3045 0.9490
vn 0.0861 0.3111 0.9465
vn 0.0499 0.3194 0.9463
vn 0.0148 0.1800 0.9836
vn -0.0124 -0.1353 0.9907
vn 0.0292 0.0234 0.9993
vn -0.0201 0.0476 0.9987
vn -0.0700 -0.1107 0.9914
vn -0.1609 -0.3591 0.9193
vn -0.0896 -0.3858 0.9182
vn -0.2526 -0.5912 0.7659
vn -0.1697 -0.6178 0.7678
vn -0.0045 -0.1501 0.9887
vn 0.0199 0.0123 0.9997
vn 0.0396 0.0130 0.9991
vn 0.0071 -0.1451 0.9894
vn -0.1169 -0.6259 0.7711
vn -0.0533 -0.3954 0.9170
vn -0.0854 -0.6327 0.7697
vn -0.0452 -0.4039 0.9137
vn -0.0156 -0.1677 0.9857
vn -0.0151 0.0183 0.9997
vn -0.0058 0.0166 0.9998
vn -0.0205 -0.1575 0.9873
vn -0.0169 -0.6609 0.7503
vn -0.0158 -0.4380 0.8988
vn -0.0405 -0.4204 0.9065
vn -0.0580 -0.6471 0.7602
vn 0.0145 -0.1816 0.9833
vn -0.0180 0.0060 0.9998
vn -0.0163 0.0141 0.9998
vn -0.0004 -0.1759 0.9844
vn 0.0902 -0.6476 0.7566
vn 0.0582 -0.4413 0.8955
vn 0.0199 -0.4446 0.8955
vn 0.0337 -0.6608 0.7498
vn 0.0550 -0.1741 0.9832
vn -0.0067 0.0084 0.9999
vn -0.0158 0.0016 0.9999
vn 0.0327 -0.1822 0.9827
vn 0.2153 -0.6061 0.7657
vn 0.1446 -0.4184 0.8967
vn 0.1006 -0.4320 0.8962
vn 0.1525 -0.6275 0.7635
vn 0.1008 -0.1275 0.9867
vn 0.0054 0.0455 0.9990
vn 0.0021 0.0251 0.9997
vn 0.0789 -0.1564 0.9845
vn 0.3531 -0.5381 0.7653
vn 0.2415 -0.3581 0.9019
vn 0.1926 -0.3975 0.8972
vn 0.2826 -0.5807 0.7635
vn 0.0067 0.0683 0.9976
vn 0.1196 -0.0860 0.9891
vn 0.1386 -0.0326 0.9898
vn 0.0085 0.0963 0.9953
vn 0.4231 -0.4665 0.7768
vn 0.2859 -0.2934 0.9122
vn 0.4963 -0.3611 0.7895
vn 0.3310 -0.2061 0.9209
vn 0.1545 0.0263 0.9876
vn 0.0076 0.1297 0.9915
vn 0.1740 0.0932 0.9803
vn 0.0112 0.1690 0.9855
vn 0.5574 -0.2404 0.7947
vn 0.3697 -0.1115 0.9224
vn 0.6064 -0.1077 0.7879
vn 0.4064 -0.0081 0.9137
vn 0.1972 0.1686 0.9658
vn 0.0233 0.2147 0.9764
vn 0.2091 0.2355 0.9491
vn 0.0350 0.2643 0.9638
vn 0.6430 0.0427 0.7647
vn 0.4380 0.1081 0.8925
vn 0.6527 0.1788 0.7362
vn 0.4474 0.2097 0.8694
vn -0.9091 -0.0079 -0.4165
vn -0.9680 0.0461 -0.2466
vn -0.9160 -0.0548 -0.3974
vn -0.9710 0.0161 -0.2387
vn -0.8580 0.5051 -0.0932
vn -0.7236 0.6893 -0.0359
vn -0.8891 0.4560 -0.0402
vn -0.8505 0.5251 0.0307
vn 0.8530 -0.2667 0.4487
vn 0.8974 -0.0763 0.4345
vn 0.7749 -0.0163 0.6319
vn 0.7343 -0.1874 0.6524
vn 0.9043 0.1076 0.4132
vn 0.7847 0.1441 0.6029
vn 0.6942 -0.5659 0.4447
vn 0.7842 -0.4277 0.4495
vn 0.6760 -0.3357 0.6559
vn 0.5995 -0.4675 0.6496
vn 0.4909 -0.7532 0.4379
vn 0.5885 -0.6781 0.4403
vn 0.5075 -0.5766 0.6403
vn 0.4221 -0.6473 0.6348
vn 0.3033 -0.8460 0.4385
vn 0.3973 -0.8060 0.4389
vn 0.3392 -0.6911 0.6383
vn 0.2583 -0.7218 0.6421
vn 0.1227 -0.8946 0.4297
vn 0.2107 -0.8764 0.4331
vn 0.1808 -0.7494 0.6369
vn 0.1054 -0.7733 0.6253
vn -0.0213 -0.8980 0.4394
vn 0.0463 -0.8999 0.4337
vn 0.0389 -0.7875 0.6151
vn -0.0189 -0.7896 0.6133
vn -0.1424 -0.8891 0.4350
vn -0.0836 -0.8943 0.4396
vn -0.0695 -0.7809 0.6207
vn -0.1134 -0.7702 0.6276
vn -0.2735 -0.8642 0.4223
vn -0.2039 -0.8798 0.4295
vn -0.1616 -0.7625 0.6265
vn -0.2239 -0.7522 0.6197
vn -0.4978 -0.7639 0.4106
vn -0.3661 -0.8330 0.4149
vn -0.3123 -0.7252 0.6137
vn -0.4406 -0.6601 0.6084
vn -0.5533 -0.5756 0.6021
vn -0.5938 -0.5223 0.6120
vn -0.6117 -0.6782 0.4072
vn -0.5945 -0.4782 0.6464
vn -0.5801 -0.4616 0.6711
vn -0.5973 -0.4657 0.6529
vn -0.6648 -0.4727 0.5785
vn -0.7339 -0.3759 0.5658
vn -0.7914 -0.3558 0.4972
vn -0.9848 0.1734 0.0042
vn -0.9780 0.1632 -0.1299
vn -0.9902 0.0692 -0.1215
vn -0.9963 0.0814 0.0276
vn -0.9930 0.0374 -0.1121
vn -0.9976 0.0298 0.0631
vn -0.9423 0.3104 -0.1251
vn -0.9513 0.3076 -0.0195
vn -0.9808 0.0311 0.1926
vn -0.9819 0.0867 0.1684
vn -0.9634 0.0412 0.2650
vn -0.9593 0.0957 0.2656
vn -0.9497 0.1664 0.2652
vn -0.9758 0.1661 0.1424
vn -0.9193 0.3105 0.2417
vn -0.9469 0.3045 0.1031
vn -0.7021 -0.7030 0.1133
vn -0.6913 -0.7084 0.1420
vn -0.7203 -0.6857 0.1050
vn -0.7171 -0.6938 -0.0664
vn -0.7105 -0.7005 -0.0669
vn -0.7016 -0.7095 -0.0665
vn -0.8713 -0.3611 0.3324
vn -0.8927 -0.4063 0.1951
vn -0.7696 -0.6207 0.1497
vn -0.7623 -0.5582 0.3276
vn -0.8953 -0.4454 0.0075
vn -0.7615 -0.6469 -0.0413
vn -0.7234 -0.4971 0.4791
vn -0.8357 -0.3407 0.4306
vn -0.9723 -0.0512 0.2281
vn -0.9526 -0.1327 0.2737
vn -0.9310 -0.1513 0.3322
vn -0.9628 -0.0641 0.2625
vn -0.9070 -0.1815 0.3800
vn -0.9495 -0.0750 0.3046
vn -0.9726 -0.1392 0.1862
vn -0.9854 -0.0472 0.1636
vn -0.9986 -0.0409 0.0342
vn -0.9861 -0.1624 0.0360
vn -0.6951 -0.6764 -0.2438
vn -0.7075 -0.6643 -0.2412
vn -0.7140 -0.6569 -0.2422
vn -0.8746 -0.4419 -0.1993
vn -0.7513 -0.6162 -0.2365
vn -0.5387 -0.8015 -0.2597
vn -0.6487 -0.7183 -0.2515
vn -0.5447 -0.8347 -0.0807
vn -0.6568 -0.7505 -0.0737
vn -0.9425 0.0597 0.3289
vn -0.9340 0.1152 0.3383
vn -0.9187 0.1832 0.3500
vn -0.8939 0.2958 0.3369
vn -0.6508 -0.7444 0.1494
vn -0.5367 -0.8305 0.1489
vn -0.4054 -0.9016 0.1506
vn -0.3113 -0.9371 0.1581
vn -0.4177 -0.9052 -0.0785
vn -0.3248 -0.9431 -0.0714
vn -0.2373 -0.9575 0.1639
vn -0.1687 -0.9707 0.1712
vn -0.2493 -0.9658 -0.0713
vn -0.1792 -0.9808 -0.0767
vn -0.1071 -0.9909 -0.0810
vn -0.0998 -0.9778 0.1842
vn -0.0218 -0.9960 -0.0868
vn -0.0228 -0.9817 0.1890
vn 0.0676 -0.9928 -0.0984
vn 0.0587 -0.9829 0.1747
vn 0.1498 -0.9825 -0.1105
vn 0.1414 -0.9778 0.1546
vn 0.2335 -0.9612 0.1466
vn 0.3326 -0.9309 0.1511
vn 0.2369 -0.9647 -0.1148
vn 0.3317 -0.9369 -0.1105
vn 0.4316 -0.8962 -0.1026
vn 0.4339 -0.8868 0.1594
vn 0.5368 -0.8381 -0.0970
vn 0.5364 -0.8274 0.1661
vn 0.6460 -0.7571 -0.0978
vn 0.6431 -0.7470 0.1685
vn 0.7580 -0.6438 -0.1048
vn 0.7561 -0.6327 0.1673
vn 0.8551 -0.5061 -0.1122
vn 0.8542 -0.4925 0.1669
vn 0.9336 -0.3391 -0.1160
vn 0.9313 -0.3244 0.1657
vn 0.9801 -0.1201 0.1580
vn 0.9861 0.0832 0.1437
vn 0.9844 -0.1309 -0.1174
vn 0.9885 0.0854 -0.1251
vn 0.8133 -0.2851 -0.5073
vn 0.8668 -0.0925 -0.4900
vn 0.9374 -0.1170 -0.3281
vn 0.8856 -0.3218 -0.3350
vn 0.8833 0.1274 -0.4512
vn 0.9415 0.1079 -0.3193
vn 0.6617 -0.5641 -0.4939
vn 0.7447 -0.4370 -0.5044
vn 0.8111 -0.4830 -0.3299
vn 0.7203 -0.6164 -0.3181
vn 0.6143 -0.7268 -0.3071
vn 0.5093 -0.8060 -0.3016
vn 0.4681 -0.7455 -0.4744
vn 0.5641 -0.6695 -0.4833
vn 0.0686 -0.9481 -0.3104
vn 0.1471 -0.9396 -0.3090
vn -0.0186 -0.9519 -0.3060
vn -0.0157 -0.8825 -0.4700
vn 0.0650 -0.8801 -0.4703
vn 0.1384 -0.8733 -0.4671
vn -0.1631 -0.8745 -0.4567
vn -0.0937 -0.8804 -0.4649
vn -0.1026 -0.9509 -0.2920
vn -0.1748 -0.9460 -0.2731
vn -0.3238 -0.9116 -0.2533
vn -0.2466 -0.9342 -0.2579
vn -0.3109 -0.8405 -0.4437
vn -0.2341 -0.8625 -0.4487
vn -0.4159 -0.8721 -0.2579
vn -0.4019 -0.8028 -0.4405
vn 0.6016 0.1523 -0.7841
vn 0.7806 0.1346 -0.6104
vn 0.7403 -0.0500 -0.6705
vn 0.5559 0.0139 -0.8311
vn 0.6851 -0.2132 -0.6965
vn 0.5071 -0.1120 -0.8546
vn 0.5578 -0.4585 -0.6918
vn 0.6257 -0.3460 -0.6992
vn 0.4122 -0.3024 -0.8594
vn 0.4593 -0.2157 -0.8617
vn 0.2987 -0.0835 -0.9507
vn 0.2714 -0.1428 -0.9518
vn 0.3331 -0.0063 -0.9429
vn 0.3690 0.0902 -0.9250
vn 0.4005 0.1947 -0.8954
vn 0.3098 -0.4428 -0.8414
vn 0.3601 -0.3793 -0.8523
vn 0.4786 -0.5539 -0.6812
vn 0.4019 -0.6264 -0.6679
vn 0.2442 -0.1959 -0.9498
vn 0.2178 -0.2438 -0.9450
vn 0.3773 -0.8003 -0.4660
vn 0.3291 -0.6823 -0.6528
vn 0.2935 -0.8373 -0.4613
vn 0.2589 -0.7209 -0.6428
vn 0.2073 -0.5337 -0.8198
vn 0.2599 -0.4956 -0.8288
vn 0.1889 -0.2875 -0.9390
vn 0.1535 -0.3224 -0.9341
vn 0.2139 -0.8602 -0.4629
vn 0.1898 -0.7421 -0.6428
vn 0.1240 -0.7522 -0.6471
vn 0.1008 -0.5602 -0.8222
vn 0.1528 -0.5537 -0.8186
vn 0.1135 -0.3425 -0.9326
vn 0.0744 -0.3482 -0.9345
vn 0.4087 -0.8618 -0.3004
vn 0.3155 -0.8994 -0.3024
vn -0.0838 -0.7473 -0.6592
vn -0.0140 -0.7566 -0.6537
vn -0.1446 -0.7340 -0.6636
vn -0.1172 -0.5247 -0.8432
vn -0.0707 -0.5393 -0.8391
vn -0.0132 -0.5531 -0.8330
vn 0.0589 -0.7574 -0.6503
vn 0.0481 -0.5599 -0.8271
vn -0.2784 -0.6985 -0.6593
vn -0.2076 -0.7186 -0.6637
vn -0.2256 -0.4949 -0.8392
vn -0.1660 -0.5109 -0.8434
vn -0.3659 -0.6668 -0.6492
vn -0.3051 -0.4695 -0.8285
vn -0.1697 -0.2900 -0.9419
vn -0.2397 -0.2700 -0.9325
vn -0.1228 -0.3013 -0.9456
vn -0.0887 -0.3104 -0.9465
vn -0.0571 -0.3206 -0.9455
vn -0.0140 -0.3334 -0.9427
vn 0.7445 0.3763 -0.5515
vn 0.8427 0.3114 -0.4391
vn 0.7731 0.3151 -0.5504
vn 0.6930 0.4439 -0.5681
vn 0.6246 0.3026 -0.7199
vn 0.6162 0.4196 -0.6665
vn 0.8668 0.2988 -0.3992
vn 0.8992 0.2758 -0.3397
vn 0.9453 0.2711 -0.1814
vn 0.9592 0.2408 -0.1480
vn 0.4320 0.3215 -0.8426
vn 0.2482 0.3588 -0.8998
vn 0.3085 0.4897 -0.8155
vn 0.4776 0.4613 -0.7477
vn 0.0698 0.4016 -0.9131
vn -0.1070 0.4695 -0.8764
vn -0.0231 0.5365 -0.8436
vn 0.1392 0.5163 -0.8450
vn -0.3179 0.6399 -0.6996
vn -0.1137 0.6113 -0.7832
vn -0.2876 0.5725 -0.7678
vn -0.4665 0.6570 -0.5923
vn -0.6099 0.6926 -0.3851
vn -0.6930 0.7023 -0.1631
vn -0.7318 0.6593 -0.1726
vn -0.6268 0.6530 -0.4250
vn -0.7077 0.7012 0.0866
vn -0.6411 0.6656 0.3820
vn -0.5649 0.6067 0.5593
vn -0.7450 0.6565 0.1182
vn -0.4900 0.5656 0.6633
vn -0.3593 0.5559 0.7496
vn -0.3224 0.4603 0.8271
vn -0.2637 0.4885 0.8318
vn -0.1968 0.4049 0.8929
vn -0.0824 0.3657 0.9271
vn -0.0584 0.4366 0.8978
vn -0.1671 0.4646 0.8696
vn 0.1996 0.3071 0.9305
vn 0.0421 0.3306 0.9428
vn 0.1737 0.3737 0.9112
vn 0.0607 0.4070 0.9114
vn 0.4703 0.3091 0.8266
vn 0.2924 0.3794 0.8778
vn 0.4102 0.2966 0.8624
vn 0.6163 0.2782 0.7367
vn 0.8862 0.2318 0.4011
vn 0.7671 0.2501 0.5907
vn 0.8778 0.2462 0.4110
vn 0.7419 0.2508 0.6218
vn 0.9652 0.2267 0.1300
vn 0.9583 0.2570 0.1251
vn 0.0784 0.5545 -0.8285
vn 0.1394 0.5972 -0.7899
vn 0.3269 0.4904 -0.8079
vn 0.3439 0.5617 -0.7525
vn 0.5291 0.4373 -0.7271
vn 0.5290 0.5207 -0.6701
vn 0.4856 0.2921 -0.8240
vn 0.7042 0.2445 -0.6666
vn 0.2700 0.3494 -0.8972
vn 0.2016 0.2415 -0.9492
vn 0.4285 0.1714 -0.8871
vn 0.6800 0.1123 -0.7246
vn 0.8635 0.2100 -0.4586
vn 0.9578 0.2019 -0.2044
vn 0.8697 0.0858 -0.4861
vn 0.9746 0.0920 -0.2041
vn -0.4081 0.5164 -0.7529
vn 0.0019 0.4342 -0.9008
vn -0.4909 0.3732 -0.7873
vn -0.0722 0.3164 -0.9459
vn -0.7188 0.5237 -0.4573
vn -0.8331 0.5219 -0.1834
vn -0.9135 0.3604 -0.1887
vn -0.8024 0.3688 -0.4691
vn -0.1846 0.4982 0.8472
vn -0.2530 0.4456 0.8588
vn -0.0444 0.4553 0.8893
vn -0.0669 0.3780 0.9234
vn 0.1222 0.3527 0.9277
vn 0.1089 0.4304 0.8961
vn 0.4292 0.2067 0.8792
vn 0.0968 0.2435 0.9651
vn 0.4175 0.1335 0.8988
vn 0.0819 0.1659 0.9827
vn -0.1204 0.1874 0.9749
vn -0.1010 0.2681 0.9581
vn 0.8885 0.1788 0.4226
vn 0.7296 0.1723 0.6618
vn 0.9010 0.0987 0.4224
vn 0.7301 0.1028 0.6756
vn -0.3194 0.3336 0.8870
vn -0.6653 0.4626 0.5860
vn -0.3609 0.2355 0.9024
vn -0.7382 0.3233 0.5921
vn -0.8466 0.5158 0.1314
vn -0.9255 0.3574 0.1255
vn 0.9727 0.1959 0.1240
vn 0.9868 0.1012 0.1265
vn -0.1297 0.1365 0.9821
vn -0.3813 0.1735 0.9080
vn -0.1328 0.1124 0.9847
vn -0.3892 0.1447 0.9097
vn -0.7827 0.1891 0.5930
vn -0.7718 0.2321 0.5919
vn -0.9614 0.2475 0.1204
vn -0.9736 0.1938 0.1207
vn -0.9628 0.1842 -0.1977
vn -0.9501 0.2446 -0.1936
vn 0.4077 0.0896 0.9087
vn 0.0761 0.1176 0.9901
vn 0.3988 0.0639 0.9148
vn 0.0764 0.0932 0.9927
vn 0.7254 0.0549 0.6862
vn 0.7114 0.0240 0.7024
vn 0.9021 0.0311 0.4303
vn 0.8933 -0.0104 0.4494
vn 0.9898 0.0108 0.1418
vn 0.9823 -0.0120 -0.1871
vn 0.9839 -0.0655 -0.1660
vn 0.9856 -0.0398 0.1641
vn 0.8698 -0.0219 -0.4928
vn 0.6431 0.0107 -0.7657
vn 0.6010 -0.0440 -0.7980
vn 0.8661 -0.0744 -0.4943
vn 0.3539 0.0847 -0.9314
vn 0.1307 0.1579 -0.9788
vn 0.0641 0.0765 -0.9950
vn 0.2734 0.0199 -0.9617
vn -0.5405 0.1592 -0.8261
vn -0.1551 0.1187 -0.9808
vn -0.1223 0.2137 -0.9692
vn -0.5287 0.2508 -0.8109
vn -0.8394 0.2496 -0.4827
vn -0.8498 0.1779 -0.4962
vn 0.8600 -0.0962 -0.5011
vn 0.9836 -0.0887 -0.1569
vn 0.5667 -0.0756 -0.8204
vn 0.5452 -0.1076 -0.8314
vn 0.8498 -0.1169 -0.5140
vn 0.9805 -0.1075 -0.1645
vn 0.2147 -0.0335 -0.9761
vn 0.0133 0.0023 -0.9999
vn -0.0194 -0.0585 -0.9981
vn 0.1873 -0.0824 -0.9788
vn -0.0370 -0.1552 -0.9872
vn 0.2117 -0.1580 -0.9645
vn 0.1868 -0.1250 -0.9744
vn -0.0374 -0.1103 -0.9932
vn 0.5445 -0.1542 -0.8245
vn 0.5377 -0.1356 -0.8321
vn 0.8381 -0.1354 -0.5285
vn 0.9749 -0.1242 -0.1845
vn 0.8269 -0.1484 -0.5424
vn 0.9675 -0.1392 -0.2113
vn -0.1854 0.0382 -0.9819
vn -0.5502 0.0917 -0.8300
vn -0.5677 0.0437 -0.8221
vn -0.2188 -0.0226 -0.9755
vn -0.2544 -0.0740 -0.9643
vn -0.5925 0.0009 -0.8056
vn -0.6172 -0.0496 -0.7852
vn -0.2834 -0.1244 -0.9509
vn -0.9675 0.1538 -0.2005
vn -0.8530 0.1340 -0.5045
vn -0.9694 0.1367 -0.2040
vn -0.8565 0.1052 -0.5052
vn -0.9724 0.0839 -0.2179
vn -0.8712 0.0337 -0.4898
vn -0.8630 0.0766 -0.4994
vn -0.9706 0.1181 -0.2099
vn -0.7852 0.1721 0.5948
vn -0.9776 0.1701 0.1239
vn -0.7909 0.1659 0.5891
vn -0.9796 0.1585 0.1232
vn -0.8048 0.1608 0.5714
vn -0.9828 0.1457 0.1131
vn -0.8241 0.1464 0.5472
vn -0.9884 0.1191 0.0942
vn -0.1359 0.0999 0.9857
vn -0.3948 0.1333 0.9091
vn -0.1482 0.0893 0.9849
vn -0.4112 0.1292 0.9023
vn -0.4425 0.1297 0.8873
vn -0.4774 0.1302 0.8690
vn -0.1720 0.0853 0.9814
vn -0.1973 0.0913 0.9761
vn 0.3911 0.0448 0.9193
vn 0.0781 0.0774 0.9939
vn 0.3852 0.0217 0.9226
vn 0.0759 0.0592 0.9954
vn 0.0702 0.0475 0.9964
vn 0.0650 0.0512 0.9966
vn 0.3846 0.0039 0.9231
vn 0.3871 0.0019 0.9220
vn 0.8839 -0.0363 0.4663
vn 0.6955 0.0015 0.7185
vn 0.8804 -0.0593 0.4706
vn 0.6852 -0.0224 0.7280
vn 0.6852 -0.0429 0.7271
vn 0.6900 -0.0523 0.7219
vn 0.8847 -0.0798 0.4593
vn 0.8924 -0.0957 0.4411
vn 0.9811 -0.0868 0.1728
vn 0.9820 -0.0659 0.1773
vn 0.9848 -0.1230 0.1223
vn 0.9828 -0.1055 0.1518
vn -0.9721 0.0533 -0.2285
vn -0.8745 -0.0030 -0.4850
vn -0.9691 0.0472 -0.2420
vn -0.8698 -0.0136 -0.4932
vn -0.6178 -0.0966 -0.7804
vn -0.6287 -0.0882 -0.7726
vn -0.9926 0.0985 0.0714
vn -0.9929 0.1070 0.0516
vn -0.8392 0.1443 0.5244
vn -0.8434 0.1791 0.5065
vn -0.9564 0.0820 -0.2805
vn -0.9642 0.0588 -0.2584
vn -0.9901 0.1351 0.0382
vn -0.9845 0.1730 0.0272
vn -0.8365 0.2386 0.4932
vn -0.8170 0.3131 0.4841
vn -0.8563 -0.0066 -0.5165
vn -0.8335 0.0135 -0.5523
vn -0.5088 -0.0604 -0.8588
vn -0.5792 -0.0861 -0.8106
vn -0.4994 0.1472 0.8538
vn -0.5031 0.2015 0.8404
vn -0.2117 0.1184 0.9701
vn -0.2128 0.1811 0.9602
vn -0.2145 0.2667 0.9396
vn -0.4937 0.2825 0.8225
vn -0.2290 0.3701 0.9003
vn -0.4697 0.3840 0.7950
vn 0.0643 0.0788 0.9948
vn 0.0661 0.1410 0.9878
vn 0.3889 0.0239 0.9210
vn 0.3871 0.0792 0.9186
vn 0.3666 0.1396 0.9198
vn 0.0499 0.2176 0.9748
vn 0.3080 0.1768 0.9348
vn -0.0113 0.2954 0.9553
vn 0.9002 -0.0939 0.4252
vn 0.6927 -0.0401 0.7201
vn 0.9095 -0.0615 0.4111
vn 0.6921 0.0038 0.7218
vn 0.6831 0.0496 0.7286
vn 0.6633 0.0617 0.7458
vn 0.9184 -0.0243 0.3948
vn 0.9272 -0.0107 0.3743
vn 0.9880 -0.1245 0.0913
vn 0.9610 -0.1373 -0.2400
vn 0.9581 -0.1027 -0.2673
vn 0.9939 -0.0945 0.0572
vn 0.9983 -0.0555 0.0152
vn 0.9548 -0.0555 -0.2921
vn 0.9485 -0.0145 -0.3164
vn 0.9989 -0.0282 -0.0362
vn 0.6004 -0.1238 -0.7900
vn 0.8237 -0.1087 -0.5565
vn 0.8203 -0.1437 -0.5535
vn 0.5656 -0.1535 -0.8102
vn 0.8346 -0.0599 -0.5476
vn 0.6407 -0.0760 -0.7641
vn 0.6733 -0.0145 -0.7392
vn 0.8464 -0.0107 -0.5324
vn 0.0442 -0.1639 -0.9855
vn 0.3252 -0.1467 -0.9342
vn 0.2602 -0.1694 -0.9506
vn -0.0107 -0.1783 -0.9839
vn 0.3936 -0.0966 -0.9142
vn 0.1243 -0.1182 -0.9852
vn 0.2214 -0.0395 -0.9744
vn 0.4502 -0.0179 -0.8927
vn -0.2905 -0.1569 -0.9439
vn -0.2628 -0.1549 -0.9523
vn -0.1927 -0.1277 -0.9729
vn -0.0763 -0.0761 -0.9942
vn 0.9368 0.0071 0.3497
vn 0.6420 0.0739 0.7631
vn 0.9399 0.0685 0.3346
vn 0.6258 0.1341 0.7684
vn 0.1174 0.2326 0.9655
vn 0.2157 0.2062 0.9544
vn -0.3216 0.4161 0.8505
vn -0.2631 0.4460 0.8555
vn -0.1207 0.3547 0.9272
vn -0.2521 0.3421 0.9052
vn 0.9424 0.0085 -0.3343
vn 0.9965 -0.0053 -0.0836
vn 0.9451 -0.0173 -0.3263
vn 0.9956 0.0162 -0.0921
vn 0.8561 0.0159 -0.5166
vn 0.8650 -0.0289 -0.5010
vn 0.6911 0.0292 -0.7222
vn 0.6954 -0.0067 -0.7186
vn 0.3176 0.0294 -0.9478
vn 0.4849 0.0478 -0.8733
vn 0.3823 0.0175 -0.9239
vn 0.4963 0.0249 -0.8678
vn 0.0719 -0.0264 -0.9971
vn 0.2001 -0.0170 -0.9796
vn -0.4037 -0.0334 -0.9143
vn -0.2757 -0.0232 -0.9610
vn -0.9475 0.0801 -0.3097
vn -0.7986 0.0227 -0.6015
vn -0.9378 -0.0027 -0.3472
vn -0.7382 -0.0132 -0.6744
vn -0.7980 0.3529 0.4886
vn -0.9841 0.1769 0.0173
vn -0.8034 0.2762 0.5276
vn -0.9966 0.0801 0.0179
vn -0.4391 0.4529 0.7759
vn -0.4310 0.4075 0.8051
vn -0.9799 -0.1886 -0.0646
vn -0.9973 -0.0737 0.0081
vn -0.8155 0.0873 0.5721
vn -0.8695 -0.1802 -0.4599
vn -0.9099 -0.1167 -0.3980
vn -0.4366 0.2567 0.8623
vn -0.4259 0.0210 0.9045
vn -0.3804 0.2946 0.8766
vn -0.4145 0.1155 0.9027
vn -0.6547 -0.0963 -0.7497
vn -0.1741 -0.0805 -0.9814
vn -0.5926 -0.2085 -0.7780
vn -0.1571 -0.2644 -0.9515
vn 0.2542 -0.0960 -0.9624
vn 0.2186 -0.3072 -0.9262
vn 0.3692 -0.3040 -0.8782
vn 0.3967 -0.0973 -0.9128
vn 0.7337 -0.1439 -0.6641
vn 0.6991 -0.0949 -0.7087
vn 0.4942 -0.0892 -0.8647
vn 0.5014 -0.2473 -0.8291
vn 0.8776 -0.0813 -0.4724
vn 0.9078 -0.0188 -0.4190
vn 0.9695 0.0922 -0.2273
vn 0.9596 -0.0231 -0.2805
vn 0.8993 0.2551 0.3552
vn 0.9255 0.1630 0.3418
vn 0.9964 0.0689 -0.0488
vn 0.9834 0.1811 -0.0079
vn -0.0246 0.2489 0.9682
vn 0.0323 0.2461 0.9687
vn 0.6019 0.2204 0.7675
vn 0.5680 0.2923 0.7693
vn -0.3613 0.2608 0.8952
vn -0.4189 0.1532 0.8950
vn -0.4005 -0.0314 0.9158
vn -0.3582 -0.1458 0.9222
vn -0.3348 -0.0018 0.9423
vn -0.2453 -0.0556 0.9679
vn -0.9063 -0.1857 -0.3796
vn -0.9493 -0.2235 -0.2209
vn -0.7792 -0.1387 -0.6112
vn -0.8260 -0.1854 -0.5324
vn -0.4211 0.0609 0.9050
vn -0.3943 0.0446 0.9179
vn -0.0503 0.2442 0.9684
vn -0.0515 0.2387 0.9697
vn 0.8725 0.3476 0.3434
vn 0.5339 0.3573 0.7663
vn 0.8371 0.4608 0.2948
vn 0.5080 0.4266 0.7483
vn 0.9469 0.2608 -0.1882
vn 0.9501 0.3114 -0.0199
vn 0.9055 0.3961 -0.1524
vn 0.8999 0.4308 -0.0673
vn 0.9346 0.1286 -0.3317
vn 0.9347 0.2847 -0.2128
vn 0.8082 -0.0960 -0.5811
vn 0.8843 0.0635 -0.4626
vn 0.5611 -0.3078 -0.7684
vn 0.3669 -0.4175 -0.8313
vn 0.4546 -0.2869 -0.8432
vn 0.6818 -0.1627 -0.7132
vn -0.1819 -0.2414 -0.9532
vn 0.2023 -0.3037 -0.9310
vn 0.1688 -0.4351 -0.8844
vn -0.1893 -0.3714 -0.9090
vn -0.5720 -0.2517 -0.7807
vn -0.5570 -0.1589 -0.8152
vn -0.6463 0.0033 -0.7631
vn -0.4156 0.0667 -0.9071
vn -0.5050 -0.0249 -0.8627
vn -0.7198 -0.0661 -0.6910
vn -0.0479 0.1128 -0.9925
vn -0.1316 -0.0343 -0.9907
vn 0.2695 -0.0619 -0.9610
vn 0.5631 -0.0294 -0.8259
vn 0.3517 0.1493 -0.9241
vn 0.6599 0.2395 -0.7121
vn -0.9811 -0.0120 -0.1931
vn -0.8193 -0.0372 -0.5722
vn -0.8638 -0.1224 -0.4888
vn -0.9800 -0.1393 -0.1421
vn -0.9265 -0.1161 0.3580
vn -0.9357 0.0542 0.3485
vn -0.5208 -0.0281 0.8532
vn -0.1060 0.1426 0.9841
vn -0.1989 0.2262 0.9536
vn -0.0095 0.3844 0.9231
vn -0.3165 0.2388 0.9180
vn 0.1442 0.7174 0.6816
vn -0.0662 0.6557 0.7521
vn 0.4944 0.5542 0.6697
vn 0.5390 0.7393 0.4036
vn 0.7735 0.5978 0.2103
vn 0.7081 0.6981 0.1060
vn 0.8270 0.5529 -0.1019
vn 0.8542 0.5093 -0.1043
vn 0.7995 0.5988 -0.0469
vn 0.7518 0.6568 -0.0588
vn 0.8541 0.4976 -0.1512
vn 0.8300 0.5575 -0.0147
vn 0.8985 0.4286 -0.0952
vn 0.9071 0.2825 -0.3121
vn 0.8256 0.3786 -0.4184
vn 0.7867 0.1016 -0.6089
vn -0.3015 0.4123 -0.8597
vn 0.0796 0.5050 -0.8594
vn -0.2647 0.1884 -0.9458
vn -0.5459 0.1120 -0.8304
vn 0.4159 0.6152 -0.6698
vn 0.1159 0.2832 -0.9520
vn -0.7639 0.1049 -0.6367
vn -0.9569 0.2192 -0.1904
vn -0.7314 0.6707 -0.1233
vn -0.5818 0.4843 -0.6534
vn -0.8318 0.3570 0.4251
vn -0.5390 0.6753 0.5034
vn 0.3923 0.8796 0.2690
vn 0.2429 0.8969 0.3694
vn 0.5011 0.8637 0.0541
vn 0.3713 0.9272 0.0484
vn 0.6245 0.7775 0.0743
vn 0.4050 0.7484 0.5253
vn 0.7471 0.5210 0.4129
vn 0.4751 0.5207 0.7093
vn 0.5604 0.6363 0.5302
vn 0.2336 0.6163 0.7520
vn 0.6415 0.7616 0.0921
vn 0.7082 0.7060 0.0046
vn 0.7189 0.6951 -0.0003
vn 0.5129 0.8578 -0.0319
vn 0.7280 0.6855 -0.0097
vn 0.5163 0.8543 0.0600
vn 0.7759 0.6156 -0.1380
vn 0.7337 0.5033 -0.4564
vn 0.6705 0.7409 -0.0389
vn 0.5873 0.7960 0.1464
vn 0.4917 0.3829 -0.7821
vn 0.6226 0.6909 -0.3675
vn -0.1680 0.9855 -0.0236
vn -0.0591 0.8904 -0.4514
vn 0.4366 0.8971 0.0671
vn 0.5459 0.8355 -0.0624
vn 0.6131 0.7789 -0.1322
vn 0.1928 0.7752 -0.6016
vn 0.5492 0.7414 -0.3856
vn 0.6749 0.7378 -0.0122
vn 0.7633 0.6312 0.1377
vn 0.7016 0.4892 0.5181
vn -0.0385 0.8660 0.4985
vn 0.4244 0.8456 0.3238
vn -0.9820 -0.0287 0.1869
vn -0.9736 -0.0252 0.2270
vn -0.9614 -0.0150 0.2749
vn -0.9437 -0.0015 0.3307
vn -0.9333 -0.0739 0.3514
vn -0.9749 -0.1770 -0.1347
vn -0.9948 -0.0303 -0.0975
vn -0.9818 -0.0291 -0.1879
vn -0.9477 -0.1589 -0.2767
vn -0.9265 -0.1021 -0.3620
vn -0.9754 -0.0011 -0.2204
vn 0.3499 0.9313 -0.1010
vn 0.3012 0.9519 0.0560
vn 0.2834 0.9578 0.0474
vn 0.4355 0.8787 -0.1956
vn 0.4520 0.8099 0.3737
vn 0.3360 0.8877 0.3148
vn 0.3319 0.7674 0.5486
vn 0.2573 0.8754 0.4094
vn 0.8631 0.4703 -0.1841
vn 0.9071 0.4169 0.0591
vn 0.8211 0.5488 0.1570
vn 0.6976 0.6814 -0.2216
vn 0.5099 0.8471 0.1495
vn 0.7432 0.5904 0.3147
vn 0.9155 0.4020 0.0143
vn 0.8015 0.5843 0.1271
vn 0.7614 0.6461 0.0534
vn 0.8010 0.5364 0.2660
vn 0.8255 0.3081 0.4729
vn 0.5909 0.7680 0.2470
vn 0.4615 0.6468 0.6072
vn 0.3872 0.7138 0.5836
vn 0.6527 0.4246 0.6275
vn 0.2282 -0.9243 -0.3060
vn 0.0336 -0.3439 -0.9384
vn -0.8804 -0.1985 0.4307
vn 0.8881 0.2231 0.4018
vn -0.9946 0.0128 -0.1031
vn -0.9997 -0.0082 0.0235
vn -0.9890 -0.0404 0.1420
vt 0.635740 0.113320
vt 0.632129 0.109567
vt 0.635967 0.108487
vt 0.638635 0.109930
vt 0.631497 0.105858
vt 0.636100 0.105592
vt 0.641530 0.106540
vt 0.453555 0.012415
vt 0.453119 0.017583
vt 0.449367 0.015760
vt 0.448765 0.011703
vt 0.449703 0.027984
vt 0.445349 0.016810
vt 0.443807 0.011271
vt 0.018360 0.916197
vt 0.013950 0.916190
vt 0.015093 0.913743
vt 0.018601 0.913135
vt 0.009610 0.915550
vt 0.013100 0.912620
vt 0.016590 0.909690
vt 0.015011 0.922363
vt 0.019708 0.922972
vt 0.017380 0.924707
vt 0.013279 0.925022
vt 0.024753 0.924802
vt 0.018349 0.926598
vt 0.012761 0.927714
vt 0.641040 0.931600
vt 0.638175 0.932770
vt 0.638317 0.931053
vt 0.640352 0.930234
vt 0.635310 0.933940
vt 0.636492 0.930671
vt 0.638640 0.928528
vt 0.656450 0.638640
vt 0.655305 0.663980
vt 0.639625 0.664832
vt 0.639734 0.640502
vt 0.654160 0.689320
vt 0.639982 0.687250
vt 0.624945 0.687384
vt 0.623484 0.665402
vt 0.622407 0.641541
vt 0.640813 0.704988
vt 0.626670 0.705073
vt 0.654430 0.704835
vt 0.654700 0.720350
vt 0.641499 0.720256
vt 0.628229 0.720541
vt 0.063140 0.635670
vt 0.067394 0.638061
vt 0.064015 0.664905
vt 0.058450 0.663730
vt 0.076818 0.642042
vt 0.072864 0.668421
vt 0.068275 0.692748
vt 0.060024 0.689914
vt 0.053760 0.691790
vt 0.062072 0.727682
vt 0.055469 0.726266
vt 0.057030 0.709942
vt 0.064466 0.712326
vt 0.049600 0.726570
vt 0.051680 0.709180
vt 0.353211 0.731687
vt 0.352541 0.713723
vt 0.361835 0.712358
vt 0.362231 0.731522
vt 0.350122 0.691012
vt 0.359572 0.689496
vt 0.365600 0.690610
vt 0.368240 0.711660
vt 0.370880 0.732710
vt 0.592370 0.687760
vt 0.608899 0.687012
vt 0.611477 0.705025
vt 0.595760 0.704910
vt 0.613892 0.720964
vt 0.599150 0.722060
vt 0.585420 0.642490
vt 0.604091 0.642393
vt 0.606420 0.665405
vt 0.588895 0.665125
vt 0.342313 0.636196
vt 0.353028 0.635705
vt 0.356032 0.663028
vt 0.346011 0.664051
vt 0.359070 0.635860
vt 0.362335 0.663235
vt 0.068553 0.612530
vt 0.078721 0.616307
vt 0.061835 0.610970
vt 0.060530 0.586270
vt 0.068813 0.587981
vt 0.079528 0.591236
vt 0.659670 0.593810
vt 0.658060 0.616225
vt 0.640302 0.617028
vt 0.641064 0.594140
vt 0.621839 0.618213
vt 0.621420 0.595187
vt 0.601963 0.620165
vt 0.599933 0.598182
vt 0.581380 0.622500
vt 0.577340 0.602510
vt 0.341372 0.586412
vt 0.353047 0.585690
vt 0.352370 0.610283
vt 0.341136 0.610801
vt 0.360130 0.586260
vt 0.359600 0.611060
vt 0.363030 0.534820
vt 0.361580 0.560540
vt 0.354050 0.560857
vt 0.355614 0.534487
vt 0.341913 0.561573
vt 0.343149 0.535090
vt 0.620180 0.548630
vt 0.620796 0.572231
vt 0.597898 0.575902
vt 0.596229 0.552649
vt 0.574030 0.581080
vt 0.570720 0.559650
vt 0.345472 0.505769
vt 0.357975 0.505280
vt 0.348128 0.474716
vt 0.360424 0.474621
vt 0.368250 0.474540
vt 0.365640 0.504680
vt 0.569555 0.533400
vt 0.595298 0.527745
vt 0.568390 0.507150
vt 0.594655 0.501987
vt 0.619411 0.497993
vt 0.619788 0.523667
vt 0.663820 0.551030
vt 0.642088 0.548161
vt 0.641775 0.522743
vt 0.662510 0.523395
vt 0.641170 0.496337
vt 0.661200 0.495760
vt 0.641755 0.571573
vt 0.661745 0.572420
vt 0.069500 0.564085
vt 0.080191 0.566847
vt 0.062420 0.562600
vt 0.064310 0.538930
vt 0.070184 0.538821
vt 0.080729 0.541261
vt 0.070435 0.510170
vt 0.081163 0.512598
vt 0.063850 0.508885
vt 0.063390 0.478840
vt 0.070494 0.480214
vt 0.081418 0.482609
vt 0.660420 0.441210
vt 0.660810 0.468485
vt 0.640625 0.469965
vt 0.640161 0.440297
vt 0.618839 0.472257
vt 0.618208 0.442768
vt 0.064220 0.420440
vt 0.070961 0.419021
vt 0.070602 0.451037
vt 0.063805 0.449640
vt 0.081393 0.420419
vt 0.081418 0.453045
vt 0.617651 0.405836
vt 0.639800 0.404003
vt 0.617154 0.365794
vt 0.639601 0.364396
vt 0.660600 0.364540
vt 0.660510 0.402875
vt 0.071772 0.380545
vt 0.081573 0.381242
vt 0.065460 0.379700
vt 0.066700 0.338960
vt 0.072254 0.338616
vt 0.081417 0.338668
vt 0.566140 0.454650
vt 0.566155 0.413035
vt 0.592623 0.409083
vt 0.593104 0.446479
vt 0.566170 0.371420
vt 0.592059 0.369141
vt 0.567265 0.480900
vt 0.593853 0.476173
vt 0.352686 0.408033
vt 0.364059 0.409676
vt 0.362253 0.443895
vt 0.350366 0.443041
vt 0.370450 0.414650
vt 0.369350 0.444595
vt 0.366445 0.368537
vt 0.372640 0.369170
vt 0.355587 0.366983
vt 0.358368 0.324866
vt 0.368659 0.326118
vt 0.374830 0.323690
vt 0.616270 0.288617
vt 0.616702 0.326976
vt 0.591065 0.331810
vt 0.590306 0.294521
vt 0.564070 0.337970
vt 0.561970 0.304520
vt 0.360326 0.286654
vt 0.369952 0.288055
vt 0.362343 0.247760
vt 0.371258 0.249454
vt 0.375160 0.251310
vt 0.374995 0.287500
vt 0.661780 0.283330
vt 0.661190 0.323935
vt 0.639625 0.324793
vt 0.639471 0.285766
vt 0.079192 0.254347
vt 0.080388 0.295849
vt 0.071622 0.296240
vt 0.070700 0.254956
vt 0.065800 0.296330
vt 0.064900 0.253700
vt 0.615386 0.212492
vt 0.636720 0.211513
vt 0.638740 0.247890
vt 0.615830 0.249954
vt 0.659050 0.211010
vt 0.660415 0.247170
vt 0.079263 0.179025
vt 0.078540 0.215725
vt 0.070308 0.216302
vt 0.071626 0.179506
vt 0.064780 0.216505
vt 0.064660 0.179310
vt 0.563835 0.260800
vt 0.590450 0.254705
vt 0.565700 0.217080
vt 0.592081 0.215359
vt 0.365300 0.203594
vt 0.373510 0.205422
vt 0.366851 0.159163
vt 0.374360 0.160760
vt 0.380120 0.158400
vt 0.377640 0.204855
vt 0.575925 0.181725
vt 0.595783 0.179482
vt 0.586150 0.146370
vt 0.599764 0.151308
vt 0.614616 0.150181
vt 0.614941 0.177736
vt 0.360883 0.088903
vt 0.366955 0.088758
vt 0.371460 0.120268
vt 0.364649 0.119474
vt 0.371440 0.081170
vt 0.375780 0.119785
vt 0.632700 0.176980
vt 0.649760 0.176720
vt 0.628622 0.149329
vt 0.640470 0.142430
vt 0.085295 0.114343
vt 0.082190 0.143289
vt 0.075838 0.143792
vt 0.080209 0.114897
vt 0.071180 0.144340
vt 0.077700 0.109370
vt 0.626428 0.133597
vt 0.638120 0.132880
vt 0.614533 0.134324
vt 0.614664 0.125861
vt 0.625564 0.125194
vt 0.635770 0.123330
vt 0.086919 0.089853
vt 0.086548 0.098013
vt 0.082007 0.098555
vt 0.082604 0.090121
vt 0.078085 0.099420
vt 0.078470 0.089470
vt 0.589735 0.135825
vt 0.602235 0.135070
vt 0.593320 0.125280
vt 0.603546 0.126406
vt 0.362990 0.071045
vt 0.367245 0.069870
vt 0.357745 0.071828
vt 0.355545 0.062908
vt 0.360162 0.061778
vt 0.363050 0.058570
vt 0.615148 0.116051
vt 0.614981 0.120488
vt 0.604047 0.120953
vt 0.603309 0.116984
vt 0.592895 0.121170
vt 0.592470 0.117060
vt 0.354594 0.056800
vt 0.359067 0.055608
vt 0.354610 0.052030
vt 0.358840 0.050985
vt 0.363070 0.049940
vt 0.363060 0.054255
vt 0.625477 0.119530
vt 0.625804 0.115215
vt 0.635755 0.118325
vt 0.079600 0.084600
vt 0.083367 0.084947
vt 0.080730 0.079730
vt 0.084215 0.081405
vt 0.087700 0.083080
vt 0.087376 0.085415
vt 0.619725 0.111194
vt 0.626177 0.110860
vt 0.621976 0.106928
vt 0.626738 0.106590
vt 0.600900 0.112775
vt 0.609053 0.111938
vt 0.591335 0.112760
vt 0.590200 0.108460
vt 0.598221 0.108071
vt 0.605138 0.107704
vt 0.349158 0.057673
vt 0.349010 0.053350
vt 0.349572 0.063373
vt 0.343017 0.063327
vt 0.343418 0.058172
vt 0.343410 0.054670
vt 0.596672 0.102620
vt 0.602762 0.102958
vt 0.590305 0.101965
vt 0.590410 0.095470
vt 0.596086 0.096987
vt 0.601710 0.097858
vt 0.636275 0.101740
vt 0.640695 0.101640
vt 0.631903 0.101988
vt 0.632468 0.098020
vt 0.636248 0.097408
vt 0.639860 0.096740
vt 0.097335 0.090912
vt 0.091971 0.090287
vt 0.091868 0.086122
vt 0.096619 0.086818
vt 0.091890 0.083790
vt 0.096080 0.084500
vt 0.100418 0.113798
vt 0.092467 0.114138
vt 0.092325 0.098117
vt 0.098514 0.098309
vt 0.091932 0.142875
vt 0.091559 0.178303
vt 0.103306 0.142167
vt 0.106502 0.177202
vt 0.351711 0.087819
vt 0.350520 0.071828
vt 0.341325 0.085903
vt 0.342536 0.071148
vt 0.352434 0.153573
vt 0.352855 0.116128
vt 0.334606 0.146805
vt 0.338738 0.111863
vt 0.106975 0.091077
vt 0.102590 0.091211
vt 0.101407 0.087247
vt 0.105542 0.087229
vt 0.100485 0.084710
vt 0.104890 0.084920
vt 0.637910 0.086890
vt 0.638885 0.091815
vt 0.635775 0.093070
vt 0.634956 0.089201
vt 0.632316 0.094018
vt 0.631794 0.090320
vt 0.107310 0.083950
vt 0.108330 0.086577
vt 0.109730 0.082980
vt 0.110445 0.085610
vt 0.111160 0.088240
vt 0.109731 0.090397
vt 0.631248 0.087260
vt 0.633890 0.086275
vt 0.630644 0.085313
vt 0.632227 0.084124
vt 0.634320 0.082650
vt 0.636115 0.084770
vt 0.104292 0.098028
vt 0.108979 0.097412
vt 0.113761 0.111675
vt 0.107839 0.112838
vt 0.116690 0.103150
vt 0.117215 0.110727
vt 0.111895 0.096602
vt 0.113925 0.095695
vt 0.134589 0.174002
vt 0.122079 0.175583
vt 0.114552 0.140783
vt 0.123527 0.139302
vt 0.144180 0.171950
vt 0.140332 0.173013
vt 0.128085 0.138305
vt 0.130435 0.137550
vt 0.330716 0.061428
vt 0.332825 0.057147
vt 0.338033 0.058245
vt 0.336654 0.062924
vt 0.335150 0.054750
vt 0.339280 0.054710
vt 0.327617 0.054132
vt 0.329585 0.051295
vt 0.325436 0.058102
vt 0.320800 0.052480
vt 0.322410 0.050160
vt 0.324020 0.047840
vt 0.331612 0.083554
vt 0.335012 0.069893
vt 0.323303 0.080772
vt 0.328319 0.067732
vt 0.322825 0.064335
vt 0.317930 0.060320
vt 0.317128 0.077561
vt 0.315060 0.068160
vt 0.301904 0.137941
vt 0.313334 0.105266
vt 0.324957 0.108313
vt 0.316867 0.141675
vt 0.305687 0.102510
vt 0.300030 0.099900
vt 0.292406 0.135363
vt 0.285000 0.131640
vt 0.348930 0.196975
vt 0.328763 0.188511
vt 0.344558 0.241257
vt 0.322839 0.232308
vt 0.341532 0.281343
vt 0.318470 0.273525
vt 0.338824 0.320897
vt 0.314660 0.314804
vt 0.335405 0.363585
vt 0.310416 0.358786
vt 0.331892 0.405286
vt 0.306282 0.401934
vt 0.299766 0.475592
vt 0.302802 0.440712
vt 0.328902 0.441877
vt 0.326136 0.474936
vt 0.295236 0.536574
vt 0.296964 0.507043
vt 0.323292 0.506035
vt 0.321169 0.535357
vt 0.296846 0.593482
vt 0.295421 0.565692
vt 0.320562 0.563085
vt 0.320972 0.589257
vt 0.321895 0.613913
vt 0.324149 0.639268
vt 0.302200 0.644840
vt 0.298837 0.619029
vt 0.314271 0.700286
vt 0.307736 0.673424
vt 0.328550 0.667537
vt 0.333518 0.694623
vt 0.337470 0.716423
vt 0.320629 0.720932
vt 0.340349 0.733175
vt 0.326566 0.736491
vt 0.081806 0.699665
vt 0.076072 0.717950
vt 0.097838 0.708877
vt 0.089770 0.725556
vt 0.083093 0.737971
vt 0.071747 0.731996
vt 0.093581 0.650883
vt 0.088280 0.676620
vt 0.114211 0.661723
vt 0.106829 0.687011
vt 0.095793 0.624520
vt 0.117455 0.634781
vt 0.096704 0.598094
vt 0.119016 0.607099
vt 0.098103 0.572165
vt 0.121351 0.579594
vt 0.099443 0.545612
vt 0.123511 0.551918
vt 0.100416 0.487466
vt 0.100177 0.517312
vt 0.124703 0.493553
vt 0.124549 0.523726
vt 0.100267 0.456272
vt 0.124209 0.459935
vt 0.099616 0.421682
vt 0.122764 0.422693
vt 0.098347 0.381645
vt 0.120064 0.381648
vt 0.096731 0.338567
vt 0.116973 0.338151
vt 0.111902 0.250758
vt 0.114351 0.293550
vt 0.095037 0.294855
vt 0.093458 0.252726
vt 0.092183 0.214398
vt 0.109326 0.212687
vt 0.150227 0.247826
vt 0.132930 0.249109
vt 0.128063 0.210960
vt 0.143259 0.209484
vt 0.149783 0.208527
vt 0.157478 0.246957
vt 0.151970 0.207830
vt 0.159760 0.243710
vt 0.161209 0.336324
vt 0.140919 0.337256
vt 0.137108 0.292225
vt 0.156184 0.291104
vt 0.167335 0.289935
vt 0.164460 0.290412
vt 0.174910 0.336160
vt 0.170478 0.335799
vt 0.168886 0.423588
vt 0.147968 0.423334
vt 0.144690 0.381148
vt 0.165377 0.380490
vt 0.184670 0.423140
vt 0.179180 0.423438
vt 0.175280 0.380022
vt 0.179790 0.379650
vt 0.173711 0.504297
vt 0.151492 0.499638
vt 0.150300 0.463248
vt 0.171930 0.465604
vt 0.190360 0.509690
vt 0.184287 0.506109
vt 0.182490 0.466400
vt 0.187515 0.466415
vt 0.172013 0.567297
vt 0.150120 0.560226
vt 0.151350 0.531253
vt 0.173432 0.537422
vt 0.185500 0.570700
vt 0.181932 0.569897
vt 0.183647 0.539765
vt 0.187930 0.540195
vt 0.167209 0.624458
vt 0.145142 0.616798
vt 0.148050 0.588690
vt 0.170376 0.596241
vt 0.183560 0.628190
vt 0.177348 0.627348
vt 0.180503 0.599032
vt 0.184530 0.599445
vt 0.141397 0.644702
vt 0.161204 0.652158
vt 0.152071 0.679065
vt 0.135236 0.671704
vt 0.174435 0.655585
vt 0.170457 0.655020
vt 0.165310 0.682980
vt 0.160133 0.682047
vt 0.139522 0.704906
vt 0.125075 0.697102
vt 0.126156 0.726559
vt 0.113596 0.718596
vt 0.150180 0.709815
vt 0.146675 0.708430
vt 0.135050 0.736650
vt 0.132598 0.730500
vt 0.114569 0.740903
vt 0.103478 0.733883
vt 0.104244 0.749963
vt 0.094709 0.744374
vt 0.123645 0.746610
vt 0.120417 0.744590
vt 0.112240 0.756570
vt 0.109351 0.753496
vt 0.596292 0.091740
vt 0.601764 0.092560
vt 0.590910 0.090810
vt 0.591410 0.086150
vt 0.597512 0.087083
vt 0.602490 0.087806
vt 0.610467 0.106283
vt 0.614383 0.109398
vt 0.613784 0.104875
vt 0.617364 0.106011
vt 0.466938 0.743763
vt 0.467332 0.766382
vt 0.453495 0.771515
vt 0.452053 0.748749
vt 0.467079 0.784716
vt 0.454522 0.789422
vt 0.440460 0.796020
vt 0.437755 0.777965
vt 0.435050 0.759910
vt 0.464895 0.678737
vt 0.465845 0.713048
vt 0.450275 0.717190
vt 0.448916 0.681802
vt 0.432580 0.722365
vt 0.430110 0.684820
vt 0.465083 0.611885
vt 0.464932 0.645329
vt 0.448730 0.647550
vt 0.448529 0.613685
vt 0.430195 0.650065
vt 0.430280 0.615310
vt 0.463582 0.542561
vt 0.464478 0.577469
vt 0.447127 0.579460
vt 0.445609 0.544823
vt 0.426925 0.581530
vt 0.423570 0.547750
vt 0.462068 0.468991
vt 0.462860 0.507639
vt 0.445060 0.509722
vt 0.444586 0.470815
vt 0.424270 0.512005
vt 0.424970 0.476260
vt 0.459720 0.372683
vt 0.460963 0.422901
vt 0.443292 0.424757
vt 0.441658 0.374975
vt 0.422720 0.426930
vt 0.420470 0.377600
vt 0.456962 0.270935
vt 0.458519 0.321648
vt 0.440160 0.324892
vt 0.438260 0.274762
vt 0.418795 0.328665
vt 0.417120 0.279730
vt 0.452751 0.175452
vt 0.454651 0.221680
vt 0.435420 0.224835
vt 0.433046 0.177625
vt 0.412980 0.228485
vt 0.408840 0.177240
vt 0.452323 0.095540
vt 0.452430 0.133819
vt 0.432543 0.135645
vt 0.433681 0.097091
vt 0.408855 0.137780
vt 0.408870 0.098320
vt 0.418930 0.061020
vt 0.436233 0.060158
vt 0.428990 0.023720
vt 0.438516 0.031212
vt 0.451066 0.059377
vt 0.438850 0.016620
vt 0.431110 0.015810
vt 0.433230 0.007900
vt 0.438502 0.010394
vt 0.438738 0.006548
vt 0.443056 0.007430
vt 0.434525 0.005570
vt 0.435820 0.003240
vt 0.439265 0.003890
vt 0.442710 0.004540
vt 0.613089 0.098614
vt 0.607427 0.098351
vt 0.607413 0.093160
vt 0.613029 0.093619
vt 0.607656 0.088172
vt 0.613338 0.087834
vt 0.608297 0.102662
vt 0.613471 0.102349
vt 0.618623 0.089279
vt 0.618402 0.094015
vt 0.623308 0.089982
vt 0.623468 0.094282
vt 0.623656 0.098793
vt 0.618544 0.098795
vt 0.623222 0.102901
vt 0.618475 0.102635
vt 0.458197 0.017800
vt 0.458522 0.031315
vt 0.458198 0.011985
vt 0.462711 0.010935
vt 0.463858 0.017082
vt 0.465746 0.030846
vt 0.449520 0.005020
vt 0.454535 0.004030
vt 0.456733 0.007640
vt 0.452189 0.008301
vt 0.459550 0.003040
vt 0.461173 0.006593
vt 0.447585 0.008123
vt 0.446115 0.004780
vt 0.618027 0.081512
vt 0.619818 0.078862
vt 0.623338 0.079983
vt 0.621482 0.082576
vt 0.622180 0.076070
vt 0.625270 0.077590
vt 0.628360 0.079110
vt 0.626506 0.081311
vt 0.624923 0.083679
vt 0.615655 0.078215
vt 0.616920 0.075655
vt 0.614613 0.080724
vt 0.611045 0.080891
vt 0.611274 0.078152
vt 0.611660 0.075240
vt 0.478850 0.022590
vt 0.473361 0.029999
vt 0.469355 0.016098
vt 0.474770 0.014980
vt 0.467114 0.009789
vt 0.470690 0.007370
vt 0.464125 0.002495
vt 0.465470 0.005610
vt 0.468700 0.001950
vt 0.469695 0.004660
vt 0.505570 0.088790
vt 0.487168 0.092246
vt 0.480298 0.056957
vt 0.492210 0.055690
vt 0.473360 0.093435
vt 0.469507 0.058042
vt 0.627805 0.090454
vt 0.628160 0.094352
vt 0.628284 0.098508
vt 0.627625 0.102530
vt 0.460960 0.058760
vt 0.463647 0.094428
vt 0.464718 0.132610
vt 0.465535 0.174056
vt 0.475526 0.131792
vt 0.477152 0.173284
vt 0.467463 0.219515
vt 0.469555 0.268234
vt 0.479387 0.218086
vt 0.481487 0.266260
vt 0.482707 0.317871
vt 0.470868 0.319460
vt 0.483546 0.370172
vt 0.471819 0.371254
vt 0.484503 0.420416
vt 0.472828 0.421678
vt 0.485388 0.465942
vt 0.473809 0.467616
vt 0.474680 0.505955
vt 0.475449 0.540646
vt 0.486013 0.504088
vt 0.486580 0.538715
vt 0.487291 0.573684
vt 0.476125 0.575638
vt 0.487893 0.608300
vt 0.476526 0.610223
vt 0.488138 0.641864
vt 0.476468 0.643695
vt 0.488298 0.675331
vt 0.476498 0.676972
vt 0.488646 0.709653
vt 0.477165 0.710972
vt 0.488525 0.740408
vt 0.477707 0.741382
vt 0.477363 0.763885
vt 0.476179 0.782511
vt 0.487281 0.763176
vt 0.485022 0.782306
vt 0.521850 0.743090
vt 0.516075 0.764115
vt 0.500782 0.763410
vt 0.503560 0.739642
vt 0.510300 0.785140
vt 0.496810 0.783602
vt 0.524220 0.668160
vt 0.523035 0.705625
vt 0.504698 0.707778
vt 0.504868 0.672640
vt 0.504745 0.639053
vt 0.504223 0.605716
vt 0.523420 0.603340
vt 0.523820 0.635750
vt 0.501603 0.418447
vt 0.502381 0.463224
vt 0.500496 0.368917
vt 0.519970 0.369570
vt 0.521415 0.416125
vt 0.522860 0.462680
vt 0.517770 0.260520
vt 0.518870 0.315045
vt 0.499540 0.316422
vt 0.498204 0.264612
vt 0.493357 0.172984
vt 0.495955 0.217137
vt 0.511920 0.172340
vt 0.514845 0.216430
vt 0.490975 0.131137
vt 0.508745 0.130565
vt 0.305476 0.748149
vt 0.299129 0.752537
vt 0.287330 0.738342
vt 0.294609 0.734347
vt 0.291940 0.757140
vt 0.282120 0.741025
vt 0.272300 0.724910
vt 0.275859 0.719057
vt 0.283419 0.715071
vt 0.244320 0.665230
vt 0.252119 0.663889
vt 0.263125 0.693055
vt 0.258310 0.695070
vt 0.262062 0.660201
vt 0.271665 0.689196
vt 0.287655 0.681647
vt 0.280130 0.652835
vt 0.296898 0.707958
vt 0.306025 0.727725
vt 0.314781 0.742141
vt 0.254880 0.602904
vt 0.257327 0.631571
vt 0.245832 0.635110
vt 0.241967 0.606225
vt 0.238005 0.637415
vt 0.231690 0.609600
vt 0.276155 0.625562
vt 0.273994 0.598344
vt 0.227235 0.579090
vt 0.238227 0.576740
vt 0.222780 0.548580
vt 0.235956 0.546326
vt 0.250420 0.543885
vt 0.252145 0.573803
vt 0.271912 0.569692
vt 0.270917 0.540025
vt 0.225240 0.515985
vt 0.236497 0.514655
vt 0.227700 0.483390
vt 0.238491 0.479700
vt 0.252893 0.478563
vt 0.251006 0.512766
vt 0.272015 0.509757
vt 0.274335 0.476997
vt 0.503197 0.571330
vt 0.502347 0.536407
vt 0.519530 0.534210
vt 0.521475 0.568775
vt 0.231880 0.396060
vt 0.239465 0.344395
vt 0.249593 0.345592
vt 0.243894 0.394514
vt 0.247050 0.292730
vt 0.256573 0.296977
vt 0.269953 0.300433
vt 0.263543 0.348050
vt 0.258356 0.395732
vt 0.229790 0.439725
vt 0.240575 0.439435
vt 0.255075 0.439394
vt 0.260060 0.208900
vt 0.271728 0.211962
vt 0.263738 0.252977
vt 0.253555 0.250815
vt 0.284415 0.215912
vt 0.276904 0.256966
vt 0.272530 0.170270
vt 0.281185 0.172302
vt 0.292506 0.175530
vt 0.302122 0.223276
vt 0.309160 0.181148
vt 0.296037 0.264607
vt 0.290509 0.307179
vt 0.285140 0.353028
vt 0.280461 0.398478
vt 0.330160 0.781180
vt 0.311050 0.769160
vt 0.312847 0.763268
vt 0.325573 0.769430
vt 0.316262 0.757604
vt 0.323994 0.762892
vt 0.496910 0.831270
vt 0.487651 0.823094
vt 0.492087 0.804740
vt 0.503605 0.808205
vt 0.478744 0.819696
vt 0.481858 0.802144
vt 0.322910 0.752400
vt 0.331839 0.748092
vt 0.336725 0.757696
vt 0.329689 0.760871
vt 0.342097 0.745118
vt 0.352077 0.744409
vt 0.350856 0.752411
vt 0.344433 0.754603
vt 0.363760 0.769270
vt 0.355751 0.757913
vt 0.360170 0.746900
vt 0.367320 0.750990
vt 0.615880 0.736350
vt 0.602025 0.736790
vt 0.629194 0.735859
vt 0.629929 0.748659
vt 0.617847 0.749111
vt 0.604900 0.751520
vt 0.641425 0.735268
vt 0.653115 0.734625
vt 0.651530 0.748900
vt 0.641073 0.747832
vt 0.051870 0.759180
vt 0.050735 0.742875
vt 0.055778 0.740162
vt 0.058663 0.750605
vt 0.061728 0.739346
vt 0.062483 0.746803
vt 0.069495 0.742323
vt 0.078278 0.747049
vt 0.074922 0.753989
vt 0.067722 0.750118
vt 0.094666 0.755762
vt 0.087278 0.751485
vt 0.088459 0.758928
vt 0.082164 0.757028
vt 0.089450 0.771940
vt 0.088763 0.763377
vt 0.098615 0.760015
vt 0.100845 0.764255
vt 0.466231 0.802572
vt 0.455052 0.806403
vt 0.465152 0.818327
vt 0.455501 0.821069
vt 0.444080 0.826990
vt 0.442270 0.811505
vt 0.474203 0.801288
vt 0.472072 0.817988
vt 0.353878 0.772882
vt 0.349073 0.763983
vt 0.345634 0.776104
vt 0.341499 0.767266
vt 0.337886 0.778534
vt 0.334395 0.769922
vt 0.341020 0.785685
vt 0.333700 0.787655
vt 0.348603 0.783511
vt 0.350953 0.791145
vt 0.343872 0.792986
vt 0.337240 0.794130
vt 0.484535 0.834935
vt 0.476637 0.831962
vt 0.493275 0.838605
vt 0.489640 0.845940
vt 0.482493 0.844066
vt 0.475343 0.841981
vt 0.365080 0.778140
vt 0.356710 0.780927
vt 0.366400 0.787010
vt 0.358653 0.789402
vt 0.620198 0.757175
vt 0.609360 0.757675
vt 0.630799 0.756571
vt 0.631635 0.763406
vt 0.622533 0.764194
vt 0.613820 0.763830
vt 0.064835 0.756568
vt 0.061938 0.762595
vt 0.072621 0.759991
vt 0.070714 0.765769
vt 0.079534 0.768838
vt 0.080348 0.762815
vt 0.086560 0.778190
vt 0.077430 0.775085
vt 0.083670 0.784440
vt 0.074291 0.782362
vt 0.065905 0.779584
vt 0.068542 0.772042
vt 0.464204 0.830357
vt 0.456280 0.832032
vt 0.463506 0.840889
vt 0.456989 0.841786
vt 0.450930 0.842130
vt 0.447505 0.834560
vt 0.060138 0.769123
vt 0.051975 0.766265
vt 0.058366 0.776984
vt 0.052080 0.773350
vt 0.650820 0.754845
vt 0.640927 0.755760
vt 0.650110 0.760790
vt 0.640821 0.762679
vt 0.470425 0.830385
vt 0.469319 0.840938
vt 0.062605 0.789171
vt 0.055555 0.787013
vt 0.059220 0.799831
vt 0.052451 0.798119
vt 0.045650 0.796500
vt 0.048865 0.784925
vt 0.649150 0.771500
vt 0.640585 0.772215
vt 0.648190 0.782210
vt 0.640481 0.783062
vt 0.632848 0.783918
vt 0.632270 0.772974
vt 0.078505 0.793845
vt 0.070375 0.791472
vt 0.073340 0.803250
vt 0.066391 0.801591
vt 0.451290 0.865470
vt 0.451110 0.853800
vt 0.457225 0.852820
vt 0.457209 0.864311
vt 0.463179 0.852152
vt 0.463042 0.863643
vt 0.468813 0.852108
vt 0.474665 0.852787
vt 0.474407 0.864041
vt 0.468656 0.863531
vt 0.481277 0.854290
vt 0.488270 0.856205
vt 0.486900 0.866470
vt 0.480656 0.865241
vt 0.346520 0.802050
vt 0.340230 0.803590
vt 0.353233 0.800666
vt 0.355581 0.811215
vt 0.349128 0.812229
vt 0.343220 0.813050
vt 0.371150 0.810340
vt 0.363046 0.810549
vt 0.360792 0.799592
vt 0.368775 0.798675
vt 0.624455 0.773822
vt 0.616890 0.774715
vt 0.625961 0.784763
vt 0.619960 0.785600
vt 0.480397 0.876552
vt 0.474374 0.875404
vt 0.486545 0.877995
vt 0.486190 0.889520
vt 0.480489 0.887826
vt 0.474606 0.886679
vt 0.351860 0.822878
vt 0.346050 0.823985
vt 0.358133 0.821936
vt 0.360676 0.832541
vt 0.354527 0.833539
vt 0.348880 0.834920
vt 0.365304 0.852815
vt 0.359274 0.853837
vt 0.356940 0.843758
vt 0.362995 0.842744
vt 0.353430 0.854820
vt 0.351155 0.844870
vt 0.480920 0.898660
vt 0.475142 0.897666
vt 0.486600 0.899810
vt 0.487010 0.910100
vt 0.481501 0.909236
vt 0.475766 0.908391
vt 0.365332 0.821325
vt 0.372995 0.820880
vt 0.374840 0.831420
vt 0.367548 0.831819
vt 0.369590 0.841930
vt 0.376455 0.841215
vt 0.378070 0.851010
vt 0.371709 0.851931
vt 0.633514 0.794879
vt 0.627050 0.795720
vt 0.634307 0.805757
vt 0.627947 0.806550
vt 0.622000 0.807400
vt 0.620980 0.796500
vt 0.636020 0.827051
vt 0.629592 0.827606
vt 0.628880 0.817110
vt 0.635264 0.816452
vt 0.623210 0.828030
vt 0.622605 0.817715
vt 0.648415 0.792890
vt 0.640767 0.793915
vt 0.648640 0.803570
vt 0.641283 0.804786
vt 0.648575 0.814870
vt 0.641865 0.815687
vt 0.648510 0.826170
vt 0.642407 0.826522
vt 0.056327 0.810591
vt 0.049800 0.809213
vt 0.053674 0.821387
vt 0.047246 0.820307
vt 0.041090 0.819090
vt 0.043370 0.807795
vt 0.034710 0.842160
vt 0.037900 0.830625
vt 0.044435 0.831418
vt 0.041583 0.842445
vt 0.051010 0.832157
vt 0.048491 0.842904
vt 0.069865 0.813150
vt 0.063048 0.811890
vt 0.066390 0.823050
vt 0.060191 0.822311
vt 0.057665 0.832793
vt 0.055406 0.843329
vt 0.064360 0.833375
vt 0.062330 0.843700
vt 0.462915 0.874859
vt 0.457160 0.875432
vt 0.462916 0.885869
vt 0.457160 0.886307
vt 0.451450 0.887100
vt 0.451370 0.876285
vt 0.451510 0.908200
vt 0.451480 0.897650
vt 0.457290 0.897055
vt 0.457411 0.907758
vt 0.463165 0.896740
vt 0.463439 0.907517
vt 0.468740 0.886010
vt 0.468600 0.874845
vt 0.469651 0.907773
vt 0.469170 0.896985
vt 0.636212 0.837644
vt 0.629827 0.838243
vt 0.636143 0.847853
vt 0.629789 0.848547
vt 0.623880 0.849800
vt 0.623545 0.838915
vt 0.642802 0.837193
vt 0.643073 0.847356
vt 0.649495 0.836815
vt 0.650480 0.847460
vt 0.636077 0.866026
vt 0.636114 0.857302
vt 0.643240 0.856673
vt 0.643090 0.865285
vt 0.650710 0.856100
vt 0.650940 0.864740
vt 0.629678 0.858045
vt 0.629659 0.866733
vt 0.623290 0.867890
vt 0.623585 0.858845
vt 0.028070 0.863700
vt 0.031390 0.852930
vt 0.038905 0.853292
vt 0.036446 0.863709
vt 0.046274 0.853629
vt 0.044124 0.864154
vt 0.041807 0.874303
vt 0.034250 0.873445
vt 0.039531 0.883457
vt 0.032178 0.882384
vt 0.024500 0.881660
vt 0.026285 0.872680
vt 0.053350 0.853912
vt 0.051172 0.864574
vt 0.060280 0.854170
vt 0.058230 0.864640
vt 0.054880 0.876480
vt 0.048548 0.875345
vt 0.051530 0.888320
vt 0.046189 0.884907
vt 0.463517 0.918246
vt 0.457385 0.918498
vt 0.463719 0.929079
vt 0.457604 0.929513
vt 0.451290 0.929680
vt 0.451400 0.918940
vt 0.453970 0.954600
vt 0.452630 0.942140
vt 0.458460 0.941045
vt 0.459557 0.951245
vt 0.464363 0.940169
vt 0.465038 0.950048
vt 0.469945 0.918378
vt 0.476258 0.918877
vt 0.476507 0.929295
vt 0.470162 0.928972
vt 0.470412 0.939730
vt 0.476403 0.939814
vt 0.475943 0.949283
vt 0.470477 0.949389
vt 0.488130 0.931430
vt 0.482328 0.930155
vt 0.482045 0.919732
vt 0.487570 0.920765
vt 0.482128 0.940508
vt 0.487720 0.941505
vt 0.487310 0.951580
vt 0.481500 0.949744
vt 0.370211 0.872995
vt 0.364124 0.874161
vt 0.361708 0.864083
vt 0.367816 0.863024
vt 0.358000 0.875590
vt 0.355715 0.865205
vt 0.366408 0.883743
vt 0.360760 0.885280
vt 0.372169 0.882349
vt 0.373739 0.890993
vt 0.368363 0.892420
vt 0.363520 0.894970
vt 0.374155 0.862095
vt 0.380610 0.861230
vt 0.383150 0.871450
vt 0.376461 0.872005
vt 0.378160 0.881245
vt 0.384265 0.880285
vt 0.385380 0.889120
vt 0.379474 0.889784
vt 0.465331 0.957251
vt 0.460497 0.958265
vt 0.465461 0.962769
vt 0.461184 0.963503
vt 0.457330 0.964410
vt 0.455650 0.959505
vt 0.035605 0.897438
vt 0.037505 0.891001
vt 0.044808 0.891943
vt 0.043714 0.897519
vt 0.052055 0.893060
vt 0.052580 0.897800
vt 0.475125 0.956552
vt 0.470137 0.956688
vt 0.474350 0.962174
vt 0.469774 0.962327
vt 0.480503 0.956820
vt 0.479421 0.962308
vt 0.486075 0.957290
vt 0.484840 0.963000
vt 0.374966 0.898830
vt 0.369795 0.899787
vt 0.375828 0.905201
vt 0.370640 0.905701
vt 0.366220 0.906240
vt 0.364870 0.900605
vt 0.380628 0.897592
vt 0.381513 0.904051
vt 0.386535 0.896215
vt 0.387690 0.903310
vt 0.635982 0.874059
vt 0.629898 0.874608
vt 0.635946 0.880921
vt 0.630199 0.881258
vt 0.624680 0.882250
vt 0.623985 0.875070
vt 0.649010 0.872530
vt 0.642410 0.873338
vt 0.647080 0.880320
vt 0.641894 0.880389
vt 0.020750 0.898340
vt 0.022625 0.890000
vt 0.030093 0.890413
vt 0.028021 0.897516
vt 0.650110 0.891420
vt 0.642791 0.890758
vt 0.642235 0.886000
vt 0.648595 0.885870
vt 0.636253 0.890546
vt 0.636089 0.886134
vt 0.018670 0.904015
vt 0.025990 0.903680
vt 0.024398 0.908887
vt 0.033707 0.903269
vt 0.031913 0.908423
vt 0.630370 0.886275
vt 0.624865 0.886420
vt 0.630445 0.890693
vt 0.625050 0.890590
vt 0.387875 0.907465
vt 0.382025 0.908540
vt 0.388060 0.911620
vt 0.382587 0.912344
vt 0.376767 0.912854
vt 0.376302 0.909447
vt 0.364770 0.914600
vt 0.365495 0.910420
vt 0.370835 0.910017
vt 0.371080 0.913554
vt 0.483195 0.967055
vt 0.478540 0.966783
vt 0.481550 0.971110
vt 0.478072 0.970880
vt 0.473957 0.970889
vt 0.474019 0.966703
vt 0.465802 0.971947
vt 0.465647 0.967596
vt 0.469768 0.967010
vt 0.469878 0.971280
vt 0.457450 0.973990
vt 0.457390 0.969200
vt 0.461520 0.968355
vt 0.461696 0.972783
vt 0.042220 0.902705
vt 0.040504 0.907376
vt 0.051130 0.902065
vt 0.049680 0.906330
vt 0.030322 0.912829
vt 0.023642 0.913118
vt 0.028791 0.916800
vt 0.022966 0.916754
vt 0.649820 0.900360
vt 0.643154 0.899794
vt 0.642920 0.895252
vt 0.649965 0.895890
vt 0.636487 0.899566
vt 0.636283 0.895007
vt 0.038745 0.911407
vt 0.036858 0.915269
vt 0.048040 0.909420
vt 0.046400 0.912510
vt 0.465839 0.976037
vt 0.461902 0.976748
vt 0.465839 0.979997
vt 0.461881 0.980708
vt 0.458570 0.981280
vt 0.458010 0.977635
vt 0.473991 0.975479
vt 0.469865 0.975680
vt 0.474238 0.979891
vt 0.469954 0.979885
vt 0.478227 0.975237
vt 0.478703 0.979532
vt 0.482520 0.974975
vt 0.483490 0.978840
vt 0.372075 0.917127
vt 0.366805 0.917775
vt 0.377597 0.916708
vt 0.378820 0.920882
vt 0.373633 0.920911
vt 0.368840 0.920950
vt 0.391740 0.922400
vt 0.384898 0.921313
vt 0.383622 0.916745
vt 0.389900 0.917010
vt 0.625040 0.902360
vt 0.625045 0.896475
vt 0.630460 0.895545
vt 0.630689 0.900436
vt 0.638299 0.909137
vt 0.632499 0.909408
vt 0.631405 0.904970
vt 0.637177 0.904274
vt 0.627300 0.910090
vt 0.626170 0.906225
vt 0.386180 0.925618
vt 0.380462 0.925248
vt 0.392310 0.926085
vt 0.392880 0.929770
vt 0.387191 0.929580
vt 0.382053 0.929428
vt 0.653000 0.910990
vt 0.645199 0.909741
vt 0.644025 0.904695
vt 0.651410 0.905675
vt 0.004340 0.924630
vt 0.006975 0.920090
vt 0.012015 0.919477
vt 0.009948 0.923092
vt 0.016934 0.919347
vt 0.021613 0.920180
vt 0.027178 0.920649
vt 0.043345 0.917360
vt 0.034758 0.919428
vt 0.040290 0.922210
vt 0.032935 0.923699
vt 0.455150 0.992080
vt 0.456860 0.986680
vt 0.461372 0.985125
vt 0.460620 0.989770
vt 0.465878 0.983959
vt 0.466096 0.986824
vt 0.470370 0.983570
vt 0.474819 0.983537
vt 0.474860 0.987309
vt 0.470121 0.987402
vt 0.483580 0.987780
vt 0.479111 0.987545
vt 0.479195 0.983440
vt 0.483535 0.983310
vt 0.377479 0.929391
vt 0.375567 0.925075
vt 0.373330 0.929050
vt 0.371085 0.925000
vt 0.641032 0.918416
vt 0.635050 0.918059
vt 0.633862 0.914012
vt 0.639799 0.914163
vt 0.629160 0.918040
vt 0.628230 0.914065
vt 0.646343 0.914720
vt 0.653190 0.915480
vt 0.653380 0.919970
vt 0.647024 0.918823
vt 0.001950 0.932600
vt 0.003145 0.928615
vt 0.008405 0.926522
vt 0.007601 0.929644
vt 0.037870 0.927750
vt 0.031882 0.927900
vt 0.035450 0.933290
vt 0.031348 0.931993
vt 0.025983 0.931911
vt 0.025645 0.928326
vt 0.018948 0.932284
vt 0.018908 0.929305
vt 0.011540 0.934000
vt 0.012624 0.930690
vt 0.458870 0.996840
vt 0.462480 0.992150
vt 0.468212 0.992050
vt 0.465475 0.997105
vt 0.473490 0.992095
vt 0.472080 0.997370
vt 0.477857 0.992430
vt 0.476020 0.997705
vt 0.481770 0.992910
vt 0.479960 0.998040
vt 0.378970 0.933630
vt 0.375005 0.934550
vt 0.383123 0.933043
vt 0.383820 0.935610
vt 0.380250 0.937830
vt 0.376680 0.940050
vt 0.387653 0.933123
vt 0.392370 0.933535
vt 0.391860 0.937300
vt 0.387840 0.936455
vt 0.652130 0.921605
vt 0.646812 0.921242
vt 0.650880 0.923240
vt 0.646155 0.922820
vt 0.641000 0.922334
vt 0.641355 0.920957
vt 0.635617 0.920825
vt 0.629740 0.920770
vt 0.636723 0.923091
vt 0.630320 0.923500
vt 0.007750 0.932335
vt 0.008375 0.934810
vt 0.005210 0.935620
vt 0.003580 0.934110
vt 0.616292 0.084430
vt 0.619780 0.085570
vt 0.623825 0.086509
vt 0.627770 0.087205
vt 0.628294 0.084586
vt 0.607103 0.078782
vt 0.606905 0.076160
vt 0.607316 0.081515
vt 0.604622 0.082051
vt 0.603284 0.080381
vt 0.602150 0.077080
vt 0.596780 0.081615
vt 0.599965 0.083222
vt 0.603457 0.084338
vt 0.034350 0.936840
vt 0.031080 0.935940
vt 0.033250 0.940390
vt 0.030941 0.939699
vt 0.028238 0.939319
vt 0.027750 0.935787
vt 0.032560 0.948980
vt 0.029991 0.946300
vt 0.030795 0.943225
vt 0.032905 0.944685
vt 0.028496 0.944934
vt 0.028513 0.942451
vt 0.022389 0.935267
vt 0.018365 0.934992
vt 0.019910 0.938110
vt 0.017470 0.937565
vt 0.015030 0.937020
vt 0.013285 0.935510
vt 0.024300 0.937127
vt 0.025124 0.939934
vt 0.021670 0.940320
vt 0.020790 0.939215
vt 0.642329 0.928237
vt 0.643453 0.930663
vt 0.647740 0.929030
vt 0.647085 0.931715
vt 0.646430 0.934400
vt 0.643735 0.933000
vt 0.639522 0.925637
vt 0.635546 0.926708
vt 0.644585 0.925715
vt 0.029135 0.951095
vt 0.027878 0.948705
vt 0.025710 0.953210
vt 0.025110 0.950775
vt 0.024510 0.948340
vt 0.026751 0.946096
vt 0.025888 0.943047
vt 0.023090 0.944330
vt 0.521195 0.498445
vt 0.502352 0.501458
vt 0.277005 0.439853
vt 0.629618 0.082580
vt 0.631340 0.080880
vt 0.633740 0.930072
vt 0.630525 0.929365
vt 0.633020 0.934585
vt 0.630730 0.935230
vt 0.607562 0.084468
vt 0.611382 0.083952
vt 0.614017 0.083130
s 1
usemtl defaultMat
f 19/1/1 628/2/2 314/3/3 630/4/4
f 91/5/5 629/6/6 314/3/3 628/2/2
f 22/7/7 630/4/4 314/3/3 629/6/6
f 86/8/8 631/9/9 315/10/10 633/11/11
f 288/12/12 632/13/13 315/10/10 631/9/9
f 289/14/14 633/11/11 315/10/10 632/13/13
f 312/15/15 634/16/16 316/17/17 636/18/18
f 255/19/19 635/20/20 316/17/17 634/16/16
f 244/21/21 636/18/18 316/17/17 635/20/20
f 313/22/22 637/23/23 317/24/24 639/25/25
f 264/26/26 638/27/27 317/24/24 637/23/23
f 272/28/28 639/25/25 317/24/24 638/27/27
f 309/29/29 640/30/30 318/31/31 642/32/32
f 311/33/33 641/34/34 318/31/31 640/30/30
f 310/35/35 642/32/32 318/31/31 641/34/34
f 3/36/36 643/37/37 319/38/38 646/39/39
f 1/40/40 644/41/41 319/38/38 643/37/37
f 66/42/42 645/43/43 319/38/38 644/41/41
f 67/44/44 646/39/39 319/38/38 645/43/43
f 66/42/42 644/41/41 320/45/45 649/46/46
f 1/40/40 647/47/47 320/45/45 644/41/41
f 159/48/48 648/49/49 320/45/45 647/47/47
f 158/50/50 649/46/46 320/45/45 648/49/49
f 3/51/36 650/52/51 321/53/52 643/54/37
f 40/55/53 651/56/54 321/53/52 650/52/51
f 39/57/55 652/58/56 321/53/52 651/56/54
f 1/59/40 643/54/37 321/53/52 652/58/56
f 160/60/57 653/61/58 322/62/59 654/63/60
f 159/64/48 647/65/47 322/62/59 653/61/58
f 1/59/40 652/58/56 322/62/59 647/65/47
f 39/57/55 654/63/60 322/62/59 652/58/56
f 156/66/61 655/67/62 323/68/63 658/69/64
f 38/70/65 656/71/66 323/68/63 655/67/62
f 2/72/67 657/73/68 323/68/63 656/71/66
f 157/74/69 658/69/64 323/68/63 657/73/68
f 2/75/67 659/76/70 324/77/71 657/78/68
f 66/42/42 649/46/46 324/77/71 659/76/70
f 158/50/50 660/79/72 324/77/71 649/46/46
f 157/80/69 657/78/68 324/77/71 660/79/72
f 4/81/73 661/82/74 325/83/75 662/84/76
f 67/44/44 645/43/43 325/83/75 661/82/74
f 66/42/42 659/76/70 325/83/75 645/43/43
f 2/75/67 662/84/76 325/83/75 659/76/70
f 37/85/77 663/86/78 326/87/79 664/88/80
f 4/89/73 662/90/76 326/87/79 663/86/78
f 2/72/67 656/71/66 326/87/79 662/90/76
f 38/70/65 664/88/80 326/87/79 656/71/66
f 40/55/53 650/52/51 327/91/81 667/92/82
f 3/51/36 665/93/83 327/91/81 650/52/51
f 131/94/84 666/95/85 327/91/81 665/93/83
f 132/96/86 667/92/82 327/91/81 666/95/85
f 131/97/84 665/98/83 328/99/87 669/100/88
f 3/36/36 646/39/39 328/99/87 665/98/83
f 67/44/44 668/101/89 328/99/87 646/39/39
f 130/102/90 669/100/88 328/99/87 668/101/89
f 130/102/90 668/101/89 329/103/91 671/104/92
f 67/44/44 661/82/74 329/103/91 668/101/89
f 4/81/73 670/105/93 329/103/91 661/82/74
f 129/106/94 671/104/92 329/103/91 670/105/93
f 128/107/95 672/108/96 330/109/97 673/110/98
f 129/111/94 670/112/93 330/109/97 672/108/96
f 4/89/73 663/86/78 330/109/97 670/112/93
f 37/85/77 673/110/98 330/109/97 663/86/78
f 5/113/99 674/114/100 331/115/101 676/116/102
f 129/111/94 672/108/96 331/115/101 674/114/100
f 128/107/95 675/117/103 331/115/101 672/108/96
f 36/118/104 676/116/102 331/115/101 675/117/103
f 68/119/105 677/120/106 332/121/107 678/122/108
f 130/102/90 671/104/92 332/121/107 677/120/106
f 129/106/94 674/123/100 332/121/107 671/104/92
f 5/124/99 678/122/108 332/121/107 674/123/100
f 36/118/104 679/125/109 333/126/110 676/116/102
f 141/127/111 680/128/112 333/126/110 679/125/109
f 142/129/113 681/130/114 333/126/110 680/128/112
f 5/113/99 676/116/102 333/126/110 681/130/114
f 5/124/99 681/131/114 334/132/115 678/122/108
f 142/133/113 682/134/116 334/132/115 681/131/114
f 143/135/117 683/136/118 334/132/115 682/134/116
f 68/119/105 678/122/108 334/132/115 683/136/118
f 6/137/119 684/138/120 335/139/121 686/140/122
f 68/119/105 683/136/118 335/139/121 684/138/120
f 143/135/117 685/141/123 335/139/121 683/136/118
f 144/142/124 686/140/122 335/139/121 685/141/123
f 68/119/105 684/138/120 336/143/125 677/120/106
f 6/137/119 687/144/126 336/143/125 684/138/120
f 131/97/84 669/100/88 336/143/125 687/144/126
f 130/102/90 677/120/106 336/143/125 669/100/88
f 132/96/86 666/95/85 337/145/127 689/146/128
f 131/94/84 687/147/126 337/145/127 666/95/85
f 6/148/119 688/149/129 337/145/127 687/147/126
f 41/150/130 689/146/128 337/145/127 688/149/129
f 41/150/130 688/149/129 338/151/131 691/152/132
f 6/148/119 686/153/122 338/151/131 688/149/129
f 144/154/124 690/155/133 338/151/131 686/153/122
f 145/156/134 691/152/132 338/151/131 690/155/133
f 7/157/135 692/158/136 339/159/137 694/160/138
f 144/142/124 685/141/123 339/159/137 692/158/136
f 143/135/117 693/161/139 339/159/137 685/141/123
f 69/162/140 694/160/138 339/159/137 693/161/139
f 7/163/135 695/164/141 340/165/142 692/166/136
f 42/167/143 696/168/144 340/165/142 695/164/141
f 145/156/134 690/155/133 340/165/142 696/168/144
f 144/154/124 692/166/136 340/165/142 690/155/133
f 69/162/140 697/169/145 341/170/146 694/160/138
f 70/171/147 698/172/148 341/170/146 697/169/145
f 10/173/149 699/174/150 341/170/146 698/172/148
f 7/157/135 694/160/138 341/170/146 699/174/150
f 42/167/143 695/164/141 342/175/151 701/176/152
f 7/163/135 699/177/150 342/175/151 695/164/141
f 10/178/149 700/179/153 342/175/151 699/177/150
f 43/180/154 701/176/152 342/175/151 700/179/153
f 8/181/155 702/182/156 343/183/157 704/184/158
f 9/185/159 703/186/160 343/183/157 702/182/156
f 70/171/147 697/169/145 343/183/157 703/186/160
f 69/162/140 704/184/158 343/183/157 697/169/145
f 142/133/113 705/187/161 344/188/162 682/134/116
f 8/181/155 704/184/158 344/188/162 705/187/161
f 69/162/140 693/161/139 344/188/162 704/184/158
f 143/135/117 682/134/116 344/188/162 693/161/139
f 35/189/163 706/190/164 345/191/165 707/192/166
f 8/193/155 705/194/161 345/191/165 706/190/164
f 142/129/113 680/128/112 345/191/165 705/194/161
f 141/127/111 707/192/166 345/191/165 680/128/112
f 8/193/155 706/190/164 346/195/167 702/196/156
f 35/189/163 708/197/168 346/195/167 706/190/164
f 34/198/169 709/199/170 346/195/167 708/197/168
f 9/200/159 702/196/156 346/195/167 709/199/170
f 71/201/171 710/202/172 347/203/173 712/204/174
f 70/171/147 703/186/160 347/203/173 710/202/172
f 9/185/159 711/205/175 347/203/173 703/186/160
f 12/206/176 712/204/174 347/203/173 711/205/175
f 34/198/169 713/207/177 348/208/178 709/199/170
f 33/209/179 714/210/180 348/208/178 713/207/177
f 12/211/176 711/212/175 348/208/178 714/210/180
f 9/200/159 709/199/170 348/208/178 711/212/175
f 11/213/181 715/214/182 349/215/183 716/216/184
f 10/173/149 698/172/148 349/215/183 715/214/182
f 70/171/147 710/202/172 349/215/183 698/172/148
f 71/201/171 716/216/184 349/215/183 710/202/172
f 44/217/185 717/218/186 350/219/187 718/220/188
f 43/180/154 700/179/153 350/219/187 717/218/186
f 10/178/149 715/221/182 350/219/187 700/179/153
f 11/222/181 718/220/188 350/219/187 715/221/182
f 72/223/189 719/224/190 351/225/191 721/226/192
f 14/227/193 720/228/194 351/225/191 719/224/190
f 11/213/181 716/216/184 351/225/191 720/228/194
f 71/201/171 721/226/192 351/225/191 716/216/184
f 45/229/195 722/230/196 352/231/197 723/232/198
f 44/217/185 718/220/188 352/231/197 722/230/196
f 11/222/181 720/233/194 352/231/197 718/220/188
f 14/234/193 723/232/198 352/231/197 720/233/194
f 12/206/176 724/235/199 353/236/200 712/204/174
f 13/237/201 725/238/202 353/236/200 724/235/199
f 72/223/189 721/226/192 353/236/200 725/238/202
f 71/201/171 712/204/174 353/236/200 721/226/192
f 33/209/179 726/239/203 354/240/204 714/210/180
f 32/241/205 727/242/206 354/240/204 726/239/203
f 13/243/201 724/244/199 354/240/204 727/242/206
f 12/211/176 714/210/180 354/240/204 724/244/199
f 13/237/201 728/245/207 355/246/208 725/238/202
f 16/247/209 729/248/210 355/246/208 728/245/207
f 73/249/211 730/250/212 355/246/208 729/248/210
f 72/223/189 725/238/202 355/246/208 730/250/212
f 26/251/213 731/252/214 356/253/215 732/254/216
f 16/255/209 728/256/207 356/253/215 731/252/214
f 13/243/201 727/242/206 356/253/215 728/256/207
f 32/241/205 732/254/216 356/253/215 727/242/206
f 14/227/193 719/224/190 357/257/217 734/258/218
f 72/223/189 730/250/212 357/257/217 719/224/190
f 73/249/211 733/259/219 357/257/217 730/250/212
f 15/260/220 734/258/218 357/257/217 733/259/219
f 24/261/221 735/262/222 358/263/223 736/264/224
f 45/229/195 723/232/198 358/263/223 735/262/222
f 14/234/193 734/265/218 358/263/223 723/232/198
f 15/266/220 736/264/224 358/263/223 734/265/218
f 15/260/220 733/259/219 359/267/225 739/268/226
f 73/249/211 737/269/227 359/267/225 733/259/219
f 75/270/228 738/271/229 359/267/225 737/269/227
f 18/272/230 739/268/226 359/267/225 738/271/229
f 23/273/231 740/274/232 360/275/233 741/276/234
f 24/261/221 736/264/224 360/275/233 740/274/232
f 15/266/220 739/277/226 360/275/233 736/264/224
f 18/278/230 741/276/234 360/275/233 739/277/226
f 16/247/209 742/279/235 361/280/236 729/248/210
f 17/281/237 743/282/238 361/280/236 742/279/235
f 75/270/228 737/269/227 361/280/236 743/282/238
f 73/249/211 729/248/210 361/280/236 737/269/227
f 16/255/209 731/252/214 362/283/239 742/284/235
f 26/251/213 744/285/240 362/283/239 731/252/214
f 25/286/241 745/287/242 362/283/239 744/285/240
f 17/288/237 742/284/235 362/283/239 745/287/242
f 74/289/243 746/290/244 363/291/245 748/292/246
f 75/270/228 743/282/238 363/291/245 746/290/244
f 17/281/237 747/293/247 363/291/245 743/282/238
f 20/294/248 748/292/246 363/291/245 747/293/247
f 25/286/241 749/295/249 364/296/250 745/287/242
f 21/297/251 750/298/252 364/296/250 749/295/249
f 20/299/248 747/300/247 364/296/250 750/298/252
f 17/288/237 745/287/242 364/296/250 747/300/247
f 75/270/228 746/290/244 365/301/253 738/271/229
f 74/289/243 751/302/254 365/301/253 746/290/244
f 19/1/1 752/303/255 365/301/253 751/302/254
f 18/272/230 738/271/229 365/301/253 752/303/255
f 18/278/230 752/304/255 366/305/256 741/276/234
f 19/306/1 630/307/4 366/305/256 752/304/255
f 22/308/7 753/309/257 366/305/256 630/307/4
f 23/273/231 741/276/234 366/305/256 753/309/257
f 74/289/243 754/310/258 367/311/259 751/302/254
f 294/312/260 755/313/261 367/311/259 754/310/258
f 91/5/5 628/2/2 367/311/259 755/313/261
f 19/1/1 751/302/254 367/311/259 628/2/2
f 74/289/243 748/292/246 368/314/262 757/315/263
f 20/294/248 750/316/252 368/314/262 748/292/246
f 21/317/251 756/318/264 368/314/262 750/316/252
f 287/319/265 757/315/263 368/314/262 756/318/264
f 21/297/251 749/295/249 369/320/266 760/321/267
f 25/286/241 758/322/268 369/320/266 749/295/249
f 65/323/269 759/324/270 369/320/266 758/322/268
f 63/325/271 760/321/267 369/320/266 759/324/270
f 287/319/265 756/318/264 370/326/272 762/327/273
f 21/317/251 760/328/267 370/326/272 756/318/264
f 63/329/271 761/330/274 370/326/272 760/328/267
f 286/331/275 762/327/273 370/326/272 761/330/274
f 22/7/7 629/6/6 371/332/276 765/333/277
f 91/5/5 763/334/278 371/332/276 629/6/6
f 90/335/279 764/336/280 371/332/276 763/334/278
f 62/337/281 765/333/277 371/332/276 764/336/280
f 61/338/282 766/339/283 372/340/284 767/341/285
f 23/273/231 753/309/257 372/340/284 766/339/283
f 22/308/7 765/342/277 372/340/284 753/309/257
f 62/343/281 767/341/285 372/340/284 765/342/277
f 60/344/286 768/345/287 373/346/288 769/347/289
f 24/261/221 740/274/232 373/346/288 768/345/287
f 23/273/231 766/339/283 373/346/288 740/274/232
f 61/338/282 769/347/289 373/346/288 766/339/283
f 45/229/195 735/262/222 374/348/290 771/349/291
f 24/261/221 768/345/287 374/348/290 735/262/222
f 60/344/286 770/350/292 374/348/290 768/345/287
f 59/351/293 771/349/291 374/348/290 770/350/292
f 26/251/213 772/352/294 375/353/295 744/285/240
f 64/354/296 773/355/297 375/353/295 772/352/294
f 65/323/269 758/322/268 375/353/295 773/355/297
f 25/286/241 744/285/240 375/353/295 758/322/268
f 32/241/205 774/356/298 376/357/299 732/254/216
f 119/358/300 775/359/301 376/357/299 774/356/298
f 64/354/296 772/352/294 376/357/299 775/359/301
f 26/251/213 732/254/216 376/357/299 772/352/294
f 28/360/302 776/361/303 377/362/304 778/363/305
f 61/338/282 767/341/285 377/362/304 776/361/303
f 62/343/281 777/364/306 377/362/304 767/341/285
f 27/365/307 778/363/305 377/362/304 777/364/306
f 27/366/307 777/367/306 378/368/308 780/369/309
f 62/337/281 764/336/280 378/368/308 777/367/306
f 90/335/279 779/370/310 378/368/308 764/336/280
f 274/371/311 780/369/309 378/368/308 779/370/310
f 27/365/307 781/372/312 379/373/313 778/363/305
f 275/374/314 782/375/315 379/373/313 781/372/312
f 84/376/316 783/377/317 379/373/313 782/375/315
f 28/360/302 778/363/305 379/373/313 783/377/317
f 274/371/311 784/378/318 380/379/319 780/369/309
f 277/380/320 785/381/321 380/379/319 784/378/318
f 275/382/314 781/383/312 380/379/319 785/381/321
f 27/366/307 780/369/309 380/379/319 781/383/312
f 61/338/282 776/361/303 381/384/322 769/347/289
f 28/360/302 786/385/323 381/384/322 776/361/303
f 29/386/324 787/387/325 381/384/322 786/385/323
f 60/344/286 769/347/289 381/384/322 787/387/325
f 83/388/326 788/389/327 382/390/328 789/391/329
f 29/386/324 786/385/323 382/390/328 788/389/327
f 28/360/302 783/377/317 382/390/328 786/385/323
f 84/376/316 789/391/329 382/390/328 783/377/317
f 46/392/330 790/393/331 383/394/332 791/395/333
f 59/351/293 770/350/292 383/394/332 790/393/331
f 60/344/286 787/387/325 383/394/332 770/350/292
f 29/386/324 791/395/333 383/394/332 787/387/325
f 82/396/334 792/397/335 384/398/336 793/399/337
f 46/392/330 791/395/333 384/398/336 792/397/335
f 29/386/324 788/389/327 384/398/336 791/395/333
f 83/388/326 793/399/337 384/398/336 788/389/327
f 30/400/338 794/401/339 385/402/340 796/403/341
f 282/404/342 795/405/343 385/402/340 794/401/339
f 63/325/271 759/324/270 385/402/340 795/405/343
f 65/323/269 796/403/341 385/402/340 759/324/270
f 282/404/342 794/401/339 386/406/344 799/407/345
f 30/400/338 797/408/346 386/406/344 794/401/339
f 88/409/347 798/410/348 386/406/344 797/408/346
f 281/411/349 799/407/345 386/406/344 798/410/348
f 64/354/296 800/412/350 387/413/351 773/355/297
f 31/414/352 801/415/353 387/413/351 800/412/350
f 30/400/338 796/403/341 387/413/351 801/415/353
f 65/323/269 773/355/297 387/413/351 796/403/341
f 88/409/347 797/408/346 388/416/354 803/417/355
f 30/400/338 801/415/353 388/416/354 797/408/346
f 31/414/352 802/418/356 388/416/354 801/415/353
f 89/419/357 803/417/355 388/416/354 802/418/356
f 114/420/358 804/421/359 389/422/360 805/423/361
f 31/414/352 800/412/350 389/422/360 804/421/359
f 64/354/296 775/359/301 389/422/360 800/412/350
f 119/358/300 805/423/361 389/422/360 775/359/301
f 89/419/357 802/418/356 390/424/362 807/425/363
f 31/414/352 804/421/359 390/424/362 802/418/356
f 114/420/358 806/426/364 390/424/362 804/421/359
f 113/427/365 807/425/363 390/424/362 806/426/364
f 119/358/300 774/356/298 391/428/366 809/429/367
f 32/241/205 726/239/203 391/428/366 774/356/298
f 33/209/179 808/430/368 391/428/366 726/239/203
f 120/431/369 809/429/367 391/428/366 808/430/368
f 120/431/369 808/430/368 392/432/370 811/433/371
f 33/209/179 713/207/177 392/432/370 808/430/368
f 34/198/169 810/434/372 392/432/370 713/207/177
f 121/435/373 811/433/371 392/432/370 810/434/372
f 121/435/373 810/434/372 393/436/374 813/437/375
f 34/198/169 708/197/168 393/436/374 810/434/372
f 35/189/163 812/438/376 393/436/374 708/197/168
f 122/439/377 813/437/375 393/436/374 812/438/376
f 140/440/378 814/441/379 394/442/380 815/443/381
f 122/439/377 812/438/376 394/442/380 814/441/379
f 35/189/163 707/192/166 394/442/380 812/438/376
f 141/127/111 815/443/381 394/442/380 707/192/166
f 123/444/382 816/445/383 395/446/384 817/447/385
f 140/440/378 815/443/381 395/446/384 816/445/383
f 141/127/111 679/125/109 395/446/384 815/443/381
f 36/118/104 817/447/385 395/446/384 679/125/109
f 127/448/386 818/449/387 396/450/388 819/451/389
f 123/444/382 817/447/385 396/450/388 818/449/387
f 36/118/104 675/117/103 396/450/388 817/447/385
f 128/107/95 819/451/389 396/450/388 675/117/103
f 128/107/95 673/110/98 397/452/390 819/451/389
f 37/85/77 820/453/391 397/452/390 673/110/98
f 124/454/392 821/455/393 397/452/390 820/453/391
f 127/448/386 819/451/389 397/452/390 821/455/393
f 125/456/394 822/457/395 398/458/396 823/459/397
f 124/454/392 820/453/391 398/458/396 822/457/395
f 37/85/77 664/88/80 398/458/396 820/453/391
f 38/70/65 823/459/397 398/458/396 664/88/80
f 125/456/394 823/459/397 399/460/398 825/461/399
f 38/70/65 655/67/62 399/460/398 823/459/397
f 156/66/61 824/462/400 399/460/398 655/67/62
f 155/463/401 825/461/399 399/460/398 824/462/400
f 39/57/55 826/464/402 400/465/403 654/63/60
f 53/466/404 827/467/405 400/465/403 826/464/402
f 161/468/406 828/469/407 400/465/403 827/467/405
f 160/60/57 654/63/60 400/465/403 828/469/407
f 40/55/53 829/470/408 401/471/409 651/56/54
f 54/472/410 830/473/411 401/471/409 829/470/408
f 53/466/404 826/464/402 401/471/409 830/473/411
f 39/57/55 651/56/54 401/471/409 826/464/402
f 54/472/410 829/470/408 402/474/412 832/475/413
f 40/55/53 667/92/82 402/474/412 829/470/408
f 132/96/86 831/476/414 402/474/412 667/92/82
f 133/477/415 832/475/413 402/474/412 831/476/414
f 133/477/415 831/476/414 403/478/416 834/479/417
f 132/96/86 689/146/128 403/478/416 831/476/414
f 41/150/130 833/480/418 403/478/416 689/146/128
f 55/481/419 834/479/417 403/478/416 833/480/418
f 145/156/134 835/482/420 404/483/421 691/152/132
f 146/484/422 836/485/423 404/483/421 835/482/420
f 55/481/419 833/480/418 404/483/421 836/485/423
f 41/150/130 691/152/132 404/483/421 833/480/418
f 146/484/422 835/482/420 405/486/424 838/487/425
f 145/156/134 696/168/144 405/486/424 835/482/420
f 42/167/143 837/488/426 405/486/424 696/168/144
f 56/489/427 838/487/425 405/486/424 837/488/426
f 56/489/427 837/488/426 406/490/428 840/491/429
f 42/167/143 701/176/152 406/490/428 837/488/426
f 43/180/154 839/492/430 406/490/428 701/176/152
f 57/493/431 840/491/429 406/490/428 839/492/430
f 58/494/432 841/495/433 407/496/434 842/497/435
f 57/493/431 839/492/430 407/496/434 841/495/433
f 43/180/154 717/218/186 407/496/434 839/492/430
f 44/217/185 842/497/435 407/496/434 717/218/186
f 44/217/185 722/230/196 408/498/436 842/497/435
f 45/229/195 771/349/291 408/498/436 722/230/196
f 59/351/293 843/499/437 408/498/436 771/349/291
f 58/494/432 842/497/435 408/498/436 843/499/437
f 47/500/438 844/501/439 409/502/440 845/503/441
f 58/494/432 843/499/437 409/502/440 844/501/439
f 59/351/293 790/393/331 409/502/440 843/499/437
f 46/392/330 845/503/441 409/502/440 790/393/331
f 47/500/438 845/503/441 410/504/442 847/505/443
f 46/392/330 792/397/335 410/504/442 845/503/441
f 82/396/334 846/506/444 410/504/442 792/397/335
f 81/507/445 847/505/443 410/504/442 846/506/444
f 48/508/446 848/509/447 411/510/448 849/511/449
f 57/493/431 841/495/433 411/510/448 848/509/447
f 58/494/432 844/501/439 411/510/448 841/495/433
f 47/500/438 849/511/449 411/510/448 844/501/439
f 81/507/445 850/512/450 412/513/451 847/505/443
f 80/514/452 851/515/453 412/513/451 850/512/450
f 48/508/446 849/511/449 412/513/451 851/515/453
f 47/500/438 847/505/443 412/513/451 849/511/449
f 49/516/454 852/517/455 413/518/456 853/519/457
f 56/489/427 840/491/429 413/518/456 852/517/455
f 57/493/431 848/509/447 413/518/456 840/491/429
f 48/508/446 853/519/457 413/518/456 848/509/447
f 79/520/458 854/521/459 414/522/460 855/523/461
f 49/516/454 853/519/457 414/522/460 854/521/459
f 48/508/446 851/515/453 414/522/460 853/519/457
f 80/514/452 855/523/461 414/522/460 851/515/453
f 147/524/462 856/525/463 415/526/464 857/527/465
f 146/484/422 838/487/425 415/526/464 856/525/463
f 56/489/427 852/517/455 415/526/464 838/487/425
f 49/516/454 857/527/465 415/526/464 852/517/455
f 148/528/466 858/529/467 416/530/468 859/531/469
f 147/524/462 857/527/465 416/530/468 858/529/467
f 49/516/454 854/521/459 416/530/468 857/527/465
f 79/520/458 859/531/469 416/530/468 854/521/459
f 50/532/470 860/533/471 417/534/472 861/535/473
f 55/481/419 836/485/423 417/534/472 860/533/471
f 146/484/422 856/525/463 417/534/472 836/485/423
f 147/524/462 861/535/473 417/534/472 856/525/463
f 78/536/474 862/537/475 418/538/476 863/539/477
f 50/532/470 861/535/473 418/538/476 862/537/475
f 147/524/462 858/529/467 418/538/476 861/535/473
f 148/528/466 863/539/477 418/538/476 858/529/467
f 134/540/478 864/541/479 419/542/480 865/543/481
f 133/477/415 834/479/417 419/542/480 864/541/479
f 55/481/419 860/533/471 419/542/480 834/479/417
f 50/532/470 865/543/481 419/542/480 860/533/471
f 135/544/482 866/545/483 420/546/484 867/547/485
f 134/540/478 865/543/481 420/546/484 866/545/483
f 50/532/470 862/537/475 420/546/484 865/543/481
f 78/536/474 867/547/485 420/546/484 862/537/475
f 133/477/415 864/541/479 421/548/486 832/475/413
f 134/540/478 868/549/487 421/548/486 864/541/479
f 51/550/488 869/551/489 421/548/486 868/549/487
f 54/472/410 832/475/413 421/548/486 869/551/489
f 135/544/482 870/552/490 422/553/491 866/545/483
f 77/554/492 871/555/493 422/553/491 870/552/490
f 51/550/488 868/549/487 422/553/491 871/555/493
f 134/540/478 866/545/483 422/553/491 868/549/487
f 51/550/488 872/556/494 423/557/495 869/551/489
f 52/558/496 873/559/497 423/557/495 872/556/494
f 53/466/404 830/473/411 423/557/495 873/559/497
f 54/472/410 869/551/489 423/557/495 830/473/411
f 77/554/492 874/560/498 424/561/499 871/555/493
f 76/562/500 875/563/501 424/561/499 874/560/498
f 52/558/496 872/556/494 424/561/499 875/563/501
f 51/550/488 871/555/493 424/561/499 872/556/494
f 52/558/496 876/564/502 425/565/503 873/559/497
f 162/566/504 877/567/505 425/565/503 876/564/502
f 161/468/406 827/467/405 425/565/503 877/567/505
f 53/466/404 873/559/497 425/565/503 827/467/405
f 76/562/500 878/568/506 426/569/507 875/563/501
f 163/570/508 879/571/509 426/569/507 878/568/506
f 162/566/504 876/564/502 426/569/507 879/571/509
f 52/558/496 875/563/501 426/569/507 876/564/502
f 286/331/275 761/330/274 427/572/510 881/573/511
f 63/329/271 795/574/343 427/572/510 761/330/274
f 282/575/342 880/576/512 427/572/510 795/574/343
f 285/577/513 881/573/511 427/572/510 880/576/512
f 287/319/265 882/578/514 428/579/515 757/315/263
f 295/580/516 883/581/517 428/579/515 882/578/514
f 294/312/260 754/310/258 428/579/515 883/581/517
f 74/289/243 757/315/263 428/579/515 754/310/258
f 98/582/518 884/583/519 429/584/520 886/585/521
f 164/586/522 885/587/523 429/584/520 884/583/519
f 163/588/508 878/589/506 429/584/520 885/587/523
f 76/590/500 886/585/521 429/584/520 878/589/506
f 97/591/524 887/592/525 430/593/526 888/594/527
f 98/582/518 886/585/521 430/593/526 887/592/525
f 76/590/500 874/595/498 430/593/526 886/585/521
f 77/596/492 888/594/527 430/593/526 874/595/498
f 136/597/528 889/598/529 431/599/530 890/600/531
f 97/591/524 888/594/527 431/599/530 889/598/529
f 77/596/492 870/601/490 431/599/530 888/594/527
f 135/602/482 890/600/531 431/599/530 870/601/490
f 96/603/532 891/604/533 432/605/534 892/606/535
f 136/597/528 890/600/531 432/605/534 891/604/533
f 135/602/482 867/607/485 432/605/534 890/600/531
f 78/608/474 892/606/535 432/605/534 867/607/485
f 149/609/536 893/610/537 433/611/538 894/612/539
f 96/603/532 892/606/535 433/611/538 893/610/537
f 78/608/474 863/613/477 433/611/538 892/606/535
f 148/614/466 894/612/539 433/611/538 863/613/477
f 95/615/540 895/616/541 434/617/542 896/618/543
f 149/609/536 894/612/539 434/617/542 895/616/541
f 148/614/466 859/619/469 434/617/542 894/612/539
f 79/620/458 896/618/543 434/617/542 859/619/469
f 94/621/544 897/622/545 435/623/546 898/624/547
f 95/615/540 896/618/543 435/623/546 897/622/545
f 79/620/458 855/625/461 435/623/546 896/618/543
f 80/626/452 898/624/547 435/623/546 855/625/461
f 93/627/548 899/628/549 436/629/550 900/630/551
f 94/621/544 898/624/547 436/629/550 899/628/549
f 80/626/452 850/631/450 436/629/550 898/624/547
f 81/632/445 900/630/551 436/629/550 850/631/450
f 92/633/552 901/634/553 437/635/554 902/636/555
f 93/627/548 900/630/551 437/635/554 901/634/553
f 81/632/445 846/637/444 437/635/554 900/630/551
f 82/638/334 902/636/555 437/635/554 846/637/444
f 82/638/334 793/639/337 438/640/556 902/636/555
f 83/641/326 903/642/557 438/640/556 793/639/337
f 288/12/12 904/643/558 438/640/556 903/642/557
f 92/633/552 902/636/555 438/640/556 904/643/558
f 288/12/12 903/642/557 439/644/559 632/13/13
f 83/641/326 789/645/329 439/644/559 903/642/557
f 84/646/316 905/647/560 439/644/559 789/645/329
f 289/14/14 632/13/13 439/644/559 905/647/560
f 289/14/14 905/647/560 440/648/561 907/649/562
f 84/646/316 782/650/315 440/648/561 905/647/560
f 275/651/314 906/652/563 440/648/561 782/650/315
f 290/653/564 907/649/562 440/648/561 906/652/563
f 85/654/565 908/655/566 441/656/567 910/657/568
f 286/331/275 881/573/511 441/656/567 908/655/566
f 285/577/513 909/658/569 441/656/567 881/573/511
f 273/659/570 910/657/568 441/656/567 909/658/569
f 286/331/275 908/655/566 442/660/571 762/327/273
f 85/654/565 911/661/572 442/660/571 908/655/566
f 295/580/516 882/578/514 442/660/571 911/661/572
f 287/319/265 762/327/273 442/660/571 882/578/514
f 273/659/570 912/662/573 443/663/574 910/657/568
f 292/664/575 913/665/576 443/663/574 912/662/573
f 293/666/577 914/667/578 443/663/574 913/665/576
f 85/654/565 910/657/568 443/663/574 914/667/578
f 293/666/577 915/668/579 444/669/580 914/667/578
f 294/312/260 883/581/517 444/669/580 915/668/579
f 295/580/516 911/661/572 444/669/580 883/581/517
f 85/654/565 914/667/578 444/669/580 911/661/572
f 288/12/12 631/9/9 445/670/581 918/671/582
f 86/8/8 916/672/583 445/670/581 631/9/9
f 278/673/584 917/674/585 445/670/581 916/672/583
f 279/675/586 918/671/582 445/670/581 917/674/585
f 87/676/587 919/677/588 446/678/589 921/679/590
f 280/680/591 920/681/592 446/678/589 919/677/588
f 278/673/584 916/672/583 446/678/589 920/681/592
f 86/8/8 921/679/590 446/678/589 916/672/583
f 86/8/8 633/11/11 447/682/593 921/679/590
f 289/14/14 907/649/562 447/682/593 633/11/11
f 290/653/564 922/683/594 447/682/593 907/649/562
f 87/676/587 921/679/590 447/682/593 922/683/594
f 276/684/595 923/685/596 448/686/597 925/687/598
f 87/688/587 922/689/594 448/686/597 923/685/596
f 290/690/564 924/691/599 448/686/597 922/689/594
f 291/692/600 925/687/598 448/686/597 924/691/599
f 87/688/587 923/685/596 449/693/601 919/694/588
f 276/684/595 926/695/602 449/693/601 923/685/596
f 283/696/603 927/697/604 449/693/601 926/695/602
f 280/698/591 919/694/588 449/693/601 927/697/604
f 89/699/357 928/700/605 450/701/606 803/702/355
f 279/675/586 917/674/585 450/701/606 928/700/605
f 278/673/584 929/703/607 450/701/606 917/674/585
f 88/704/347 803/702/355 450/701/606 929/703/607
f 280/680/591 930/705/608 451/706/609 920/681/592
f 281/707/349 798/708/348 451/706/609 930/705/608
f 88/704/347 929/703/607 451/706/609 798/708/348
f 278/673/584 920/681/592 451/706/609 929/703/607
f 113/709/365 931/710/610 452/711/611 807/712/363
f 104/713/612 932/714/613 452/711/611 931/710/610
f 279/675/586 928/700/605 452/711/611 932/714/613
f 89/699/357 807/712/363 452/711/611 928/700/605
f 292/664/575 933/715/614 453/716/615 913/665/576
f 274/371/311 779/370/310 453/716/615 933/715/614
f 90/335/279 934/717/616 453/716/615 779/370/310
f 293/666/577 913/665/576 453/716/615 934/717/616
f 90/335/279 763/334/278 454/718/617 934/717/616
f 91/5/5 755/313/261 454/718/617 763/334/278
f 294/312/260 915/668/579 454/718/617 755/313/261
f 293/666/577 934/717/616 454/718/617 915/668/579
f 288/12/12 918/671/582 455/719/618 904/643/558
f 279/675/586 932/714/613 455/719/618 918/671/582
f 104/713/612 935/720/619 455/719/618 932/714/613
f 92/633/552 904/643/558 455/719/618 935/720/619
f 93/627/548 901/634/553 456/721/620 937/722/621
f 92/633/552 935/720/619 456/721/620 901/634/553
f 104/713/612 936/723/622 456/721/620 935/720/619
f 103/724/623 937/722/621 456/721/620 936/723/622
f 94/621/544 899/628/549 457/725/624 939/726/625
f 93/627/548 937/722/621 457/725/624 899/628/549
f 103/724/623 938/727/626 457/725/624 937/722/621
f 102/728/627 939/726/625 457/725/624 938/727/626
f 102/728/627 940/729/628 458/730/629 939/726/625
f 101/731/630 941/732/631 458/730/629 940/729/628
f 95/615/540 897/622/545 458/730/629 941/732/631
f 94/621/544 939/726/625 458/730/629 897/622/545
f 101/731/630 942/733/632 459/734/633 941/732/631
f 150/735/634 943/736/635 459/734/633 942/733/632
f 149/609/536 895/616/541 459/734/633 943/736/635
f 95/615/540 941/732/631 459/734/633 895/616/541
f 96/603/532 893/610/537 460/737/636 945/738/637
f 149/609/536 943/736/635 460/737/636 893/610/537
f 150/735/634 944/739/638 460/737/636 943/736/635
f 109/740/639 945/738/637 460/737/636 944/739/638
f 109/740/639 946/741/640 461/742/641 945/738/637
f 137/743/642 947/744/643 461/742/641 946/741/640
f 136/597/528 891/604/533 461/742/641 947/744/643
f 96/603/532 945/738/637 461/742/641 891/604/533
f 137/743/642 948/745/644 462/746/645 947/744/643
f 100/747/646 949/748/647 462/746/645 948/745/644
f 97/591/524 889/598/529 462/746/645 949/748/647
f 136/597/528 947/744/643 462/746/645 889/598/529
f 100/747/646 950/749/648 463/750/649 949/748/647
f 99/751/650 951/752/651 463/750/649 950/749/648
f 98/582/518 887/592/525 463/750/649 951/752/651
f 97/591/524 949/748/647 463/750/649 887/592/525
f 164/586/522 884/583/519 464/753/652 953/754/653
f 98/582/518 951/752/651 464/753/652 884/583/519
f 99/751/650 952/755/654 464/753/652 951/752/651
f 165/756/655 953/754/653 464/753/652 952/755/654
f 105/757/656 954/758/657 465/759/658 956/760/659
f 153/761/660 955/762/661 465/759/658 954/758/657
f 165/756/655 952/755/654 465/759/658 955/762/661
f 99/751/650 956/760/659 465/759/658 952/755/654
f 126/763/662 957/764/663 466/765/664 958/766/665
f 105/757/656 956/760/659 466/765/664 957/764/663
f 99/751/650 950/749/648 466/765/664 956/760/659
f 100/747/646 958/766/665 466/765/664 950/749/648
f 100/747/646 948/745/644 467/767/666 958/766/665
f 137/743/642 959/768/667 467/767/666 948/745/644
f 138/769/668 960/770/669 467/767/666 959/768/667
f 126/763/662 958/766/665 467/767/666 960/770/669
f 150/735/634 942/733/632 468/771/670 963/772/671
f 101/731/630 961/773/672 468/771/670 942/733/632
f 110/774/673 962/775/674 468/771/670 961/773/672
f 151/776/675 963/772/671 468/771/670 962/775/674
f 111/777/676 964/778/677 469/779/678 965/780/679
f 110/774/673 961/773/672 469/779/678 964/778/677
f 101/731/630 940/729/628 469/779/678 961/773/672
f 102/728/627 965/780/679 469/779/678 940/729/628
f 103/724/623 966/781/680 470/782/681 938/727/626
f 112/783/682 967/784/683 470/782/681 966/781/680
f 111/777/676 965/780/679 470/782/681 967/784/683
f 102/728/627 938/727/626 470/782/681 965/780/679
f 112/783/682 966/781/680 471/785/684 968/786/685
f 103/724/623 936/723/622 471/785/684 966/781/680
f 104/713/612 931/710/610 471/785/684 936/723/622
f 113/709/365 968/786/685 471/785/684 931/710/610
f 154/787/686 969/788/687 472/789/688 971/790/689
f 153/791/660 954/792/657 472/789/688 969/788/687
f 105/793/656 970/794/690 472/789/688 954/792/657
f 106/795/691 971/790/689 472/789/688 970/794/690
f 126/796/662 972/797/692 473/798/693 957/799/663
f 107/800/694 973/801/695 473/798/693 972/797/692
f 106/795/691 970/794/690 473/798/693 973/801/695
f 105/793/656 957/799/663 473/798/693 970/794/690
f 124/454/392 822/457/395 474/802/696 975/803/697
f 125/456/394 974/804/698 474/802/696 822/457/395
f 106/795/691 973/801/695 474/802/696 974/804/698
f 107/800/694 975/803/697 474/802/696 973/801/695
f 106/795/691 974/804/698 475/805/699 971/790/689
f 125/456/394 825/461/399 475/805/699 974/804/698
f 155/463/401 976/806/700 475/805/699 825/461/399
f 154/787/686 971/790/689 475/805/699 976/806/700
f 139/807/701 977/808/702 476/809/703 978/810/704
f 107/800/694 972/797/692 476/809/703 977/808/702
f 126/796/662 960/811/669 476/809/703 972/797/692
f 138/812/668 978/810/704 476/809/703 960/811/669
f 107/800/694 977/808/702 477/813/705 975/803/697
f 139/807/701 979/814/706 477/813/705 977/808/702
f 127/448/386 821/455/393 477/813/705 979/814/706
f 124/454/392 975/803/697 477/813/705 821/455/393
f 138/812/668 980/815/707 478/816/708 978/810/704
f 118/817/709 981/818/710 478/816/708 980/815/707
f 108/819/711 982/820/712 478/816/708 981/818/710
f 139/807/701 978/810/704 478/816/708 982/820/712
f 139/807/701 982/820/712 479/821/713 979/814/706
f 108/819/711 983/822/714 479/821/713 982/820/712
f 123/444/382 818/449/387 479/821/713 983/822/714
f 127/448/386 979/814/706 479/821/713 818/449/387
f 118/817/709 984/823/715 480/824/716 981/818/710
f 151/825/675 985/826/717 480/824/716 984/823/715
f 152/827/718 986/828/719 480/824/716 985/826/717
f 108/819/711 981/818/710 480/824/716 986/828/719
f 108/819/711 986/828/719 481/829/720 983/822/714
f 152/827/718 987/830/721 481/829/720 986/828/719
f 140/440/378 816/445/383 481/829/720 987/830/721
f 123/444/382 983/822/714 481/829/720 816/445/383
f 137/743/642 946/741/640 482/831/722 959/768/667
f 109/740/639 988/832/723 482/831/722 946/741/640
f 118/833/709 980/834/707 482/831/722 988/832/723
f 138/769/668 959/768/667 482/831/722 980/834/707
f 110/835/673 964/836/677 483/837/724 991/838/725
f 111/839/676 989/840/726 483/837/724 964/836/677
f 116/841/727 990/842/728 483/837/724 989/840/726
f 117/843/729 991/838/725 483/837/724 990/842/728
f 151/825/675 962/844/674 484/845/730 985/826/717
f 110/835/673 991/838/725 484/845/730 962/844/674
f 117/843/729 992/846/731 484/845/730 991/838/725
f 152/827/718 985/826/717 484/845/730 992/846/731
f 112/847/682 993/848/732 485/849/733 967/850/683
f 115/851/734 994/852/735 485/849/733 993/848/732
f 116/841/727 989/840/726 485/849/733 994/852/735
f 111/839/676 967/850/683 485/849/733 989/840/726
f 112/847/682 968/853/685 486/854/736 993/848/732
f 113/427/365 806/426/364 486/854/736 968/853/685
f 114/420/358 995/855/737 486/854/736 806/426/364
f 115/851/734 993/848/732 486/854/736 995/855/737
f 120/431/369 996/856/738 487/857/739 809/429/367
f 115/851/734 995/855/737 487/857/739 996/856/738
f 114/420/358 805/423/361 487/857/739 995/855/737
f 119/358/300 809/429/367 487/857/739 805/423/361
f 115/851/734 996/856/738 488/858/740 994/852/735
f 120/431/369 811/433/371 488/858/740 996/856/738
f 121/435/373 997/859/741 488/858/740 811/433/371
f 116/841/727 994/852/735 488/858/740 997/859/741
f 116/841/727 997/859/741 489/860/742 990/842/728
f 121/435/373 813/437/375 489/860/742 997/859/741
f 122/439/377 998/861/743 489/860/742 813/437/375
f 117/843/729 990/842/728 489/860/742 998/861/743
f 168/862/744 999/863/745 490/864/746 1001/865/747
f 153/791/660 969/788/687 490/864/746 999/863/745
f 154/787/686 1000/866/748 490/864/746 969/788/687
f 167/867/749 1001/865/747 490/864/746 1000/866/748
f 168/868/744 1002/869/750 491/870/751 999/871/745
f 179/872/752 1003/873/753 491/870/751 1002/869/750
f 165/756/655 955/762/661 491/870/751 1003/873/753
f 153/761/660 999/871/745 491/870/751 955/762/661
f 154/787/686 976/806/700 492/874/754 1000/866/748
f 155/463/401 1004/875/755 492/874/754 976/806/700
f 166/876/756 1005/877/757 492/874/754 1004/875/755
f 167/867/749 1000/866/748 492/874/754 1005/877/757
f 155/463/401 824/462/400 493/878/758 1004/875/755
f 156/66/61 1006/879/759 493/878/758 824/462/400
f 171/880/760 1007/881/761 493/878/758 1006/879/759
f 166/876/756 1004/875/755 493/878/758 1007/881/761
f 170/882/762 1008/883/763 494/884/764 1009/885/765
f 171/880/760 1006/879/759 494/884/764 1008/883/763
f 156/66/61 658/69/64 494/884/764 1006/879/759
f 157/74/69 1009/885/765 494/884/764 658/69/64
f 157/80/69 660/79/72 495/886/766 1009/887/765
f 158/50/50 1010/888/767 495/886/766 660/79/72
f 178/889/768 1011/890/769 495/886/766 1010/888/767
f 170/891/762 1009/887/765 495/886/766 1011/890/769
f 158/50/50 648/49/49 496/892/770 1010/888/767
f 159/48/48 1012/893/771 496/892/770 648/49/49
f 177/894/772 1013/895/773 496/892/770 1012/893/771
f 178/889/768 1010/888/767 496/892/770 1013/895/773
f 177/896/772 1012/897/771 497/898/774 1015/899/775
f 159/64/48 653/61/58 497/898/774 1012/897/771
f 160/60/57 1014/900/776 497/898/774 653/61/58
f 173/901/777 1015/899/775 497/898/774 1014/900/776
f 160/60/57 828/469/407 498/902/778 1014/900/776
f 161/468/406 1016/903/779 498/902/778 828/469/407
f 172/904/780 1017/905/781 498/902/778 1016/903/779
f 173/901/777 1014/900/776 498/902/778 1017/905/781
f 162/566/504 1018/906/782 499/907/783 877/567/505
f 174/908/784 1019/909/785 499/907/783 1018/906/782
f 172/904/780 1016/903/779 499/907/783 1019/909/785
f 161/468/406 877/567/505 499/907/783 1016/903/779
f 175/910/786 1020/911/787 500/912/788 1021/913/789
f 174/908/784 1018/906/782 500/912/788 1020/911/787
f 162/566/504 879/571/509 500/912/788 1018/906/782
f 163/570/508 1021/913/789 500/912/788 879/571/509
f 164/586/522 1022/914/790 501/915/791 885/587/523
f 180/916/792 1023/917/793 501/915/791 1022/914/790
f 175/918/786 1021/919/789 501/915/791 1023/917/793
f 163/588/508 885/587/523 501/915/791 1021/919/789
f 165/756/655 1003/873/753 502/920/794 953/754/653
f 179/872/752 1024/921/795 502/920/794 1003/873/753
f 180/916/792 1022/914/790 502/920/794 1024/921/795
f 164/586/522 953/754/653 502/920/794 1022/914/790
f 170/882/762 1025/922/796 503/923/797 1008/883/763
f 169/924/798 1026/925/799 503/923/797 1025/922/796
f 166/876/756 1007/881/761 503/923/797 1026/925/799
f 171/880/760 1008/883/763 503/923/797 1007/881/761
f 169/924/798 1027/926/800 504/927/801 1026/925/799
f 168/862/744 1001/865/747 504/927/801 1027/926/800
f 167/867/749 1005/877/757 504/927/801 1001/865/747
f 166/876/756 1026/925/799 504/927/801 1005/877/757
f 168/862/744 1027/926/800 505/928/802 1030/929/803
f 169/924/798 1028/930/804 505/928/802 1027/926/800
f 187/931/805 1029/932/806 505/928/802 1028/930/804
f 186/933/807 1030/929/803 505/928/802 1029/932/806
f 179/872/752 1002/869/750 506/934/808 1032/935/809
f 168/868/744 1030/936/803 506/934/808 1002/869/750
f 186/937/807 1031/938/810 506/934/808 1030/936/803
f 185/939/811 1032/935/809 506/934/808 1031/938/810
f 170/882/762 1033/940/812 507/941/813 1025/922/796
f 188/942/814 1034/943/815 507/941/813 1033/940/812
f 187/931/805 1028/930/804 507/941/813 1034/943/815
f 169/924/798 1025/922/796 507/941/813 1028/930/804
f 170/891/762 1011/890/769 508/944/816 1033/945/812
f 178/889/768 1035/946/817 508/944/816 1011/890/769
f 189/947/818 1036/948/819 508/944/816 1035/946/817
f 188/949/814 1033/945/812 508/944/816 1036/948/819
f 177/896/772 1015/899/775 509/950/820 1038/951/821
f 173/901/777 1017/905/781 509/950/820 1015/899/775
f 172/904/780 1037/952/822 509/950/820 1017/905/781
f 176/953/823 1038/951/821 509/950/820 1037/952/822
f 175/910/786 1039/954/824 510/955/825 1020/911/787
f 176/953/823 1037/952/822 510/955/825 1039/954/824
f 172/904/780 1019/909/785 510/955/825 1037/952/822
f 174/908/784 1020/911/787 510/955/825 1019/909/785
f 175/910/786 1040/956/826 511/957/827 1039/954/824
f 183/958/828 1041/959/829 511/957/827 1040/956/826
f 182/960/830 1042/961/831 511/957/827 1041/959/829
f 176/953/823 1039/954/824 511/957/827 1042/961/831
f 180/916/792 1043/962/832 512/963/833 1023/917/793
f 184/964/834 1044/965/835 512/963/833 1043/962/832
f 183/966/828 1040/967/826 512/963/833 1044/965/835
f 175/918/786 1023/917/793 512/963/833 1040/967/826
f 177/896/772 1038/951/821 513/968/836 1046/969/837
f 176/953/823 1042/961/831 513/968/836 1038/951/821
f 182/960/830 1045/970/838 513/968/836 1042/961/831
f 181/971/839 1046/969/837 513/968/836 1045/970/838
f 177/894/772 1046/972/837 514/973/840 1013/895/773
f 181/974/839 1047/975/841 514/973/840 1046/972/837
f 189/947/818 1035/946/817 514/973/840 1047/975/841
f 178/889/768 1013/895/773 514/973/840 1035/946/817
f 180/916/792 1024/921/795 515/976/842 1043/962/832
f 179/872/752 1032/935/809 515/976/842 1024/921/795
f 185/939/811 1048/977/843 515/976/842 1032/935/809
f 184/964/834 1043/962/832 515/976/842 1048/977/843
f 182/960/830 1049/978/844 516/979/845 1045/970/838
f 203/980/846 1050/981/847 516/979/845 1049/978/844
f 202/982/848 1051/983/849 516/979/845 1050/981/847
f 181/971/839 1045/970/838 516/979/845 1051/983/849
f 181/974/839 1051/984/849 517/985/850 1047/975/841
f 202/986/848 1052/987/851 517/985/850 1051/984/849
f 201/988/852 1053/989/853 517/985/850 1052/987/851
f 189/947/818 1047/975/841 517/985/850 1053/989/853
f 183/958/828 1054/990/854 518/991/855 1041/959/829
f 204/992/856 1055/993/857 518/991/855 1054/990/854
f 203/980/846 1049/978/844 518/991/855 1055/993/857
f 182/960/830 1041/959/829 518/991/855 1049/978/844
f 204/994/856 1054/995/854 519/996/858 1057/997/859
f 183/966/828 1044/965/835 519/996/858 1054/995/854
f 184/964/834 1056/998/860 519/996/858 1044/965/835
f 205/999/861 1057/997/859 519/996/858 1056/998/860
f 184/964/834 1048/977/843 520/1000/862 1056/998/860
f 185/939/811 1058/1001/863 520/1000/862 1048/977/843
f 206/1002/864 1059/1003/865 520/1000/862 1058/1001/863
f 205/999/861 1056/998/860 520/1000/862 1059/1003/865
f 185/939/811 1031/938/810 521/1004/866 1058/1001/863
f 186/937/807 1060/1005/867 521/1004/866 1031/938/810
f 207/1006/868 1061/1007/869 521/1004/866 1060/1005/867
f 206/1002/864 1058/1001/863 521/1004/866 1061/1007/869
f 186/933/807 1029/932/806 522/1008/870 1060/1009/867
f 187/931/805 1062/1010/871 522/1008/870 1029/932/806
f 199/1011/872 1063/1012/873 522/1008/870 1062/1010/871
f 207/1013/868 1060/1009/867 522/1008/870 1063/1012/873
f 200/1014/874 1064/1015/875 523/1016/876 1065/1017/877
f 199/1011/872 1062/1010/871 523/1016/876 1064/1015/875
f 187/931/805 1034/943/815 523/1016/876 1062/1010/871
f 188/942/814 1065/1017/877 523/1016/876 1034/943/815
f 188/949/814 1036/948/819 524/1018/878 1065/1019/877
f 189/947/818 1053/989/853 524/1018/878 1036/948/819
f 201/988/852 1066/1020/879 524/1018/878 1053/989/853
f 200/1021/874 1065/1019/877 524/1018/878 1066/1020/879
f 206/1002/864 1061/1007/869 525/1022/880 1069/1023/881
f 207/1006/868 1067/1024/882 525/1022/880 1061/1007/869
f 190/1025/883 1068/1026/884 525/1022/880 1067/1024/882
f 198/1027/885 1069/1023/881 525/1022/880 1068/1026/884
f 207/1013/868 1063/1012/873 526/1028/886 1067/1029/882
f 199/1011/872 1070/1030/887 526/1028/886 1063/1012/873
f 191/1031/888 1071/1032/889 526/1028/886 1070/1030/887
f 190/1033/883 1067/1029/882 526/1028/886 1071/1032/889
f 220/1034/890 1072/1035/891 527/1036/892 1074/1037/893
f 219/1038/894 1073/1039/895 527/1036/892 1072/1035/891
f 190/1033/883 1071/1032/889 527/1036/892 1073/1039/895
f 191/1031/888 1074/1037/893 527/1036/892 1071/1032/889
f 198/1027/885 1068/1026/884 528/1040/896 1076/1041/897
f 190/1025/883 1073/1042/895 528/1040/896 1068/1026/884
f 219/1043/894 1075/1044/898 528/1040/896 1073/1042/895
f 218/1045/899 1076/1041/897 528/1040/896 1075/1044/898
f 199/1011/872 1064/1015/875 529/1046/900 1070/1030/887
f 200/1014/874 1077/1047/901 529/1046/900 1064/1015/875
f 192/1048/902 1078/1049/903 529/1046/900 1077/1047/901
f 191/1031/888 1070/1030/887 529/1046/900 1078/1049/903
f 191/1031/888 1078/1049/903 530/1050/904 1074/1037/893
f 192/1048/902 1079/1051/905 530/1050/904 1078/1049/903
f 221/1052/906 1080/1053/907 530/1050/904 1079/1051/905
f 220/1034/890 1074/1037/893 530/1050/904 1080/1053/907
f 201/988/852 1081/1054/908 531/1055/909 1066/1020/879
f 193/1056/910 1082/1057/911 531/1055/909 1081/1054/908
f 192/1058/902 1077/1059/901 531/1055/909 1082/1057/911
f 200/1021/874 1066/1020/879 531/1055/909 1077/1059/901
f 222/1060/912 1083/1061/913 532/1062/914 1084/1063/915
f 221/1064/906 1079/1065/905 532/1062/914 1083/1061/913
f 192/1058/902 1082/1057/911 532/1062/914 1079/1065/905
f 193/1056/910 1084/1063/915 532/1062/914 1082/1057/911
f 202/986/848 1085/1066/916 533/1067/917 1052/987/851
f 194/1068/918 1086/1069/919 533/1067/917 1085/1066/916
f 193/1056/910 1081/1054/908 533/1067/917 1086/1069/919
f 201/988/852 1052/987/851 533/1067/917 1081/1054/908
f 194/1068/918 1087/1070/920 534/1071/921 1086/1069/919
f 223/1072/922 1088/1073/923 534/1071/921 1087/1070/920
f 222/1060/912 1084/1063/915 534/1071/921 1088/1073/923
f 193/1056/910 1086/1069/919 534/1071/921 1084/1063/915
f 203/980/846 1089/1074/924 535/1075/925 1050/981/847
f 195/1076/926 1090/1077/927 535/1075/925 1089/1074/924
f 194/1078/918 1085/1079/916 535/1075/925 1090/1077/927
f 202/982/848 1050/981/847 535/1075/925 1085/1079/916
f 223/1080/922 1087/1081/920 536/1082/928 1092/1083/929
f 194/1078/918 1090/1077/927 536/1082/928 1087/1081/920
f 195/1076/926 1091/1084/930 536/1082/928 1090/1077/927
f 224/1085/931 1092/1083/929 536/1082/928 1091/1084/930
f 204/992/856 1093/1086/932 537/1087/933 1055/993/857
f 196/1088/934 1094/1089/935 537/1087/933 1093/1086/932
f 195/1076/926 1089/1074/924 537/1087/933 1094/1089/935
f 203/980/846 1055/993/857 537/1087/933 1089/1074/924
f 224/1085/931 1091/1084/930 538/1090/936 1096/1091/937
f 195/1076/926 1094/1089/935 538/1090/936 1091/1084/930
f 196/1088/934 1095/1092/938 538/1090/936 1094/1089/935
f 225/1093/939 1096/1091/937 538/1090/936 1095/1092/938
f 205/999/861 1097/1094/940 539/1095/941 1057/997/859
f 197/1096/942 1098/1097/943 539/1095/941 1097/1094/940
f 196/1098/934 1093/1099/932 539/1095/941 1098/1097/943
f 204/994/856 1057/997/859 539/1095/941 1093/1099/932
f 225/1100/939 1095/1101/938 540/1102/944 1100/1103/945
f 196/1098/934 1098/1097/943 540/1102/944 1095/1101/938
f 197/1096/942 1099/1104/946 540/1102/944 1098/1097/943
f 217/1105/947 1100/1103/945 540/1102/944 1099/1104/946
f 198/1027/885 1101/1106/948 541/1107/949 1069/1023/881
f 197/1096/942 1097/1094/940 541/1107/949 1101/1106/948
f 205/999/861 1059/1003/865 541/1107/949 1097/1094/940
f 206/1002/864 1069/1023/881 541/1107/949 1059/1003/865
f 218/1045/899 1102/1108/950 542/1109/951 1076/1041/897
f 217/1105/947 1099/1104/946 542/1109/951 1102/1108/950
f 197/1096/942 1101/1106/948 542/1109/951 1099/1104/946
f 198/1027/885 1076/1041/897 542/1109/951 1101/1106/948
f 222/1060/912 1103/1110/952 543/1111/953 1083/1061/913
f 208/1112/954 1104/1113/955 543/1111/953 1103/1110/952
f 216/1114/956 1105/1115/957 543/1111/953 1104/1113/955
f 221/1064/906 1083/1061/913 543/1111/953 1105/1115/957
f 208/1112/954 1103/1110/952 544/1116/958 1107/1117/959
f 222/1060/912 1088/1073/923 544/1116/958 1103/1110/952
f 223/1072/922 1106/1118/960 544/1116/958 1088/1073/923
f 209/1119/961 1107/1117/959 544/1116/958 1106/1118/960
f 232/1120/962 1108/1121/963 545/1122/964 1110/1123/965
f 208/1112/954 1107/1117/959 545/1122/964 1108/1121/963
f 209/1119/961 1109/1124/966 545/1122/964 1107/1117/959
f 233/1125/967 1110/1123/965 545/1122/964 1109/1124/966
f 208/1112/954 1108/1121/963 546/1126/968 1104/1113/955
f 232/1120/962 1111/1127/969 546/1126/968 1108/1121/963
f 231/1128/970 1112/1129/971 546/1126/968 1111/1127/969
f 216/1114/956 1104/1113/955 546/1126/968 1112/1129/971
f 209/1130/961 1106/1131/960 547/1132/972 1114/1133/973
f 223/1080/922 1092/1083/929 547/1132/972 1106/1131/960
f 224/1085/931 1113/1134/974 547/1132/972 1092/1083/929
f 210/1135/975 1114/1133/973 547/1132/972 1113/1134/974
f 210/1135/975 1115/1136/976 548/1137/977 1114/1133/973
f 234/1138/978 1116/1139/979 548/1137/977 1115/1136/976
f 233/1140/967 1109/1141/966 548/1137/977 1116/1139/979
f 209/1130/961 1114/1133/973 548/1137/977 1109/1141/966
f 210/1135/975 1113/1134/974 549/1142/980 1118/1143/981
f 224/1085/931 1096/1091/937 549/1142/980 1113/1134/974
f 225/1093/939 1117/1144/982 549/1142/980 1096/1091/937
f 211/1145/983 1118/1143/981 549/1142/980 1117/1144/982
f 211/1145/983 1119/1146/984 550/1147/985 1118/1143/981
f 226/1148/986 1120/1149/987 550/1147/985 1119/1146/984
f 234/1138/978 1115/1136/976 550/1147/985 1120/1149/987
f 210/1135/975 1118/1143/981 550/1147/985 1115/1136/976
f 217/1105/947 1121/1150/988 551/1151/989 1100/1103/945
f 212/1152/990 1122/1153/991 551/1151/989 1121/1150/988
f 211/1154/983 1117/1155/982 551/1151/989 1122/1153/991
f 225/1100/939 1100/1103/945 551/1151/989 1117/1155/982
f 226/1156/986 1119/1157/984 552/1158/992 1124/1159/993
f 211/1154/983 1122/1153/991 552/1158/992 1119/1157/984
f 212/1152/990 1123/1160/994 552/1158/992 1122/1153/991
f 227/1161/995 1124/1159/993 552/1158/992 1123/1160/994
f 217/1105/947 1102/1108/950 553/1162/996 1121/1150/988
f 218/1045/899 1125/1163/997 553/1162/996 1102/1108/950
f 213/1164/998 1126/1165/999 553/1162/996 1125/1163/997
f 212/1152/990 1121/1150/988 553/1162/996 1126/1165/999
f 212/1152/990 1126/1165/999 554/1166/1000 1123/1160/994
f 213/1164/998 1127/1167/1001 554/1166/1000 1126/1165/999
f 228/1168/1002 1128/1169/1003 554/1166/1000 1127/1167/1001
f 227/1161/995 1123/1160/994 554/1166/1000 1128/1169/1003
f 214/1170/1004 1129/1171/1005 555/1172/1006 1130/1173/1007
f 213/1164/998 1125/1163/997 555/1172/1006 1129/1171/1005
f 218/1045/899 1075/1044/898 555/1172/1006 1125/1163/997
f 219/1043/894 1130/1173/1007 555/1172/1006 1075/1044/898
f 213/1164/998 1129/1171/1005 556/1174/1008 1127/1167/1001
f 214/1170/1004 1131/1175/1009 556/1174/1008 1129/1171/1005
f 229/1176/1010 1132/1177/1011 556/1174/1008 1131/1175/1009
f 228/1168/1002 1127/1167/1001 556/1174/1008 1132/1177/1011
f 215/1178/1012 1133/1179/1013 557/1180/1014 1134/1181/1015
f 214/1182/1004 1130/1183/1007 557/1180/1014 1133/1179/1013
f 219/1038/894 1072/1035/891 557/1180/1014 1130/1183/1007
f 220/1034/890 1134/1181/1015 557/1180/1014 1072/1035/891
f 214/1182/1004 1133/1179/1013 558/1184/1016 1131/1185/1009
f 215/1178/1012 1135/1186/1017 558/1184/1016 1133/1179/1013
f 230/1187/1018 1136/1188/1019 558/1184/1016 1135/1186/1017
f 229/1189/1010 1131/1185/1009 558/1184/1016 1136/1188/1019
f 220/1034/890 1080/1053/907 559/1190/1020 1134/1181/1015
f 221/1052/906 1105/1191/957 559/1190/1020 1080/1053/907
f 216/1192/956 1137/1193/1021 559/1190/1020 1105/1191/957
f 215/1178/1012 1134/1181/1015 559/1190/1020 1137/1193/1021
f 215/1178/1012 1137/1193/1021 560/1194/1022 1135/1186/1017
f 216/1192/956 1112/1195/971 560/1194/1022 1137/1193/1021
f 231/1196/970 1138/1197/1023 560/1194/1022 1112/1195/971
f 230/1187/1018 1135/1186/1017 560/1194/1022 1138/1197/1023
f 227/1161/995 1139/1198/1024 561/1199/1025 1124/1159/993
f 241/1200/1026 1140/1201/1027 561/1199/1025 1139/1198/1024
f 242/1202/1028 1141/1203/1029 561/1199/1025 1140/1201/1027
f 226/1156/986 1124/1159/993 561/1199/1025 1141/1203/1029
f 243/1204/1030 1142/1205/1031 562/1206/1032 1143/1207/1033
f 234/1138/978 1120/1149/987 562/1206/1032 1142/1205/1031
f 226/1148/986 1141/1208/1029 562/1206/1032 1120/1149/987
f 242/1209/1028 1143/1207/1033 562/1206/1032 1141/1208/1029
f 228/1168/1002 1144/1210/1034 563/1211/1035 1128/1169/1003
f 240/1212/1036 1145/1213/1037 563/1211/1035 1144/1210/1034
f 241/1200/1026 1139/1198/1024 563/1211/1035 1145/1213/1037
f 227/1161/995 1128/1169/1003 563/1211/1035 1139/1198/1024
f 240/1212/1036 1144/1210/1034 564/1214/1038 1147/1215/1039
f 228/1168/1002 1132/1177/1011 564/1214/1038 1144/1210/1034
f 229/1176/1010 1146/1216/1040 564/1214/1038 1132/1177/1011
f 239/1217/1041 1147/1215/1039 564/1214/1038 1146/1216/1040
f 230/1187/1018 1148/1218/1042 565/1219/1043 1136/1188/1019
f 238/1220/1044 1149/1221/1045 565/1219/1043 1148/1218/1042
f 239/1222/1041 1146/1223/1040 565/1219/1043 1149/1221/1045
f 229/1189/1010 1136/1188/1019 565/1219/1043 1146/1223/1040
f 238/1220/1044 1148/1218/1042 566/1224/1046 1151/1225/1047
f 230/1187/1018 1138/1197/1023 566/1224/1046 1148/1218/1042
f 231/1196/970 1150/1226/1048 566/1224/1046 1138/1197/1023
f 237/1227/1049 1151/1225/1047 566/1224/1046 1150/1226/1048
f 232/1120/962 1152/1228/1050 567/1229/1051 1111/1127/969
f 236/1230/1052 1153/1231/1053 567/1229/1051 1152/1228/1050
f 237/1232/1049 1150/1233/1048 567/1229/1051 1153/1231/1053
f 231/1128/970 1111/1127/969 567/1229/1051 1150/1233/1048
f 233/1125/967 1154/1234/1054 568/1235/1055 1110/1123/965
f 235/1236/1056 1155/1237/1057 568/1235/1055 1154/1234/1054
f 236/1230/1052 1152/1228/1050 568/1235/1055 1155/1237/1057
f 232/1120/962 1110/1123/965 568/1235/1055 1152/1228/1050
f 235/1238/1056 1154/1239/1054 569/1240/1058 1156/1241/1059
f 233/1140/967 1116/1139/979 569/1240/1058 1154/1239/1054
f 234/1138/978 1142/1205/1031 569/1240/1058 1116/1139/979
f 243/1204/1030 1156/1241/1059 569/1240/1058 1142/1205/1031
f 244/1242/21 1157/1243/1060 570/1244/1061 1159/1245/1062
f 252/1246/1063 1158/1247/1064 570/1244/1061 1157/1243/1060
f 236/1230/1052 1155/1237/1057 570/1244/1061 1158/1247/1064
f 235/1236/1056 1159/1245/1062 570/1244/1061 1155/1237/1057
f 244/21/21 1159/1248/1062 571/1249/1065 1161/1250/1066
f 235/1238/1056 1156/1241/1059 571/1249/1065 1159/1248/1062
f 243/1204/1030 1160/1251/1067 571/1249/1065 1156/1241/1059
f 245/1252/1068 1161/1250/1066 571/1249/1065 1160/1251/1067
f 237/1232/1049 1153/1231/1053 572/1253/1069 1163/1254/1070
f 236/1230/1052 1158/1247/1064 572/1253/1069 1153/1231/1053
f 252/1246/1063 1162/1255/1071 572/1253/1069 1158/1247/1064
f 251/1256/1072 1163/1254/1070 572/1253/1069 1162/1255/1071
f 237/1227/1049 1163/1257/1070 573/1258/1073 1151/1225/1047
f 251/1259/1072 1164/1260/1074 573/1258/1073 1163/1257/1070
f 250/1261/1075 1165/1262/1076 573/1258/1073 1164/1260/1074
f 238/1220/1044 1151/1225/1047 573/1258/1073 1165/1262/1076
f 249/1263/1077 1166/1264/1078 574/1265/1079 1167/1266/1080
f 239/1222/1041 1149/1221/1045 574/1265/1079 1166/1264/1078
f 238/1220/1044 1165/1262/1076 574/1265/1079 1149/1221/1045
f 250/1261/1075 1167/1266/1080 574/1265/1079 1165/1262/1076
f 239/1217/1041 1166/1267/1078 575/1268/1081 1147/1215/1039
f 249/1269/1077 1168/1270/1082 575/1268/1081 1166/1267/1078
f 248/1271/1083 1169/1272/1084 575/1268/1081 1168/1270/1082
f 240/1212/1036 1147/1215/1039 575/1268/1081 1169/1272/1084
f 247/1273/1085 1170/1274/1086 576/1275/1087 1171/1276/1088
f 241/1200/1026 1145/1213/1037 576/1275/1087 1170/1274/1086
f 240/1212/1036 1169/1272/1084 576/1275/1087 1145/1213/1037
f 248/1271/1083 1171/1276/1088 576/1275/1087 1169/1272/1084
f 246/1277/1089 1172/1278/1090 577/1279/1091 1173/1280/1092
f 242/1202/1028 1140/1201/1027 577/1279/1091 1172/1278/1090
f 241/1200/1026 1170/1274/1086 577/1279/1091 1140/1201/1027
f 247/1273/1085 1173/1280/1092 577/1279/1091 1170/1274/1086
f 245/1252/1068 1160/1251/1067 578/1281/1093 1174/1282/1094
f 243/1204/1030 1143/1207/1033 578/1281/1093 1160/1251/1067
f 242/1209/1028 1172/1283/1090 578/1281/1093 1143/1207/1033
f 246/1284/1089 1174/1282/1094 578/1281/1093 1172/1283/1090
f 245/1252/1068 1175/1285/1095 579/1286/1096 1161/1250/1066
f 256/1287/1097 1176/1288/1098 579/1286/1096 1175/1285/1095
f 312/15/15 636/18/18 579/1286/1096 1176/1288/1098
f 244/21/21 1161/1250/1066 579/1286/1096 636/18/18
f 255/1289/19 1177/1290/1099 580/1291/1100 635/1292/20
f 254/1293/1101 1178/1294/1102 580/1291/1100 1177/1290/1099
f 252/1246/1063 1157/1243/1060 580/1291/1100 1178/1294/1102
f 244/1242/21 635/1292/20 580/1291/1100 1157/1243/1060
f 256/1287/1097 1175/1285/1095 581/1295/1103 1180/1296/1104
f 245/1252/1068 1174/1282/1094 581/1295/1103 1175/1285/1095
f 246/1284/1089 1179/1297/1105 581/1295/1103 1174/1282/1094
f 257/1298/1106 1180/1296/1104 581/1295/1103 1179/1297/1105
f 247/1273/1085 1181/1299/1107 582/1300/1108 1173/1280/1092
f 258/1301/1109 1182/1302/1110 582/1300/1108 1181/1299/1107
f 257/1303/1106 1179/1304/1105 582/1300/1108 1182/1302/1110
f 246/1277/1089 1173/1280/1092 582/1300/1108 1179/1304/1105
f 248/1271/1083 1183/1305/1111 583/1306/1112 1171/1276/1088
f 259/1307/1113 1184/1308/1114 583/1306/1112 1183/1305/1111
f 258/1301/1109 1181/1299/1107 583/1306/1112 1184/1308/1114
f 247/1273/1085 1171/1276/1088 583/1306/1112 1181/1299/1107
f 259/1307/1113 1183/1305/1111 584/1309/1115 1186/1310/1116
f 248/1271/1083 1168/1270/1082 584/1309/1115 1183/1305/1111
f 249/1269/1077 1185/1311/1117 584/1309/1115 1168/1270/1082
f 260/1312/1118 1186/1310/1116 584/1309/1115 1185/1311/1117
f 249/1263/1077 1167/1266/1080 585/1313/1119 1185/1314/1117
f 250/1261/1075 1187/1315/1120 585/1313/1119 1167/1266/1080
f 261/1316/1121 1188/1317/1122 585/1313/1119 1187/1315/1120
f 260/1318/1118 1185/1314/1117 585/1313/1119 1188/1317/1122
f 253/1319/1123 1189/1320/1124 586/1321/1125 1190/1322/1126
f 261/1316/1121 1187/1315/1120 586/1321/1125 1189/1320/1124
f 250/1261/1075 1164/1260/1074 586/1321/1125 1187/1315/1120
f 251/1259/1072 1190/1322/1126 586/1321/1125 1164/1260/1074
f 253/1323/1123 1190/1324/1126 587/1325/1127 1191/1326/1128
f 251/1256/1072 1162/1255/1071 587/1325/1127 1190/1324/1126
f 252/1246/1063 1178/1294/1102 587/1325/1127 1162/1255/1071
f 254/1293/1101 1191/1326/1128 587/1325/1127 1178/1294/1102
f 262/1327/1129 1192/1328/1130 588/1329/1131 1194/1330/1132
f 302/1331/1133 1193/1332/1134 588/1329/1131 1192/1328/1130
f 253/1323/1123 1191/1326/1128 588/1329/1131 1193/1332/1134
f 254/1293/1101 1194/1330/1132 588/1329/1131 1191/1326/1128
f 261/1316/1121 1189/1320/1124 589/1333/1135 1196/1334/1136
f 253/1319/1123 1193/1335/1134 589/1333/1135 1189/1320/1124
f 302/1336/1133 1195/1337/1137 589/1333/1135 1193/1335/1134
f 269/1338/1138 1196/1334/1136 589/1333/1135 1195/1337/1137
f 263/1339/1139 1197/1340/1140 590/1341/1141 1198/1342/1142
f 262/1327/1129 1194/1330/1132 590/1341/1141 1197/1340/1140
f 254/1293/1101 1177/1290/1099 590/1341/1141 1194/1330/1132
f 255/1289/19 1198/1342/1142 590/1341/1141 1177/1290/1099
f 263/1343/1139 1198/1344/1142 591/1345/1143 1200/1346/1144
f 255/19/19 634/16/16 591/1345/1143 1198/1344/1142
f 312/15/15 1199/1347/1145 591/1345/1143 634/16/16
f 313/22/22 1200/1346/1144 591/1345/1143 1199/1347/1145
f 313/22/22 1199/1347/1145 592/1348/1146 637/23/23
f 312/15/15 1176/1288/1098 592/1348/1146 1199/1347/1145
f 256/1287/1097 1201/1349/1147 592/1348/1146 1176/1288/1098
f 264/26/26 637/23/23 592/1348/1146 1201/1349/1147
f 257/1298/1106 1202/1350/1148 593/1351/1149 1180/1296/1104
f 265/1352/1150 1203/1353/1151 593/1351/1149 1202/1350/1148
f 264/26/26 1201/1349/1147 593/1351/1149 1203/1353/1151
f 256/1287/1097 1180/1296/1104 593/1351/1149 1201/1349/1147
f 265/1354/1150 1202/1355/1148 594/1356/1152 1205/1357/1153
f 257/1303/1106 1182/1302/1110 594/1356/1152 1202/1355/1148
f 258/1301/1109 1204/1358/1154 594/1356/1152 1182/1302/1110
f 266/1359/1155 1205/1357/1153 594/1356/1152 1204/1358/1154
f 258/1301/1109 1184/1308/1114 595/1360/1156 1204/1358/1154
f 259/1307/1113 1206/1361/1157 595/1360/1156 1184/1308/1114
f 267/1362/1158 1207/1363/1159 595/1360/1156 1206/1361/1157
f 266/1359/1155 1204/1358/1154 595/1360/1156 1207/1363/1159
f 268/1364/1160 1208/1365/1161 596/1366/1162 1209/1367/1163
f 267/1362/1158 1206/1361/1157 596/1366/1162 1208/1365/1161
f 259/1307/1113 1186/1310/1116 596/1366/1162 1206/1361/1157
f 260/1312/1118 1209/1367/1163 596/1366/1162 1186/1310/1116
f 269/1338/1138 1210/1368/1164 597/1369/1165 1196/1334/1136
f 268/1370/1160 1209/1371/1163 597/1369/1165 1210/1368/1164
f 260/1318/1118 1188/1317/1122 597/1369/1165 1209/1371/1163
f 261/1316/1121 1196/1334/1136 597/1369/1165 1188/1317/1122
f 270/1372/1166 1211/1373/1167 598/1374/1168 1213/1375/1169
f 304/1376/1170 1212/1377/1171 598/1374/1168 1211/1373/1167
f 302/1331/1133 1192/1328/1130 598/1374/1168 1212/1377/1171
f 262/1327/1129 1213/1375/1169 598/1374/1168 1192/1328/1130
f 262/1327/1129 1197/1340/1140 599/1378/1172 1213/1375/1169
f 263/1339/1139 1214/1379/1173 599/1378/1172 1197/1340/1140
f 271/1380/1174 1215/1381/1175 599/1378/1172 1214/1379/1173
f 270/1372/1166 1213/1375/1169 599/1378/1172 1215/1381/1175
f 271/1382/1174 1214/1383/1173 600/1384/1176 1216/1385/1177
f 263/1343/1139 1200/1346/1144 600/1384/1176 1214/1383/1173
f 313/22/22 639/25/25 600/1384/1176 1200/1346/1144
f 272/28/28 1216/1385/1177 600/1384/1176 639/25/25
f 265/1352/1150 1217/1386/1178 601/1387/1179 1203/1353/1151
f 296/1388/1180 1218/1389/1181 601/1387/1179 1217/1386/1178
f 298/1390/1182 1219/1391/1183 601/1387/1179 1218/1389/1181
f 264/26/26 1203/1353/1151 601/1387/1179 1219/1391/1183
f 298/1390/1182 1220/1392/1184 602/1393/1185 1219/1391/1183
f 299/1394/1186 1221/1395/1187 602/1393/1185 1220/1392/1184
f 272/28/28 638/27/27 602/1393/1185 1221/1395/1187
f 264/26/26 1219/1391/1183 602/1393/1185 638/27/27
f 265/1396/1150 1205/1397/1153 603/1398/1188 1217/1399/1178
f 266/1359/1155 1207/1363/1159 603/1398/1188 1205/1397/1153
f 267/1362/1158 1222/1400/1189 603/1398/1188 1207/1363/1159
f 296/1401/1180 1217/1399/1178 603/1398/1188 1222/1400/1189
f 296/1401/1180 1222/1400/1189 604/1402/1190 1224/1403/1191
f 267/1362/1158 1208/1365/1161 604/1402/1190 1222/1400/1189
f 268/1364/1160 1223/1404/1192 604/1402/1190 1208/1365/1161
f 297/1405/1193 1224/1403/1191 604/1402/1190 1223/1404/1192
f 268/1370/1160 1210/1368/1164 605/1406/1194 1223/1407/1192
f 269/1338/1138 1225/1408/1195 605/1406/1194 1210/1368/1164
f 303/1409/1196 1226/1410/1197 605/1406/1194 1225/1408/1195
f 297/1411/1193 1223/1407/1192 605/1406/1194 1226/1410/1197
f 269/1338/1138 1195/1337/1137 606/1412/1198 1225/1408/1195
f 302/1336/1133 1212/1413/1171 606/1412/1198 1195/1337/1137
f 304/1414/1170 1227/1415/1199 606/1412/1198 1212/1413/1171
f 303/1409/1196 1225/1408/1195 606/1412/1198 1227/1415/1199
f 271/1380/1174 1228/1416/1200 607/1417/1201 1215/1381/1175
f 300/1418/1202 1229/1419/1203 607/1417/1201 1228/1416/1200
f 301/1420/1204 1230/1421/1205 607/1417/1201 1229/1419/1203
f 270/1372/1166 1215/1381/1175 607/1417/1201 1230/1421/1205
f 304/1376/1170 1211/1373/1167 608/1422/1206 1232/1423/1207
f 270/1372/1166 1230/1421/1205 608/1422/1206 1211/1373/1167
f 301/1420/1204 1231/1424/1208 608/1422/1206 1230/1421/1205
f 305/1425/1209 1232/1423/1207 608/1422/1206 1231/1424/1208
f 272/28/28 1221/1395/1187 609/1426/1210 1216/1385/1177
f 299/1394/1186 1233/1427/1211 609/1426/1210 1221/1395/1187
f 300/1428/1202 1228/1429/1200 609/1426/1210 1233/1427/1211
f 271/1382/1174 1216/1385/1177 609/1426/1210 1228/1429/1200
f 273/659/570 1234/1430/1212 610/1431/1213 912/662/573
f 276/684/595 925/687/598 610/1431/1213 1234/1430/1212
f 291/692/600 1235/1432/1214 610/1431/1213 925/687/598
f 292/664/575 912/662/573 610/1431/1213 1235/1432/1214
f 274/371/311 933/715/614 611/1433/1215 784/378/318
f 292/664/575 1235/1432/1214 611/1433/1215 933/715/614
f 291/692/600 1236/1434/1216 611/1433/1215 1235/1432/1214
f 277/380/320 784/378/318 611/1433/1215 1236/1434/1216
f 280/698/591 927/697/604 612/1435/1217 930/1436/608
f 283/696/603 1237/1437/1218 612/1435/1217 927/697/604
f 284/1438/1219 1238/1439/1220 612/1435/1217 1237/1437/1218
f 281/1440/349 930/1436/608 612/1435/1217 1238/1439/1220
f 282/575/342 799/1441/345 613/1442/1221 880/576/512
f 281/1440/349 1238/1439/1220 613/1442/1221 799/1441/345
f 284/1438/1219 1239/1443/1222 613/1442/1221 1238/1439/1220
f 285/577/513 880/576/512 613/1442/1221 1239/1443/1222
f 296/1388/1180 1224/1444/1191 614/1445/1223 1218/1389/1181
f 297/1446/1193 1240/1447/1224 614/1445/1223 1224/1444/1191
f 307/1448/1225 1241/1449/1226 614/1445/1223 1240/1447/1224
f 298/1390/1182 1218/1389/1181 614/1445/1223 1241/1449/1226
f 303/1450/1196 1242/1451/1227 615/1452/1228 1226/1453/1197
f 306/1454/1229 1243/1455/1230 615/1452/1228 1242/1451/1227
f 307/1448/1225 1240/1447/1224 615/1452/1228 1243/1455/1230
f 297/1446/1193 1226/1453/1197 615/1452/1228 1240/1447/1224
f 298/1390/1182 1244/1456/1231 616/1457/1232 1220/1392/1184
f 311/1458/33 640/1459/30 616/1457/1232 1244/1456/1231
f 309/1460/29 1245/1461/1233 616/1457/1232 640/1459/30
f 299/1394/1186 1220/1392/1184 616/1457/1232 1245/1461/1233
f 298/1390/1182 1241/1449/1226 617/1462/1234 1244/1456/1231
f 307/1448/1225 1246/1463/1235 617/1462/1234 1241/1449/1226
f 308/1464/1236 1247/1465/1237 617/1462/1234 1246/1463/1235
f 311/1458/33 1244/1456/1231 617/1462/1234 1247/1465/1237
f 310/35/35 1248/1466/1238 618/1467/1239 642/32/32
f 300/1468/1202 1233/1469/1211 618/1467/1239 1248/1466/1238
f 299/1470/1186 1245/1471/1233 618/1467/1239 1233/1469/1211
f 309/29/29 642/32/32 618/1467/1239 1245/1471/1233
f 305/1425/1209 1231/1424/1208 619/1472/1240 1249/1473/1241
f 301/1420/1204 1229/1474/1203 619/1472/1240 1231/1424/1208
f 300/1468/1202 1248/1466/1238 619/1472/1240 1229/1474/1203
f 310/35/35 1249/1473/1241 619/1472/1240 1248/1466/1238
f 303/1450/1196 1227/1475/1199 620/1476/1242 1242/1451/1227
f 304/1477/1170 1232/1478/1207 620/1476/1242 1227/1475/1199
f 305/1479/1209 1250/1480/1243 620/1476/1242 1232/1478/1207
f 306/1454/1229 1242/1451/1227 620/1476/1242 1250/1480/1243
f 308/1464/1236 1246/1463/1235 621/1481/1244 1251/1482/1245
f 307/1448/1225 1243/1455/1230 621/1481/1244 1246/1463/1235
f 306/1454/1229 1250/1480/1243 621/1481/1244 1243/1455/1230
f 305/1479/1209 1251/1482/1245 621/1481/1244 1250/1480/1243
f 151/776/675 984/1483/715 622/1484/1246 963/772/671
f 118/833/709 988/832/723 622/1484/1246 984/1483/715
f 109/740/639 944/739/638 622/1484/1246 988/832/723
f 150/735/634 963/772/671 622/1484/1246 944/739/638
f 152/827/718 992/846/731 623/1485/1247 987/830/721
f 117/843/729 998/861/743 623/1485/1247 992/846/731
f 122/439/377 814/441/379 623/1485/1247 998/861/743
f 140/440/378 987/830/721 623/1485/1247 814/441/379
f 291/692/600 924/691/599 624/1486/1248 1236/1434/1216
f 290/690/564 906/1487/563 624/1486/1248 924/691/599
f 275/382/314 785/381/321 624/1486/1248 906/1487/563
f 277/380/320 1236/1434/1216 624/1486/1248 785/381/321
f 305/1425/1209 1249/1473/1241 625/1488/1249 1251/1489/1245
f 310/35/35 641/34/34 625/1488/1249 1249/1473/1241
f 311/33/33 1247/1490/1237 625/1488/1249 641/34/34
f 308/1491/1236 1251/1489/1245 625/1488/1249 1247/1490/1237
f 284/1438/1219 1237/1437/1218 626/1492/1250 1239/1443/1222
f 283/696/603 1252/1493/1251 626/1492/1250 1237/1437/1218
f 273/659/570 909/658/569 626/1492/1250 1252/1493/1251
f 285/577/513 1239/1443/1222 626/1492/1250 909/658/569
f 276/684/595 1234/1430/1212 627/1494/1252 926/695/602
f 273/659/570 1252/1493/1251 627/1494/1252 1234/1430/1212
f 283/696/603 926/695/602 627/1494/1252 1252/1493/1251
