# Blender 5.1.2
# www.blender.org
mtllib hotdawg.mtl
o Hot_dog
v -1.700851 12.393099 5.844975
v -1.453025 13.602830 6.715529
v -3.081604 8.360663 10.110694
v -1.382217 14.308509 7.847250
v -1.453025 14.510131 9.153085
v -1.700851 14.207699 10.633024
v -2.090295 13.502020 12.200025
v -2.550545 12.292290 13.679967
v -3.081604 10.679315 14.898744
v -3.612662 8.864719 15.682244
v -4.108316 6.848501 15.856356
v -4.497760 5.033902 15.334023
v -4.745586 3.420929 14.115247
v -4.816394 2.412820 12.374138
v -4.745586 2.009574 10.371861
v -4.497760 2.412817 8.369585
v -4.108316 3.420927 6.715532
v -3.612662 5.033902 5.583808
v -3.081604 6.949310 4.974420
v -2.550545 8.965528 4.887365
v -2.090295 10.780124 5.148531
v -2.762969 12.695532 5.757919
v -2.515142 13.905262 6.628475
v -4.179124 8.663096 10.023640
v -2.444332 14.610942 7.760196
v -2.515142 14.812562 9.066027
v -2.762969 14.510131 10.545972
v -3.152410 13.703642 12.025915
v -3.648065 12.493913 13.505858
v -4.179124 10.981748 14.724632
v -4.710181 9.066341 15.508132
v -5.170434 7.150934 15.682246
v -5.559875 5.235526 15.159913
v -5.807703 3.723362 13.941137
v -5.878511 2.614440 12.287084
v -5.807703 2.312007 10.284806
v -5.559875 2.715251 8.282531
v -5.170434 3.723360 6.715532
v -4.710181 5.336335 5.496754
v -4.179124 7.251743 4.887365
v -3.648065 9.267962 4.800311
v -3.152410 11.082557 5.148531
v -2.515142 13.905262 6.628475
v -1.453025 13.602830 6.715529
v -2.762969 12.695532 5.757919
v -1.700851 12.393099 5.844975
v -3.152410 11.082557 5.148531
v -2.090295 10.780124 5.148531
v -3.648065 9.267962 4.800311
v -2.550545 8.965528 4.887365
v -4.179124 7.251743 4.887365
v -3.081604 6.949310 4.974420
v -4.710181 5.336335 5.496754
v -3.612662 5.033902 5.583808
v -5.170434 3.723360 6.715532
v -4.108316 3.420927 6.715532
v -5.559875 2.715251 8.282531
v -4.497760 2.412817 8.369585
v -5.807703 2.312007 10.284806
v -4.745586 2.009574 10.371861
v -5.878511 2.614440 12.287084
v -4.816394 2.412820 12.374138
v -5.807703 3.723362 13.941137
v -4.745586 3.420929 14.115247
v -5.559875 5.235526 15.159913
v -4.497760 5.033902 15.334023
v -5.170434 7.150934 15.682246
v -4.108316 6.848501 15.856356
v -4.710181 9.066341 15.508132
v -3.612662 8.864719 15.682244
v -4.179124 10.981748 14.724632
v -3.081604 10.679315 14.898744
v -3.648065 12.493913 13.505858
v -2.550545 12.292290 13.679967
v -3.152410 13.703642 12.025915
v -2.090295 13.502020 12.200025
v -2.762969 14.510131 10.545972
v -1.700851 14.207699 10.633024
v -2.515142 14.812562 9.066027
v -1.453025 14.510131 9.153085
v -2.444332 14.610942 7.760196
v -1.382217 14.308509 7.847250
v -2.515142 13.905262 6.628475
v -1.453025 13.602830 6.715529
v 0.667257 15.028384 -18.014339
v 0.582422 13.742391 -17.462715
v 0.674045 15.170690 -17.836395
v 0.575636 14.243087 -17.071243
v 0.758880 15.334074 -17.694040
v 0.816568 14.712157 -16.715359
v 0.908191 15.481647 -17.605068
v -0.062328 16.319649 -18.441401
v 0.752094 14.928246 -18.192280
v 1.105010 14.949328 -18.423605
v 0.908191 14.901896 -18.352428
v 1.356123 13.025606 -18.049925
v 0.853897 13.304941 -17.818602
v 0.229506 13.489408 -16.786535
v 0.480619 12.936009 -16.964478
v 0.952305 12.519641 -16.982271
v -0.035181 12.335176 -16.003586
v 1.532581 12.345716 -16.822121
v 0.531522 12.166519 -15.825644
v -1.063387 11.908267 -14.953729
v -0.452572 11.834482 -14.935934
v -0.645998 11.149320 -13.903869
v -0.109836 11.249458 -14.170781
v 0.528128 10.263879 -13.459012
v 1.047322 10.379830 -13.779306
v 1.970332 12.983442 -18.103310
v -1.063387 11.317976 -13.512396
v -1.565614 12.245578 -14.793581
v -0.489899 12.751542 -16.021383
v -1.843874 12.746271 -14.544462
v -0.730833 13.304941 -15.861234
v -1.277174 11.697449 -13.067539
v -0.038575 10.764574 -12.515916
v 0.137883 10.406183 -12.996362
v 1.559728 9.236138 -12.960773
v 2.119643 9.283572 -13.227687
v 2.805115 8.050283 -12.106649
v 2.201084 8.129339 -11.982092
v 1.987299 7.607563 -10.522961
v 2.560787 7.444180 -10.398402
v 1.111795 7.971227 -9.259573
v 1.593663 7.802571 -8.957069
v -0.028393 8.456110 -8.352065
v 0.412752 8.308537 -7.978387
v -1.243239 8.630034 -7.658089
v -0.747800 8.498274 -7.355588
v -1.921923 8.387592 -6.376906
v -1.351829 8.313807 -6.341317
v -1.436664 8.013391 -4.917779
v -0.886929 8.002851 -5.166898
v -0.306656 7.597023 -4.099245
v 0.192180 7.612833 -4.455128
v 0.833535 6.869698 -3.423062
v 1.342550 6.859159 -3.761154
v -0.683324 7.876359 -3.707770
v -1.881203 8.319078 -4.633070
v -2.390215 8.751255 -6.341317
v -1.633483 9.041131 -7.853827
v -0.343982 8.877747 -8.618979
v -1.826906 9.631424 -7.889416
v -2.654902 9.315198 -6.234551
v -2.118743 8.846125 -4.383951
v -0.856388 8.371783 -3.387475
v 0.293982 7.681352 -2.729088
v 0.456866 7.170115 -3.049384
v 1.759939 6.005342 -2.479969
v 2.330036 5.936826 -2.711294
v 2.777966 5.531000 -1.038636
v 2.170545 5.631138 -1.020841
v 1.926217 6.015882 0.580639
v 2.513279 5.947368 0.758582
v 1.220386 6.727396 1.719472
v 1.753153 6.716855 2.057562
v 0.161639 7.328230 2.484624
v 0.677439 7.344042 2.804919
v -0.985337 7.707704 3.445511
v -0.408458 7.697162 3.623453
v -1.351829 7.987041 4.780080
v -0.754586 7.939605 4.726696
v -0.496687 8.050286 5.954499
v 0.042869 7.997582 5.705380
v 0.660471 7.760408 6.879799
v 1.179665 7.686624 6.559504
v 1.739580 7.222823 7.787304
v 2.306280 7.133223 7.555980
v 0.256653 8.124072 7.146713
v -0.920864 8.403406 6.150237
v -1.843874 8.324349 4.780080
v -1.453632 8.013391 3.214186
v -0.242180 7.602295 2.128738
v -1.708139 8.535167 3.018451
v -2.115349 8.872478 4.744491
v -1.138042 8.951535 6.239208
v 0.063228 8.688014 7.289066
v 1.060895 8.166236 8.000836
v 1.288253 7.597024 7.947453
v 2.014446 7.496886 9.210843
v 2.598116 7.491617 9.317609
v 1.590269 8.598414 10.474233
v 1.057502 8.493007 10.189527
v -0.204851 9.331012 10.669971
v 0.307556 9.457501 10.990266
v -1.443450 10.058335 11.488504
v -0.859782 10.105771 11.648652
v -1.545255 10.643359 12.698513
v -0.964979 10.537950 12.538365
v -0.510260 10.806744 13.588223
v 0.005540 10.632818 13.303517
v 0.755486 10.790934 14.566908
v 1.274680 10.595922 14.264407
v 1.624204 10.780389 15.492208
v 2.197692 10.601194 15.296473
v 1.956758 11.291626 16.684423
v 2.564181 11.212570 16.737804
v 1.247533 12.572350 17.645311
v 1.742974 12.677761 17.876635
v 0.341491 14.042812 17.947811
v 0.063228 13.884698 17.734282
v -1.036240 15.170693 17.502954
v -0.133589 13.879429 17.413982
v 0.874256 12.683032 17.253836
v 1.481679 11.613125 16.488686
v 1.179665 11.217839 15.527798
v 0.355064 11.244193 14.709260
v -0.924258 11.244193 13.730578
v -2.037299 11.017560 12.698513
v -1.141436 11.829214 13.694989
v 0.165030 11.839755 14.691468
v 0.962485 11.802862 15.438827
v 1.237353 12.092739 16.186184
v 0.704586 12.983446 16.791185
v -0.201459 14.021729 17.040306
v -0.140377 14.279983 16.720007
v 0.762274 13.394543 16.364124
v 1.267894 12.625055 15.848092
v 1.003208 12.393153 15.207501
v 0.209147 12.445861 14.495730
v -1.134648 12.430048 13.499251
v -2.322348 11.565692 12.556160
v -1.932103 10.284968 11.221593
v -0.618848 9.478583 10.260703
v -2.220545 10.727687 10.883503
v -2.254480 11.281085 10.563204
v -2.363068 12.155983 12.324832
v -2.169642 12.693573 12.022331
v -0.924258 12.951826 13.178957
v 0.456866 12.957095 14.211022
v 1.271288 12.899118 14.922793
v 1.539367 13.115211 15.527798
v 1.013387 13.837264 16.043829
v 0.032687 14.585670 16.470892
v 0.287194 14.891359 16.364124
v 0.579028 15.144341 16.399712
v 1.423991 14.227279 15.865888
v 1.919432 14.501342 15.865888
v 2.007661 13.478870 15.296473
v 1.726007 13.236430 14.620289
v -0.836029 9.863328 9.815846
v 2.598116 13.647527 15.189706
v 2.414871 14.590941 16.079416
v 0.857291 15.286642 16.577654
v 1.054108 15.286642 16.897953
v 1.121977 15.144341 17.271629
v 2.954424 14.179843 16.933540
v 2.788148 14.474991 16.470892
v 3.924944 12.772630 15.741327
v 3.684011 13.252240 15.421031
v 3.205537 13.573739 15.225294
v 2.289315 13.341840 14.371170
v 0.874256 13.294405 13.872932
v -0.540801 13.304946 12.840866
v 1.390056 13.394543 13.534842
v 2.862803 13.173183 14.211022
v 3.310733 12.746275 14.175436
v 3.527914 12.166524 14.264407
v 2.309674 12.777899 13.143370
v 1.909250 13.215348 13.285722
v -0.045360 13.426166 12.484983
v -1.776007 13.083587 11.737623
v -1.657237 12.308827 10.171732
v -1.239845 13.262782 11.488504
v 0.467046 13.268054 12.235861
v 0.881044 12.851686 12.111302
v -0.167524 12.793709 11.363946
v -0.659571 13.162642 11.346151
v -0.041969 12.408967 10.563204
v -0.534014 12.640865 10.296290
v 0.775847 11.903002 9.531138
v 0.263441 11.792319 9.264224
v -1.117683 12.598704 10.153937
v -0.232000 11.444469 9.157460
v -2.057661 11.839755 10.314085
v -0.825847 10.390375 9.459962
v -0.615457 10.949044 9.228638
v 1.105010 10.611735 8.694809
v 1.624204 10.933234 8.783781
v 2.156969 11.017560 9.050694
v 2.611690 10.079417 8.232161
v 2.044987 9.826435 8.249955
v 1.773513 9.789541 7.644951
v 1.597055 9.383714 8.374514
v 0.691012 10.132122 8.765988
v 0.453472 9.583993 8.979518
v 0.426325 9.062218 9.335403
v 0.636718 8.666931 9.762465
v 1.556334 7.781490 9.032903
v 1.318794 8.261105 8.783781
v 1.342550 8.830316 8.552456
v 1.335762 9.362635 7.840689
v 0.755486 10.337670 6.950975
v 2.326642 9.995089 7.431419
v 3.191963 10.068876 8.303337
v 2.577755 10.843635 9.442169
v 1.186451 11.744886 9.940407
v 0.243080 11.966247 10.901295
v 1.407023 11.365413 10.367470
v 2.788148 10.448352 9.869228
v 1.396844 10.859447 10.741147
v 0.277015 11.423388 11.221593
v 0.120916 12.250852 11.488504
v 1.101616 12.271934 12.146894
v 2.499706 12.187608 13.178957
v 2.455591 11.576233 13.321311
v 1.094828 11.655290 12.324832
v 0.158245 11.650018 11.719831
v 0.080195 10.869989 11.488504
v -0.035181 11.107160 12.004538
v 0.884438 11.122970 12.591746
v -0.428817 10.711875 12.289246
v -0.320229 10.406188 11.630859
v -0.964979 10.537950 12.538365
v 0.005540 10.632818 13.303517
v 0.500981 10.759307 12.947632
v 1.274680 10.595922 14.264407
v 2.204478 11.054456 13.588223
v 3.487191 11.570961 14.477937
v 3.897797 12.240311 16.079418
v 2.900130 13.779288 17.360601
v 1.060895 14.901899 17.609720
v 0.887832 14.606751 17.858839
v 0.636718 14.301065 17.983400
v 2.238413 12.962364 17.894428
v 0.341491 14.042812 17.947811
v 1.742974 12.677761 17.876635
v 2.645622 13.352382 17.698690
v 3.626323 11.750158 16.381922
v 3.219110 11.049186 14.744850
v 1.790480 10.701334 13.926316
v 2.197692 10.601194 15.296473
v 2.764392 10.706605 15.029556
v 3.158031 11.381223 16.613247
v 2.564181 11.212570 16.737804
v 1.532581 12.345716 -16.822121
v 1.970332 12.983442 -18.103310
v 2.089102 12.445857 -16.537415
v 2.557394 13.167908 -17.978750
v 1.105010 14.949328 -18.423605
v 1.295041 15.065280 -18.423605
v 1.444352 15.212852 -18.352428
v 0.531522 12.166519 -15.825644
v 1.071075 12.282470 -15.540938
v -0.452572 11.834482 -14.935934
v 0.124310 12.013677 -14.793581
v -0.109836 11.249458 -14.170781
v 0.409358 11.565688 -14.241959
v 1.047322 10.379830 -13.779306
v 1.566514 10.701328 -13.886073
v 2.119643 9.283572 -13.227687
v 2.686345 9.547096 -13.298863
v 2.805115 8.050283 -12.106649
v 3.409144 8.234749 -12.071063
v 2.560787 7.444180 -10.398402
v 3.137670 7.565400 -10.202665
v 1.593663 7.802571 -8.957069
v 3.901189 8.608953 -11.910915
v 3.151243 9.963465 -13.174305
v 1.994087 11.154590 -13.779306
v 0.823356 12.024217 -14.099606
v 2.255380 11.650014 -13.476806
v 3.443077 10.448347 -12.871801
v 4.206599 9.114919 -11.661793
v 3.510947 10.927958 -12.462535
v 2.313068 12.119086 -13.049745
v 1.057502 12.535454 -13.797104
v 0.792815 12.914927 -14.224163
v 0.562063 12.398420 -14.544462
v 1.491861 12.625051 -15.202848
v 2.520067 12.777894 -16.199326
v 3.005326 13.531571 -17.711836
v 3.242866 14.000644 -17.338154
v 1.529187 15.370965 -18.210073
v 1.535975 15.513270 -18.032131
v 3.239472 14.501340 -16.946682
v 1.454532 15.608139 -17.836395
v 1.295041 15.639759 -17.694040
v 1.098222 15.592327 -17.605068
v 2.465773 15.212852 -16.359474
v 2.967999 14.938787 -16.590797
v 2.754213 13.847800 -15.594320
v 2.754213 13.273318 -15.861234
v 1.722613 13.131016 -14.882552
v 1.729398 13.710769 -14.633433
v 0.779241 13.468328 -13.921662
v 1.488467 14.269438 -14.473282
v 0.500981 13.974293 -13.654748
v 1.084648 13.025606 -13.387835
v 0.870864 13.399810 -12.942979
v 2.136610 12.466936 -12.551506
v 3.324307 11.323245 -12.017678
v 2.903524 11.528792 -11.626206
v 1.742974 12.619781 -12.124445
v 0.450078 13.573735 -12.551506
v -0.001246 14.301062 -13.494601
v 1.033749 14.669993 -14.473282
v 0.467046 14.822839 -14.633433
v -0.612063 14.374847 -13.512396
v -0.082689 13.494678 -12.320179
v 1.227174 12.524913 -11.821944
v 2.343609 11.497170 -11.377088
v 3.605961 10.479971 -10.825464
v 4.064074 10.153200 -11.056788
v 4.271072 9.657775 -11.359292
v 3.907977 8.466651 -9.793398
v 3.612749 7.929063 -9.989136
v 2.099281 7.934333 -8.654569
v 0.870864 8.461379 -7.622502
v 0.412752 8.308537 -7.978387
v 2.526853 8.313807 -8.387654
v 2.808507 8.861937 -8.227507
v 3.979239 9.083295 -9.651045
v 2.900130 9.489122 -8.174123
v 3.789207 9.668317 -9.579868
v 2.767786 10.084684 -8.227507
v 1.610631 10.042523 -7.124265
v 1.522399 9.415336 -7.159851
v 1.264500 8.856666 -7.337794
v 0.355064 9.647235 -6.590436
v -0.259147 8.666927 -7.053087
v 0.127704 9.078026 -6.786173
v -0.747800 8.498274 -7.355588
v -1.351829 8.313807 -6.341317
v -0.822456 8.529896 -6.252346
v -0.886929 8.002851 -5.166898
v -0.422031 8.972617 -6.109993
v -0.215033 9.557638 -5.967638
v 0.382211 10.279695 -6.519260
v 1.488467 10.627544 -7.231030
v 1.172877 11.038640 -7.480149
v 2.418265 10.516862 -8.423244
v 3.358242 10.095225 -9.597664
v 2.788148 10.253338 -9.722224
v 3.005326 10.559027 -10.718700
v 1.933005 10.674977 -8.690156
v 0.731733 11.175671 -7.800446
v -0.198065 11.259999 -6.750585
v 0.188786 10.859444 -6.572642
v -0.500078 10.748765 -5.736313
v -0.235392 10.190095 -5.825284
v 0.266835 9.952925 -5.042338
v 0.266835 9.341549 -5.238075
v 0.029295 10.469431 -4.793218
v 1.407023 9.547097 -4.419541
v 1.352729 8.956804 -4.650865
v 2.635443 8.745987 -3.707770
v 1.233959 10.037252 -4.081450
v -0.415244 10.780388 -4.526307
v -0.971764 11.112428 -5.682931
v -0.696898 11.386490 -7.017498
v -1.538466 11.191484 -5.718519
v -0.964979 10.796202 -4.294980
v 0.857291 10.311318 -3.725565
v 0.358456 10.306046 -3.405269
v 2.095890 9.552369 -3.049384
v -1.490958 10.527404 -4.170422
v -2.067840 10.970126 -5.807489
v -1.182157 11.217837 -7.302207
v 0.273621 11.028097 -8.138535
v 1.430779 10.543217 -8.974864
v 2.211266 10.126849 -9.900165
v 2.401297 10.379830 -10.754288
v 1.776906 11.244188 -11.305910
v 0.704586 12.213955 -11.732972
v -0.605275 13.183722 -12.266797
v -1.188945 14.195651 -13.654748
v -0.075901 14.706887 -14.900344
v 0.894617 14.865001 -15.807853
v 1.451138 14.970409 -15.523143
v 2.031414 14.807027 -15.398582
v 2.503099 14.401199 -15.416378
v 1.851562 15.260286 -16.306089
v 1.264500 15.070549 -16.430649
v 0.467046 14.543501 -16.145945
v 0.232900 14.058619 -16.501827
v -0.727438 13.879424 -15.576526
v -0.493293 14.374847 -15.238435
v -1.857447 13.299672 -14.224163
v -1.253418 12.203414 -12.676067
v -1.626696 13.810906 -13.903869
v -1.015878 12.730460 -12.391357
v 0.019113 11.249458 -12.106649
v 0.280409 11.760695 -11.821944
v 1.020175 10.327125 -11.697382
v 1.308615 10.827821 -11.430470
v 1.909250 10.005626 -10.914435
v 1.736186 9.768455 -10.113696
v 1.003208 10.174281 -9.241778
v -0.120016 10.643354 -8.441037
v -1.569008 10.817282 -7.586913
v -2.468264 10.527404 -5.932051
v -1.894776 10.058334 -4.134832
v -0.550981 9.557638 -3.120561
v -0.140377 10.031983 -3.191737
v 1.586875 9.568179 -2.729089
v 3.066408 8.672200 -2.195261
v 2.472558 9.251952 -3.387475
v 3.500765 8.319078 -2.426585
v 3.704372 7.770949 -2.657912
v 3.982632 7.897441 -1.003047
v 3.510947 8.276914 -0.985252
v 2.492920 8.740715 -1.981731
v 1.067681 9.315198 -2.533351
v 0.636718 8.856667 -2.462175
v 1.461320 8.092448 -1.803788
v 1.922823 8.529898 -1.857170
v 2.903524 8.377055 -0.949665
v 3.276801 8.640577 0.295933
v 3.724731 8.292727 0.491668
v 3.928336 7.755139 0.669611
v 4.206599 7.333499 -1.038636
v 4.159090 6.711586 -1.056428
v 3.646684 7.159576 -2.818060
v 2.564181 8.155694 -3.939095
v 1.101616 8.377052 -4.739836
v 0.042869 8.751256 -5.327046
v -0.360950 8.276914 -5.309251
v 0.192180 7.612833 -4.455128
v 0.691012 7.902709 -4.686454
v 1.342550 6.859159 -3.761154
v 2.289315 7.586483 -4.028066
v 1.861742 7.127951 -3.974684
v 3.365030 6.590365 -2.889236
v 2.330036 5.936826 -2.711294
v 2.900130 6.158185 -2.853647
v 2.777966 5.531000 -1.038636
v 3.381995 5.726007 -1.056428
v 2.513279 5.947368 0.758582
v 3.096949 6.163456 0.865348
v 1.753153 6.716855 2.057562
v 3.867257 6.142375 -1.074223
v 3.867257 7.149033 0.811966
v 2.998538 8.008121 2.199915
v 3.059620 8.593144 1.968591
v 1.865135 9.299385 2.751537
v 2.876377 9.088568 1.666087
v 3.575420 6.590365 0.883143
v 2.285921 6.980380 2.253299
v 2.727066 7.438909 2.306681
v 1.831203 8.709092 2.965067
v 1.183057 7.639188 3.000657
v 0.677439 7.344042 2.804919
v 1.590269 8.124071 3.054038
v 0.782635 9.041132 3.641248
v 0.137883 7.971228 3.730219
v 0.558669 8.445570 3.730219
v -0.408458 7.697162 3.623453
v -0.754586 7.939605 4.726696
v -0.187885 8.182048 4.655519
v 0.042869 7.997582 5.705380
v 0.239686 8.645849 4.548753
v 0.467046 9.236142 4.459785
v 0.779241 9.652507 3.481100
v 1.671710 9.789540 2.449034
v 1.271288 10.063603 2.110944
v 2.475952 9.383713 1.310204
v 2.689737 8.709092 0.135783
v 2.299495 8.182048 -0.931870
v 1.814235 7.765679 -0.931870
v 1.946579 9.394254 1.025496
v 2.102675 8.498275 0.029019
v 1.410417 9.141273 0.829758
v 0.969272 8.688013 0.758582
v 1.624204 8.071365 -0.006570
v 1.332368 7.507427 0.046814
v 1.522399 7.196469 -0.931870
v 1.176271 7.523237 -1.857170
v 0.365243 8.282186 -2.533351
v -0.802094 8.972617 -3.173943
v -2.115349 9.462770 -4.206008
v -2.675263 9.942384 -6.092198
v -1.796368 10.258610 -7.800446
v -0.377917 10.100494 -8.654569
v 0.721553 9.636696 -9.437513
v 1.437564 9.236138 -10.327227
v 1.603843 9.494391 -11.163555
v 0.948911 9.831700 -12.088855
v 1.138942 9.436417 -12.533711
v 1.746366 8.450838 -11.750764
v 0.755486 10.053065 1.826235
v 1.539367 8.946262 -11.448263
v 1.366303 8.624763 -10.487373
v 1.559728 8.039742 -10.558554
v 0.762274 8.408674 -9.473103
v -0.466146 9.473310 -8.707951
v 0.626536 9.009508 -9.526487
v 1.121977 6.906592 -1.999523
v 1.474893 6.574553 -0.949665
v 1.274680 6.901323 0.171372
v 0.697798 8.113530 0.829759
v -0.401670 8.698551 1.630500
v -0.160736 9.288844 1.559324
v -1.711531 9.151814 2.876096
v -1.487566 9.747375 2.787124
v 0.246474 9.768458 1.630500
v -0.435605 8.097719 1.808443
v 0.636718 7.523237 1.043291
v 1.478285 6.363733 0.367110
v 0.819962 7.017272 1.363586
v -2.125528 9.494395 4.655519
v -1.901562 10.084685 4.566548
v -1.066781 10.221719 2.804919
v -0.520440 10.490512 2.893890
v 0.056442 10.479972 3.054038
v 0.524734 10.174285 3.267568
v 0.181998 10.406184 4.335223
v 0.453472 9.863327 4.388605
v 1.213598 9.273034 5.224934
v -1.117683 9.578723 6.221413
v 1.233959 9.900219 5.224934
v 1.016781 10.448348 5.331700
v 2.384330 9.562910 6.025676
v 2.190904 10.121580 6.168028
v 3.568635 8.977890 7.022153
v 2.347003 8.935725 5.990087
v 0.592601 10.790930 5.491848
v -0.306656 10.748765 4.335223
v -0.907290 10.790930 4.388605
v -1.470599 10.548490 4.459782
v -0.883535 10.163744 6.096852
v 0.100557 9.320471 7.289066
v 1.084648 8.788152 7.965247
v 0.053048 10.843634 5.705379
v 1.787088 10.479973 6.399355
v -0.469540 10.611732 5.918909
v 0.344882 9.900220 7.164505
v 1.267894 10.553760 6.684062
v 2.893344 9.910761 7.235684
v 3.341274 9.541829 7.093328
v 3.653470 9.784272 8.499074
v 3.887615 9.304658 8.730399
v 3.863863 8.735447 8.961723
v 3.544879 8.350702 7.057742
v 2.102675 8.350701 6.079058
v 0.979452 8.688013 5.313905
v 0.565454 8.229481 5.491848
v 1.179665 7.686624 6.559504
v 1.692072 7.907983 6.274795
v 2.306280 7.133223 7.555980
v 3.293766 7.770949 7.164505
v 2.859409 7.338771 7.342451
v 3.609355 8.187318 9.157460
v 3.164816 7.744598 9.282022
v 2.598116 7.491617 9.317609
v 1.590269 8.598414 10.474233
v 2.112855 8.930453 10.580999
v 0.307556 9.457501 10.990266
v 2.764392 9.942387 10.242908
v 2.523461 9.404797 10.492028
v 1.186451 10.311319 11.008060
v 0.802994 9.815894 11.097033
v -0.859782 10.105771 11.648652
v 1.698859 6.005342 -0.985252
v 1.322188 6.358463 -2.230848
v 2.526649 7.436871 32.700283
v 2.443527 5.018055 31.946293
v 4.376099 5.941603 31.159525
v 4.864436 2.452642 28.995905
v 7.243784 4.006548 27.619055
v 6.360620 7.304935 30.012150
v 3.752688 8.785545 32.438026
v 1.498023 8.389738 33.323143
v 0.801881 5.223287 32.470814
v 0.521347 1.441136 30.372753
v 2.505867 1.470455 29.946585
v 5.363165 -1.314849 25.619347
v 8.033437 0.546906 24.275280
v 10.298492 2.731171 22.800083
v 9.290646 5.765688 26.045511
v 8.147728 8.521673 28.405827
v 5.446284 10.119559 31.421780
v 7.087930 10.896511 29.848240
v 4.552732 12.186550 31.979074
v 2.848744 10.720600 33.060886
v 9.342596 9.753072 26.963413
v 10.620589 7.539486 24.570318
v 11.753116 4.930097 21.390453
v 12.677841 2.452641 17.554945
v 11.119315 -0.098113 18.800665
v 8.667234 -2.648866 20.144733
v 5.757990 -4.833129 21.324888
v 2.692891 -2.472951 26.602810
v 0.448616 -2.619544 26.963413
v -1.390444 -2.077143 26.865067
v -1.089129 2.012856 30.339972
v -0.559229 6.000240 32.601936
v 0.375884 9.430562 33.552620
v 1.872069 12.010635 33.224796
v 3.711128 13.579201 31.979073
v 6.308669 12.787587 30.274405
v 8.189287 11.101744 28.405827
v 7.991877 12.465078 28.274696
v 9.508841 11.131065 26.078297
v 10.838781 9.122713 23.488508
v 11.971311 6.777194 20.275864
v 12.906425 4.578268 16.538700
v 13.363592 0.517587 13.424401
v 11.680384 -2.341016 14.440644
v 9.041281 -5.228937 15.522456
v 5.934623 -7.706392 16.505920
v 2.838354 -9.304277 17.194344
v 2.848744 -6.211121 22.177225
v 0.396665 -6.431014 22.505047
v -1.619027 -5.859294 22.406700
v -3.198332 -4.862449 22.078878
v -2.824288 -1.197573 26.504465
v -2.346338 2.833789 30.012150
v -1.629417 6.791852 32.339680
v -0.538450 10.266153 33.323143
v 1.051245 12.875545 32.995323
v 2.942255 14.473430 31.684036
v 5.633308 14.165579 30.143278
v 7.461977 13.769774 27.946875
v 9.010113 12.391781 25.488218
v 10.298492 10.427407 22.668957
v 11.368679 8.272462 19.423527
v 12.220675 6.308086 15.784712
v 13.612956 2.907082 12.604848
v 13.810369 -0.845748 9.064379
v 12.023261 -3.968220 9.785585
v 9.238695 -7.120012 10.572357
v 5.965794 -9.846679 11.260781
v 2.713672 -11.620479 11.752513
v -0.008553 -11.957645 11.916424
v 0.220032 -9.582808 17.456600
v -1.920341 -8.981770 17.358255
v -3.582768 -7.911624 17.095999
v -3.946424 -10.213165 11.686952
v -2.221656 -11.341948 11.883641
v -2.471020 -12.822557 6.015644
v -0.216355 -13.452917 6.048426
v -2.574924 -13.335641 0.016517
v -4.310080 -12.162881 0.016517
v -4.206179 -11.664458 -5.917046
v -4.206179 -11.664458 5.917298
v 2.578599 -13.057111 5.950081
v 5.924232 -11.166036 5.687822
v 9.301037 -8.278112 5.327218
v 12.189504 -4.935747 4.933832
v 14.070122 -1.652021 4.540447
v 14.122073 1.734322 8.474301
v 12.906425 4.812818 11.949205
v 11.077755 7.642103 15.194634
v 10.329662 9.445218 18.767881
v 9.394548 11.438912 22.046097
v 8.210070 13.300670 24.930920
v 6.734665 14.634684 27.487926
v 4.916387 15.045149 29.782673
v 11.701165 6.293426 11.490254
v 13.405152 3.801312 8.015349
v 12.179112 5.399197 7.687528
v 13.716857 3.229592 4.015933
v 12.480427 4.886115 3.852022
v 13.820758 3.053678 0.016514
v 12.584331 4.739518 0.016513
v 14.412999 1.059985 4.245406
v 14.142854 -1.915893 0.016514
v 12.231063 -5.258258 0.016514
v 9.301037 -8.673920 0.016514
v 5.882672 -11.605820 0.016517
v 2.505867 -13.555533 0.016517
v -0.309867 -13.966000 0.016517
v -2.471020 -12.822557 -6.015394
v -3.946424 -10.213169 -11.686700
v -2.221656 -11.341951 -11.883391
v -3.582768 -7.911630 -17.095749
v 14.506510 0.840094 0.016514
v -0.216355 -13.452917 -6.048174
v 2.578599 -13.057111 -5.949829
v 5.924232 -11.166036 -5.687573
v 9.301037 -8.278115 -5.326970
v 12.189504 -4.935750 -4.933583
v 14.070122 -1.652022 -4.540200
v 14.412999 1.059984 -4.245161
v 13.716857 3.229589 -4.015686
v 12.480427 4.886114 -3.851775
v 13.405152 3.801311 -8.015104
v 12.179112 5.399194 -7.687284
v 14.122073 1.734321 -8.474053
v 13.810369 -0.845752 -9.064131
v 12.023261 -3.968224 -9.785338
v 9.238695 -7.120017 -10.572108
v 5.965794 -9.846684 -11.260530
v 2.713672 -11.620483 -11.752261
v -0.008553 -11.957649 -11.916172
v -1.920341 -8.981773 -17.358006
v -3.198332 -4.862454 -22.078630
v -1.619027 -5.859301 -22.406452
v -2.824288 -1.197582 -26.504217
v 0.220032 -9.582811 -17.456354
v 2.838354 -9.304282 -17.194094
v 5.934623 -7.706397 -16.505672
v 9.041281 -5.228941 -15.522209
v 11.680384 -2.341020 -14.440400
v 13.363592 0.517582 -13.424153
v 13.612956 2.907080 -12.604601
v 12.906425 4.812814 -11.948958
v 11.701165 6.293424 -11.490009
v 12.220675 6.308082 -15.784465
v 11.077755 7.642098 -15.194388
v 12.906425 4.578262 -16.538454
v 12.677841 2.452634 -17.554699
v 11.119315 -0.098119 -18.800419
v 8.667234 -2.648871 -20.144487
v 5.757990 -4.833137 -21.324644
v 2.848744 -6.211130 -22.176977
v 0.396665 -6.431022 -22.504799
v -1.390444 -2.077152 -26.864822
v -2.346338 2.833780 -30.011904
v -1.089129 2.012849 -30.339724
v -1.629417 6.791845 -32.339432
v 0.448616 -2.619553 -26.963167
v 2.692891 -2.472957 -26.602564
v 5.363165 -1.314858 -25.619101
v 8.033437 0.546900 -24.275034
v 10.298492 2.731165 -22.799839
v 11.753116 4.930089 -21.390207
v 11.971311 6.777186 -20.275616
v 11.368679 8.272453 -19.423279
v 10.329662 9.445216 -18.767641
v 10.298492 10.427401 -22.668709
v 9.394548 11.438907 -22.045849
v 10.838781 9.122705 -23.488262
v 10.620589 7.539480 -24.570072
v 9.290646 5.765679 -26.045267
v 7.243784 4.006540 -27.618809
v 4.864436 2.452633 -28.995657
v 2.505867 1.470448 -29.946339
v 0.521347 1.441127 -30.372505
v -0.559229 6.000230 -32.601692
v -0.538450 10.266143 -33.322895
v 0.375884 9.430554 -33.552372
v 1.051245 12.875534 -32.995075
v 0.801881 5.223278 -32.470558
v 2.443527 5.018045 -31.946049
v 4.376099 5.941593 -31.159277
v 6.360620 7.304926 -30.011904
v 8.147728 8.521665 -28.405581
v 9.342596 9.753063 -26.963167
v 9.508841 11.131055 -26.078051
v 9.010113 12.391772 -25.487972
v 8.210070 13.300661 -24.930679
v 7.461977 13.769765 -27.946632
v 6.734665 14.634675 -27.487682
v 7.991877 12.465069 -28.274452
v 8.189287 11.101735 -28.405581
v 7.087930 10.896502 -29.847992
v 6.308669 12.787579 -30.274162
v 5.633308 14.165573 -30.143034
v 4.916387 15.045140 -29.782431
v 3.711128 13.579190 -31.978832
v 2.942255 14.473419 -31.683792
v 4.552732 12.186539 -31.978830
v 5.446284 10.119550 -31.421535
v 3.752688 8.785535 -32.437778
v 2.526649 7.436862 -32.700039
v 2.848744 10.720590 -33.060642
v 1.872069 12.010625 -33.224552
v 1.498023 8.389728 -33.322895
v -0.538450 10.266143 -33.322895
v -1.234590 10.881843 -32.929512
v 0.427834 13.447253 -32.601692
v -1.941123 11.453564 -32.372215
v -0.247526 13.945679 -32.077179
v 1.051245 12.875534 -32.995075
v -1.629417 6.791845 -32.339432
v -2.429461 7.480840 -31.913267
v -3.208722 8.140517 -31.323187
v -3.260673 3.610732 -29.585737
v -2.346338 2.833780 -30.011904
v -2.824288 -1.197582 -26.504217
v -3.863305 -0.303352 -26.078051
v -3.198332 -4.862454 -22.078630
v -4.330861 -3.865610 -21.685246
v -3.582768 -7.911630 -17.095749
v -4.788027 -6.812167 -16.800711
v -3.946424 -10.213169 -11.686700
v -5.172463 -9.040410 -11.457223
v -4.206179 -11.664458 -5.917046
v -5.442609 -10.447720 -5.818701
v -4.310080 -12.162881 0.016517
v -5.556901 -10.931482 0.016517
v -4.206179 -11.664458 5.917298
v -5.442609 -10.447720 5.818950
v -3.946424 -10.213165 11.686952
v -5.172463 -9.040406 11.457475
v -3.582768 -7.911624 17.095999
v -4.788027 -6.812161 16.800959
v -3.198332 -4.862449 22.078878
v -4.330861 -3.865601 21.685493
v -2.824288 -1.197573 26.504465
v -3.863305 -0.303343 26.078297
v -2.346338 2.833789 30.012150
v -3.260673 3.610741 29.585981
v -1.629417 6.791852 32.339680
v -2.429461 7.480850 31.913511
v -0.538450 10.266153 33.323143
v -1.234590 10.881854 32.929756
v 1.051245 12.875545 32.995323
v 0.427834 13.447264 32.601936
v 2.942255 14.473430 31.684036
v 2.329235 15.015830 31.323433
v 4.916387 15.045149 29.782673
v 4.272195 15.587549 29.389286
v 6.734665 14.634684 27.487926
v 6.028135 15.206406 27.094540
v 8.210070 13.300670 24.930920
v 7.399635 13.931027 24.504753
v 9.394548 11.438912 22.046097
v 8.449043 12.157228 21.587147
v 10.329662 9.445218 18.767881
v 9.259476 10.280809 18.341717
v 11.077755 7.642103 15.194634
v 9.903666 8.580309 14.801245
v 11.701165 6.293426 11.490254
v 10.464735 7.348910 11.129649
v 12.179112 5.399197 7.687528
v 10.901122 6.527979 7.425272
v 12.480427 4.886115 3.852022
v 11.192046 6.058874 3.720891
v 12.584331 4.739518 0.016513
v 11.306338 5.926938 0.016513
v 12.480427 4.886114 -3.851775
v 11.192046 6.058873 -3.720647
v 12.179112 5.399194 -7.687284
v 10.901122 6.527978 -7.425028
v 11.701165 6.293424 -11.490009
v 10.464735 7.348908 -11.129406
v 11.077755 7.642098 -15.194388
v 9.903666 8.580304 -14.801004
v 10.329662 9.445216 -18.767641
v 9.259476 10.280805 -18.341471
v 9.394548 11.438907 -22.045849
v 8.449043 12.157222 -21.586899
v 8.210070 13.300661 -24.930679
v 7.399635 13.931020 -24.504511
v 6.734665 14.634675 -27.487682
v 6.028135 15.206397 -27.094297
v 4.916387 15.045140 -29.782431
v 4.272195 15.587542 -29.389050
v 2.942255 14.473419 -31.683792
v 2.329235 15.015821 -31.323189
v 1.643484 15.470266 -30.798679
v 3.534496 16.041988 -28.897316
v 5.217702 15.690160 -26.602568
v 6.474911 14.473420 -23.979994
v 7.399635 12.816898 -21.095169
v 8.074997 11.043099 -17.849739
v 8.625675 9.459874 -14.342055
v 7.815242 9.459874 -14.178144
v 9.114014 8.331093 -10.801585
v 8.282801 8.345754 -10.670457
v 9.529619 7.568802 -7.195552
v 9.799765 7.158336 -3.589520
v 9.903666 7.041061 0.016513
v 9.799765 7.158337 3.589763
v 9.529619 7.568803 7.195796
v 9.114014 8.331098 10.801828
v 8.625675 9.459878 14.342299
v 8.074997 11.043103 17.849983
v 7.815242 9.459878 14.178388
v 7.316516 10.999127 17.620508
v 7.399635 12.816905 21.095413
v 6.474911 14.473429 23.980238
v 5.217702 15.690167 26.602806
v 3.534496 16.041994 28.897554
v 1.643484 15.470275 30.798918
v -0.247526 13.945686 32.077423
v -1.941123 11.453574 32.372463
v -3.208722 8.140526 31.323435
v -4.154229 4.387696 28.995905
v -4.850368 0.620205 25.521000
v -5.411437 -2.795459 21.193762
v -5.910166 -5.624743 16.374788
v -6.325771 -7.765031 11.162436
v -5.993288 -4.921089 15.915840
v -5.504950 -2.209079 20.603683
v -4.954271 1.074649 24.865358
v -4.268520 4.680886 28.274696
v -3.354186 8.287123 30.602228
v -2.138536 11.482894 31.684038
v -0.528060 13.887050 31.454563
v 1.279828 15.367660 30.307186
v 3.077327 15.910061 28.504169
v 4.656632 15.558231 26.242203
v 5.830721 14.370814 23.717983
v 6.693106 12.728947 20.833155
v 6.381400 10.500703 17.587729
v 5.113801 13.799092 23.554071
v 5.851502 12.215865 20.767593
v 4.085175 14.942533 25.947165
v 2.682500 15.279702 28.012440
v 1.072026 14.781279 29.651546
v -0.548841 13.403284 30.635010
v -2.003464 11.175043 30.733356
v -3.104821 8.257801 29.618763
v -3.936034 4.944755 27.291233
v -4.569835 1.573072 23.947458
v -5.089342 -1.476106 19.816912
v -5.546510 -3.997540 15.260198
v -6.388113 -6.958758 10.834613
v -6.606305 -9.113707 5.655039
v -6.710209 -9.582810 0.016515
v -6.658258 -8.248795 5.491128
v -5.920556 -5.888616 10.375663
v -5.224414 -5.009046 10.113406
v -4.881540 -3.220586 14.866814
v -4.455543 -0.831087 19.325182
v -3.987984 2.100812 23.422945
v -3.416527 5.252605 26.701157
v -2.699606 8.228483 28.864777
v -1.743709 10.793896 29.946585
v -0.444938 12.772929 29.913801
v 1.020076 14.018985 29.061466
v 2.464308 14.517407 27.586271
v 3.711128 14.238875 25.717691
v 4.594291 13.212711 23.554071
v 5.207311 11.702785 20.964285
v 5.643698 9.958302 17.849983
v 6.797007 8.976116 14.178388
v 8.282801 8.345757 10.670701
v 8.656847 7.612781 7.097451
v 8.916599 7.202313 3.556981
v 9.020502 7.085037 0.016513
v 8.916599 7.202312 -3.556737
v 8.656847 7.612778 -7.097207
v 7.711341 6.718550 -3.556737
v 7.794463 6.601275 0.016513
v 7.711341 6.718551 3.556981
v 7.503537 7.129019 7.097451
v 7.181443 7.861993 10.637918
v 5.996964 8.389736 14.407862
v 6.319059 7.216974 10.834611
v 6.589204 6.440022 7.228579
v 6.765837 6.000236 3.622546
v 6.838566 5.868301 0.016513
v 6.765837 6.000235 -3.622302
v 7.503537 7.129015 -7.097207
v 7.181443 7.861991 -10.637674
v 6.797007 8.976111 -14.178144
v 7.316516 10.999124 -17.620266
v 6.693106 12.728941 -20.832912
v 5.830721 14.370806 -23.717739
v 4.656632 15.558223 -26.241966
v 3.077327 15.910051 -28.503929
v 1.279828 15.367650 -30.306946
v -0.528060 13.887041 -31.454319
v -2.138536 11.482884 -31.683790
v -3.354186 8.287113 -30.601982
v -4.268520 4.680877 -28.274452
v -4.154229 4.387687 -28.995657
v -4.850368 0.620196 -25.520754
v -5.411437 -2.795465 -21.193514
v -4.954271 1.074641 -24.865110
v -4.569835 1.573063 -23.947212
v -3.936034 4.944749 -27.290989
v -3.104821 8.257795 -29.618519
v -2.003464 11.175035 -30.733110
v -0.548841 13.403278 -30.634766
v 1.072026 14.781271 -29.651302
v 2.682500 15.279694 -28.012196
v 4.085175 14.942525 -25.946924
v 5.113801 13.799083 -23.553827
v 5.851502 12.215858 -20.767347
v 6.381400 10.500701 -17.587482
v 5.996964 8.389732 -14.407619
v 5.643698 9.958300 -17.849739
v 5.207311 11.702778 -20.964041
v 4.594291 13.212704 -23.553827
v 3.711128 14.238867 -25.717447
v 2.464308 14.517399 -27.586029
v 1.020076 14.018976 -29.061226
v -0.444938 12.772921 -29.913557
v -1.743709 10.793887 -29.946339
v -2.699606 8.228475 -28.864529
v -3.416527 5.252596 -26.700907
v -1.930732 8.565643 -28.044975
v -1.400835 10.339442 -29.061224
v -0.413768 11.570842 -28.831747
v -0.642351 9.577148 -27.225422
v -0.974838 7.070375 -24.897892
v -2.481411 5.912276 -25.914141
v -3.987984 2.100807 -23.422699
v -5.089342 -1.476111 -19.816666
v -5.504950 -2.209085 -20.603437
v -5.546510 -3.997545 -15.259952
v -5.993288 -4.921093 -15.915594
v -4.455543 -0.831092 -19.324934
v -2.938580 2.965716 -22.701492
v -1.255371 4.358369 -21.652464
v -1.494345 1.866254 -17.751394
v -3.323014 0.224392 -18.702074
v -4.881540 -3.220590 -14.866567
v -5.920556 -5.888618 -10.375418
v -3.665891 -2.003852 -14.342052
v -5.224414 -5.009048 -10.113159
v -1.722928 -0.127437 -13.588064
v 0.677199 3.801308 -16.735146
v 0.760321 6.014892 -20.472309
v 0.833053 8.448367 -23.717737
v 0.905784 10.793887 -26.209177
v 0.968125 12.728941 -27.979414
v 2.350016 13.329980 -26.700909
v 3.305911 13.403278 -25.487974
v 3.763079 12.494388 -23.914431
v 2.453917 11.717436 -24.963459
v 2.651331 9.782381 -22.472017
v 2.786403 7.671416 -19.324934
v 2.879914 5.736362 -15.718903
v 0.614858 2.071489 -12.735728
v -1.899563 -1.593386 -9.195261
v -3.946424 -3.660373 -9.719775
v -5.452997 -6.123171 -5.097494
v -6.180308 -7.061377 -5.261404
v -6.273822 -7.471842 0.016514
v -6.658258 -8.248796 -5.490880
v -4.143838 -4.686539 -4.933583
v -5.536119 -6.518975 0.016514
v -2.013855 -2.502274 -4.638545
v 0.562907 0.810773 -8.572399
v 2.973427 4.241094 -11.916176
v 4.760533 7.363566 -14.866568
v 4.511171 9.064069 -18.407036
v 4.199466 10.911165 -21.488554
v 4.989119 6.073531 -11.227752
v 3.046158 3.200270 -7.982323
v 0.531738 0.063139 -4.310724
v -2.065805 -2.795464 0.016514
v -4.216569 -5.038365 0.016514
v -4.143838 -4.686536 4.933832
v -5.452997 -6.123168 5.097742
v -2.013855 -2.502273 4.638793
v 0.521347 -0.186072 0.016514
v 3.098109 2.584573 -4.015686
v 5.186530 5.193962 -7.523373
v 6.319059 7.216972 -10.834368
v 6.589204 6.440018 -7.228335
v 5.311212 4.695539 -3.753430
v 3.118887 2.379340 0.016514
v 0.531738 0.063140 4.310971
v -1.899563 -1.593382 9.195506
v -3.946424 -3.660372 9.720020
v -6.180308 -7.061376 5.261652
v -6.762159 -8.688581 0.016514
v -6.606305 -9.113707 -5.654791
v -6.325771 -7.765033 -11.162185
v -6.388113 -6.958760 -10.834366
v -5.910166 -5.624749 -16.374544
v 4.760533 7.363570 14.866813
v 4.989119 6.073535 11.227998
v 2.879914 5.736367 15.719147
v 2.786403 7.671422 19.325180
v 4.511171 9.064074 18.407282
v 4.199466 10.911172 21.488798
v 2.651331 9.782388 22.472263
v 0.833053 8.448377 23.717985
v 0.760321 6.014899 20.472553
v 0.677199 3.801313 16.735394
v 2.973427 4.241099 11.916421
v 5.186530 5.193965 7.523617
v 5.311212 4.695542 3.753674
v 5.363165 4.534285 0.016513
v 3.098109 2.584573 4.015933
v 3.046158 3.200272 7.982569
v 0.614858 2.071491 12.735976
v 0.562907 0.810774 8.572646
v -1.722928 -0.127432 13.588309
v -1.494345 1.866261 17.751638
v -1.255371 4.358375 21.652710
v -0.974838 7.070381 24.898140
v -3.665891 -2.003847 14.342299
v -3.323014 0.224397 18.702320
v -2.938580 2.965722 22.701738
v -2.481411 5.912282 25.914385
v -1.930732 8.565652 28.045223
v -1.400835 10.339453 29.061468
v -0.642351 9.577157 27.225670
v 0.905784 10.793896 26.209427
v 2.453917 11.717444 24.963703
v 3.763079 12.494397 23.914677
v 3.305911 13.403284 25.488216
v 2.350016 13.329988 26.701155
v 0.968125 12.728951 27.979658
v -0.413768 11.570848 28.831995
v -9.253118 9.360713 -30.437807
v -9.894333 7.102218 -29.747107
v -11.106496 8.530170 -28.397106
v -12.301092 5.513989 -26.293613
v -13.390281 7.743341 -24.347095
v -11.967307 10.395248 -26.701754
v -9.806494 10.948942 -29.778503
v -8.058522 9.958121 -31.379669
v -8.304468 6.781658 -30.751760
v -8.866631 3.138927 -28.836639
v -10.763929 3.823762 -27.863384
v -13.442983 2.279244 -23.122677
v -14.690283 4.960295 -21.207556
v -15.252443 7.801624 -19.229645
v -13.926092 10.045547 -22.275002
v -12.485551 12.070905 -24.661053
v -10.474063 12.653743 -28.240131
v -11.027441 13.833986 -26.230824
v -8.963251 14.285686 -29.056410
v -8.365954 12.493461 -30.688969
v -12.415281 13.571711 -22.934305
v -13.732847 12.114618 -20.516857
v -14.980146 10.351538 -17.565691
v -16.034199 8.661311 -14.237776
v -16.350416 5.717985 -15.713359
v -15.744335 2.395814 -17.471502
v -14.391634 -0.751507 -19.166855
v -11.668658 0.224746 -24.692448
v -9.499064 -0.722367 -25.602915
v -7.215279 -0.882646 -26.011055
v -6.846358 3.138927 -29.307573
v -6.582846 7.102218 -31.348274
v -6.547710 10.628382 -32.007576
v -6.899061 13.426001 -31.191299
v -7.513927 15.349361 -29.370369
v -9.630820 15.305649 -26.890127
v -11.326090 14.373110 -24.566866
v -10.438927 15.524213 -24.472683
v -11.492982 14.868522 -22.023840
v -12.634874 13.615423 -19.418020
v -13.724064 12.114619 -16.466850
v -14.646362 10.701241 -13.233124
v -16.780821 7.379071 -10.752886
v -17.105822 4.056900 -11.977304
v -16.455822 0.297602 -13.421494
v -15.006496 -3.272276 -14.802894
v -12.924741 -6.040751 -15.933127
v -12.441632 -3.170280 -20.548254
v -10.061225 -4.335954 -21.364532
v -7.549064 -4.598231 -21.709885
v -5.168655 -4.306812 -21.772673
v -5.054468 -0.591227 -26.073845
v -4.940278 3.474061 -29.401758
v -4.931494 7.539348 -31.473856
v -5.098385 11.167505 -32.133160
v -5.546360 14.037979 -31.285484
v -6.196359 15.975913 -29.401762
v -8.278115 16.369329 -26.984316
v -9.147710 16.544178 -24.315706
v -10.078794 15.830205 -21.647097
v -11.018657 14.635388 -18.821508
v -11.879470 13.265722 -15.838944
v -12.617307 12.012624 -12.668005
v -15.305145 9.666706 -9.967999
v -17.246363 6.490244 -7.205203
v -17.571362 2.847512 -8.084274
v -16.877443 -1.276057 -9.088927
v -15.357847 -5.181067 -10.093581
v -13.188252 -8.226388 -10.909858
v -10.561901 -9.727195 -11.349395
v -10.395009 -7.381276 -16.592430
v -7.724737 -7.716409 -16.874987
v -5.203791 -7.439561 -16.906385
v -3.130819 -6.915008 -16.843592
v -3.218655 -3.825971 -21.678488
v -3.280141 -0.139529 -25.979660
v -3.376764 3.911188 -29.307573
v -3.561224 7.932761 -31.379669
v -3.895007 11.546350 -32.007576
v -4.439602 14.402254 -31.159904
v -5.115952 16.325615 -29.276180
v -6.960548 16.995874 -26.921526
v -7.768658 17.141586 -24.190125
v -8.532846 16.427614 -21.395933
v -9.244333 15.247369 -18.507553
v -9.867981 13.935987 -15.493595
v -10.395009 12.770310 -12.385448
v -13.153116 11.138366 -9.465674
v -15.735550 8.981872 -6.640087
v -17.492308 5.951120 -3.626128
v -17.799742 2.104396 -4.065661
v -17.079470 -2.252310 -4.599382
v -15.507174 -6.390451 -5.133105
v -13.293657 -9.625197 -5.541244
v -10.614604 -11.227998 -5.792408
v -7.786224 -11.650555 -5.886592
v -7.786224 -10.120611 -11.569164
v -5.177440 -9.829192 -11.600556
v -3.042980 -9.290068 -11.537766
v -2.972708 -10.790869 -5.855198
v -5.133522 -11.359136 -5.886592
v -5.115952 -11.898260 -0.015652
v -7.777439 -12.189679 -0.015652
v -5.133522 -11.359136 5.886684
v -2.972708 -10.790869 5.855289
v -3.042980 -9.290064 11.537858
v -2.937575 -11.315424 -0.015652
v -10.605822 -11.752552 -0.015652
v -13.302442 -10.106036 -0.015652
v -15.533524 -6.813007 -0.015652
v -17.123390 -2.587441 -0.015652
v -17.861227 1.856692 -0.015653
v -17.562580 5.790842 -0.015655
v -15.963928 8.603029 -3.312174
v -13.513252 10.584676 -6.294738
v -10.799063 11.983482 -9.214510
v -8.436224 13.178296 -12.228471
v -8.084873 14.314829 -15.368012
v -7.663253 15.597072 -18.381973
v -7.153791 16.748173 -21.270351
v -6.547710 17.462147 -24.033148
v -5.845008 17.316439 -26.795942
v -8.717305 12.435180 -9.120325
v -11.080145 11.502644 -6.106366
v -8.928115 11.983483 -6.012179
v -11.247036 11.254936 -3.029615
v -9.059875 11.764919 -2.998220
v -13.715281 10.278686 -3.123802
v -16.034199 8.486463 -0.015656
v -13.776768 10.205831 -0.015656
v -11.299739 11.196654 -0.015656
v -13.715281 10.278686 3.123885
v -11.247036 11.254936 3.029701
v -9.103793 11.721208 -0.015656
v -9.059875 11.764919 2.998303
v -15.963928 8.603029 3.312260
v -17.492308 5.951121 3.626214
v -17.799742 2.104397 4.065748
v -17.079470 -2.252307 4.599472
v -15.507174 -6.390450 5.133196
v -13.293657 -9.625196 5.541336
v -10.614604 -11.227998 5.792500
v -7.786224 -11.650555 5.886686
v -5.177440 -9.829187 11.600651
v -3.130819 -6.915002 16.843683
v -5.203791 -7.439555 16.906471
v -3.218655 -3.825965 21.678576
v -7.786224 -10.120606 11.569255
v -10.561901 -9.727191 11.349489
v -13.188252 -8.226386 10.909952
v -15.357847 -5.181062 10.093669
v -16.877443 -1.276056 9.089014
v -17.571362 2.847516 8.084362
v -17.246363 6.490247 7.205289
v -15.735550 8.981875 6.640173
v -13.513252 10.584676 6.294821
v -11.080145 11.502644 6.106449
v -8.928115 11.983483 6.012262
v -10.799063 11.983486 9.214596
v -8.717305 12.435184 9.120408
v -13.153116 11.138371 9.465759
v -15.305145 9.666708 9.968086
v -16.780821 7.379073 10.752971
v -17.105822 4.056902 11.977394
v -16.455822 0.297604 13.421582
v -15.006496 -3.272272 14.802980
v -12.924741 -6.040746 15.933215
v -10.395009 -7.381270 16.592518
v -7.724737 -7.716404 16.875080
v -5.168655 -4.306807 21.772760
v -3.280141 -0.139520 25.979748
v -5.054468 -0.591220 26.073931
v -3.376764 3.911197 29.307661
v -7.549064 -4.598224 21.709972
v -10.061225 -4.335948 21.364622
v -12.441632 -3.170275 20.548342
v -14.391634 -0.751502 19.166943
v -15.744335 2.395819 17.471590
v -16.350416 5.717987 15.713448
v -16.034199 8.661316 14.237862
v -14.646362 10.701245 13.233207
v -12.617307 12.012628 12.668091
v -10.395009 12.770314 12.385531
v -8.436224 13.178300 12.228555
v -9.867981 13.935990 15.493677
v -8.084873 14.314833 15.368095
v -11.879470 13.265726 15.839026
v -13.724064 12.114624 16.466936
v -14.980146 10.351542 17.565775
v -15.252443 7.801632 19.229734
v -14.690283 4.960300 21.207644
v -13.442983 2.279253 23.122765
v -11.668658 0.224752 24.692535
v -9.499064 -0.722358 25.603003
v -7.215279 -0.882639 26.011143
v -4.940278 3.474067 29.401848
v -3.561224 7.932771 31.379759
v -4.931494 7.539355 31.473944
v -3.895007 11.546360 32.007668
v -6.846358 3.138937 29.307661
v -8.866631 3.138937 28.836731
v -10.763929 3.823771 27.863472
v -12.301092 5.513998 26.293701
v -13.390281 7.743348 24.347187
v -13.926092 10.045553 22.275089
v -13.732847 12.114625 20.516945
v -12.634874 13.615430 19.418104
v -11.018657 14.635393 18.821590
v -9.244333 15.247373 18.507637
v -7.663253 15.597076 18.382053
v -8.532846 16.427620 21.396011
v -7.153791 16.748180 21.270432
v -10.078794 15.830211 21.647177
v -11.492982 14.868528 22.023924
v -12.415281 13.571717 22.934389
v -12.485551 12.070913 24.661140
v -11.967307 10.395257 26.701841
v -11.106496 8.530178 28.397194
v -9.894333 7.102228 29.747198
v -8.304468 6.781668 30.751848
v -6.582846 7.102228 31.348362
v -5.098385 11.167516 32.133247
v -4.439602 14.402260 31.159988
v -5.546360 14.037988 31.285568
v -5.115952 16.325623 29.276260
v -6.547710 10.628392 32.007668
v -8.058522 9.958130 31.379759
v -9.253118 9.360722 30.437895
v -9.806494 10.948952 29.778591
v -10.474063 12.653749 28.240215
v -11.027441 13.833995 26.230907
v -11.326090 14.373118 24.566950
v -10.438927 15.524221 24.472763
v -9.630820 15.305658 26.890213
v -8.963251 14.285693 29.056494
v -8.365954 12.493470 30.689060
v -6.899061 13.426009 31.191381
v -6.196359 15.975920 29.401846
v -5.845008 17.316446 26.796022
v -6.960548 16.995886 26.921606
v -6.547710 17.462156 24.033226
v -7.513927 15.349369 29.370447
v -8.278115 16.369337 26.984394
v -7.768658 17.141596 24.190203
v -9.147710 16.544188 24.315786
v -3.701764 14.620826 31.065804
v -3.104465 11.779495 31.913479
v -3.895007 11.546360 32.007668
v -3.561224 7.932771 31.379759
v -4.439602 14.402260 31.159988
v -4.395684 16.529615 29.182076
v -5.115952 16.325623 29.276260
v -5.107171 17.505867 26.701838
v -5.845008 17.316446 26.796022
v -5.748385 17.637005 23.970438
v -6.547710 17.462156 24.033226
v -6.249062 16.937601 21.176247
v -7.153791 16.748180 21.270432
v -6.635549 15.786495 18.287868
v -7.663253 15.597076 18.382053
v -6.934197 14.518826 15.273908
v -8.084873 14.314833 15.368095
v -7.171358 13.411434 12.165764
v -8.436224 13.178300 12.228555
v -7.382171 12.682889 9.026223
v -8.717305 12.435184 9.120408
v -7.557844 12.260331 5.980867
v -8.928115 11.983483 6.012262
v -7.663253 12.056338 2.966908
v -9.059875 11.764919 2.998303
v -7.707170 12.012627 -0.015656
v -9.103793 11.721208 -0.015656
v -7.663253 12.056338 -2.966825
v -9.059875 11.764919 -2.998220
v -7.557844 12.260331 -5.980784
v -8.928115 11.983483 -6.012179
v -7.382171 12.682884 -9.026138
v -8.717305 12.435180 -9.120325
v -7.171358 13.411430 -12.165679
v -8.436224 13.178296 -12.228471
v -6.934197 14.518822 -15.273826
v -8.084873 14.314829 -15.368012
v -6.635549 15.786491 -18.287785
v -7.663253 15.597072 -18.381973
v -6.249062 16.937593 -21.176165
v -7.153791 16.748173 -21.270351
v -5.748385 17.636999 -23.970356
v -6.547710 17.462147 -24.033148
v -5.107171 17.505857 -26.701757
v -5.845008 17.316439 -26.795942
v -4.395684 16.529608 -29.181995
v -5.115952 16.325615 -29.276180
v -3.701764 14.620818 -31.065716
v -4.439602 14.402254 -31.159904
v -3.104465 11.779484 -31.913391
v -3.895007 11.546350 -32.007576
v -2.665277 8.180469 -31.254087
v -3.561224 7.932761 -31.379669
v -2.366629 4.173463 -29.181992
v -3.376764 3.911188 -29.307573
v -2.147032 0.151890 -25.854076
v -3.280141 -0.139529 -25.979660
v -1.374061 4.464882 -28.773851
v -1.751763 8.384461 -30.845949
v -2.243655 11.896052 -31.536646
v -2.867303 14.664529 -30.720367
v -3.552439 16.529608 -28.930832
v -4.228792 17.491287 -26.513386
v -4.808522 17.607857 -23.813379
v -5.221357 16.893881 -21.081980
v -5.511224 15.757350 -18.224997
v -5.713252 14.489680 -15.211035
v -5.871360 13.396863 -12.102889
v -6.029468 12.668313 -8.994743
v -6.170008 12.245761 -5.949389
v -6.266628 12.056338 -2.966825
v -6.301764 12.012627 -0.015656
v -6.266628 12.056338 2.966908
v -6.170008 12.245761 5.949472
v -6.029468 12.668319 8.994829
v -5.871360 13.396865 12.102973
v -5.713252 14.489685 15.211119
v -5.511224 15.757355 18.225077
v -5.221357 16.893888 21.082058
v -4.808522 17.607864 23.813457
v -4.228792 17.491297 26.513464
v -3.552439 16.529615 28.930912
v -2.867303 14.664537 30.720451
v -2.243655 11.896062 31.536736
v -1.751763 8.384470 30.846037
v -2.665277 8.180477 31.254177
v -1.374061 4.464891 28.773939
v -2.366629 4.173473 29.182079
v -2.147032 0.151897 25.854166
v -3.280141 -0.139520 25.979748
v -3.218655 -3.825965 21.678576
v -1.980143 -3.505405 21.584389
v -3.130819 -6.915002 16.843683
v -3.376764 3.911197 29.307661
v -1.075410 0.530741 25.446026
v -0.970005 4.654314 27.957657
v -1.347710 8.399041 30.061152
v -1.830817 11.750354 30.814640
v -2.428114 14.402260 30.155334
v -3.069331 16.179913 28.522770
v -3.684197 17.083311 26.293697
v -4.211223 17.156166 23.750669
v -4.580142 16.413046 21.082058
v -3.763251 15.946778 23.625086
v -3.332844 15.859352 25.791370
v -2.814601 15.043383 27.643702
v -2.270007 13.484291 28.962309
v -1.760548 11.240371 29.401848
v -1.356492 8.471894 28.616962
v -1.013926 5.324575 26.639050
v -0.662575 0.924157 24.692535
v -0.847034 -3.024564 21.207644
v -0.645005 -6.011604 16.466938
v -1.822032 -6.565299 16.749498
v -0.486898 -8.284669 11.255301
v -1.690276 -8.911219 11.475069
v -1.602438 -10.397455 5.823894
v -2.972708 -10.790869 5.855289
v -2.937575 -11.315424 -0.015652
v -1.567305 -10.922009 -0.015652
v -2.972708 -10.790869 -5.855198
v -3.042980 -9.290064 11.537858
v -0.381493 -9.727192 5.729710
v -0.030142 -7.424985 10.878555
v -0.205816 -5.283058 15.901820
v -0.416629 -2.456299 20.548342
v -0.451762 -1.115774 19.480898
v -0.715277 1.987834 23.499510
v -1.040277 3.168077 22.557648
v -0.803113 0.297607 18.633221
v -1.426764 2.526957 17.408800
v -0.592303 -2.048313 14.363444
v -0.232167 -3.680258 15.054145
v -1.303790 6.213403 25.634398
v -1.620007 5.062297 21.176250
v -1.593656 8.996448 27.580912
v -1.848384 10.876096 28.428589
v -2.217304 12.333191 27.894869
v -2.050412 10.336972 26.419281
v -1.830817 7.787062 24.252998
v -2.340276 7.306220 19.575083
v -2.208519 5.164293 15.996008
v -1.251087 0.487026 13.358791
v -0.425411 -3.825966 9.779715
v -0.047709 -5.618191 10.250646
v 0.075266 -6.827578 5.195986
v 0.075266 -8.780082 5.509940
v -0.311221 -4.918787 4.944821
v -1.119330 -1.028349 9.057619
v -2.094330 3.474066 12.197161
v -3.025411 7.816203 14.614608
v -3.095683 9.579285 18.005312
v -2.480817 9.666711 22.620438
v -2.612573 11.925205 25.006489
v -2.726762 13.804853 26.670444
v -3.227439 14.722819 24.975092
v -3.570008 15.072524 23.530903
v -3.675413 14.358548 21.961132
v -4.017979 15.276515 21.333225
v -4.817304 15.247373 18.256472
v -4.975411 13.979702 15.305306
v -5.089602 12.857740 12.197160
v -5.212575 12.114624 9.089013
v -4.281494 11.473504 12.730881
v -4.237574 12.726604 15.901819
v -4.167305 14.110840 18.821590
v -3.754467 13.061734 19.606476
v -3.183521 13.251160 23.342531
v -3.157169 11.502645 20.956482
v -3.763251 11.502645 16.686703
v -3.763251 10.045552 13.452976
v -2.972708 6.461106 11.066925
v -1.997709 2.250108 8.241340
v -1.031492 -1.960891 4.568077
v -0.267303 -5.297632 -0.015652
v 0.119184 -7.250134 -0.015652
v 0.119184 -9.260923 -0.015652
v -0.346357 -10.237175 -0.015652
v 0.075266 -8.780082 -5.509849
v -0.381493 -9.727192 -5.729618
v 0.075266 -6.827581 -5.195895
v -0.311221 -4.918788 -4.944733
v -0.996356 -2.281451 -0.015652
v -1.936222 1.506991 4.128541
v -2.928791 5.528567 7.425058
v -3.763251 8.996447 10.125063
v -4.325412 10.599246 9.528549
v -5.309196 11.662922 6.012262
v -5.388249 11.444360 2.998303
v -5.414603 11.400647 -0.015656
v -5.388249 11.444360 -2.998220
v -4.413250 9.652136 -0.015656
v -4.404466 9.739561 3.155280
v -4.369333 10.030982 6.326219
v -3.763251 8.282471 6.734358
v -2.902439 4.974870 3.720399
v -1.918655 1.259283 -0.015653
v -1.031492 -1.960891 -4.567987
v -0.425411 -3.825970 -9.779628
v -0.047709 -5.618193 -10.250559
v -0.030142 -7.424987 -10.878464
v -0.486898 -8.284673 -11.255207
v -1.602438 -10.397455 -5.823802
v -1.690276 -8.911223 -11.474977
v -3.042980 -9.290068 -11.537766
v -3.130819 -6.915008 -16.843592
v -1.822032 -6.565303 -16.749407
v -3.218655 -3.825971 -21.678488
v -0.645005 -6.011610 -16.466848
v -0.205816 -5.283063 -15.901731
v -0.232167 -3.680262 -15.054055
v -0.592303 -2.048318 -14.363357
v -1.119330 -1.028353 -9.057531
v -1.936222 1.506988 -4.128454
v -2.893655 4.800018 -0.015655
v -3.772033 7.889055 3.375050
v -3.772033 7.772487 -0.015656
v -2.902439 4.974869 -3.720313
v -1.997709 2.250107 -8.241252
v -1.251087 0.487022 -13.358705
v -0.803113 0.297599 -18.633133
v -0.451762 -1.115779 -19.480810
v -0.416629 -2.456305 -20.548254
v -0.847034 -3.024572 -21.207556
v -1.980143 -3.505411 -21.584301
v -1.075410 0.530733 -25.445938
v -0.970005 4.654305 -27.957569
v -1.347710 8.399033 -30.061062
v -1.830817 11.750344 -30.814552
v -2.428114 14.402254 -30.155251
v -3.069331 16.179903 -28.522692
v -3.684197 17.083302 -26.293617
v -4.211223 17.156157 -23.750589
v -4.580142 16.413040 -21.081980
v -4.817304 15.247369 -18.256390
v -4.975411 13.979697 -15.305220
v -5.089602 12.857737 -12.197074
v -5.212575 12.114619 -9.088930
v -5.309196 11.662922 -6.012179
v -4.404466 9.739561 -3.155197
v -3.772033 7.889054 -3.374964
v -2.928791 5.528563 -7.424972
v -2.094330 3.474062 -12.197073
v -1.426764 2.526952 -17.408710
v -1.040277 3.168072 -22.557558
v -0.715277 1.987828 -23.499422
v -0.662575 0.924148 -24.692448
v -1.013926 5.324569 -26.638962
v -1.356492 8.471886 -28.616875
v -1.760548 11.240362 -29.401758
v -2.270007 13.484285 -28.962225
v -2.814601 15.043373 -27.643618
v -3.332844 15.859346 -25.791290
v -3.763251 15.946772 -23.625006
v -4.017979 15.276507 -21.333141
v -4.167305 14.110836 -18.821508
v -4.237574 12.726599 -15.901733
v -4.281494 11.473499 -12.730798
v -4.325412 10.599242 -9.528464
v -4.369333 10.030980 -6.326133
v -3.763251 8.282469 -6.734272
v -2.972708 6.461102 -11.066840
v -2.208519 5.164288 -15.995917
v -1.620007 5.062292 -21.176159
v -1.303790 6.213394 -25.634310
v -1.593656 8.996441 -27.580824
v -1.848384 10.876090 -28.428501
v -2.217304 12.333182 -27.894777
v -2.726762 13.804845 -26.670361
v -3.227439 14.722812 -24.975008
v -3.570008 15.072515 -23.530819
v -3.675413 14.358542 -21.961048
v -3.183521 13.251151 -23.342447
v -2.612573 11.925197 -25.006401
v -2.050412 10.336964 -26.419193
v -1.830817 7.787053 -24.252911
v -2.340276 7.306215 -19.574995
v -3.025411 7.816197 -14.614522
v -3.763251 8.996442 -10.124978
v -3.763251 10.045548 -13.452893
v -3.095683 9.579280 -18.005226
v -2.480817 9.666702 -22.620350
v -3.157169 11.502640 -20.956394
v -3.763251 11.502641 -16.686619
v -3.754467 13.061728 -19.606392
v 0.196617 14.130536 -23.824127
v 0.601587 14.589901 -23.294426
v 0.894066 14.397802 -23.521442
v 1.443028 14.573197 -23.243979
v 0.916565 14.923985 -22.865620
v 0.196617 14.665071 -23.218754
v 0.201117 15.049266 -22.714275
v -0.203856 14.589901 -23.294426
v -0.518834 14.923985 -22.865620
v -0.496335 14.397802 -23.521442
v -1.045296 14.573197 -23.243979
v -0.604326 14.130536 -23.824127
v -1.238782 14.097128 -23.798903
v -0.496335 13.863271 -24.126814
v -1.045296 13.612708 -24.328606
v -0.203856 13.671170 -24.328606
v 0.196617 13.596003 -24.429501
v -0.518834 13.261920 -24.706963
v 0.201117 13.136639 -24.858309
v 0.601587 13.671170 -24.328606
v 0.894066 13.863271 -24.126814
v 1.002060 14.130536 -23.824127
v 1.636514 14.097128 -23.798903
v 1.443028 13.612708 -24.328606
v 0.916565 13.261920 -24.706963
v 0.201117 12.526937 -25.312336
v -0.896805 12.719036 -25.110546
v -1.697748 13.253568 -24.505175
v -1.990230 13.988552 -23.698008
v -1.697748 14.715182 -22.865620
v -0.896805 15.249716 -22.285469
v 0.201117 15.450167 -22.058458
v 1.294539 15.249716 -22.285469
v 2.095482 14.715182 -22.865620
v 2.387961 13.988552 -23.698008
v 2.095482 13.253568 -24.505175
v 1.294539 12.719036 -25.110546
v 0.201117 11.800305 -25.665470
v -1.270279 12.059221 -25.388006
v -2.345703 12.785850 -24.580845
v -2.741675 13.779748 -23.496216
v -2.345703 14.773648 -22.411591
v -1.270279 15.500278 -21.629652
v 0.201117 15.767544 -21.326963
v 1.668013 15.500278 -21.629652
v 2.743437 14.773648 -22.411591
v 3.139407 13.779748 -23.496216
v 2.743437 12.785850 -24.580845
v 1.668013 12.059221 -25.388006
v 0.201117 10.998506 -25.816813
v -1.594257 11.332591 -25.463678
v -2.903664 12.226261 -24.505173
v -3.385129 13.454019 -23.193531
v -2.903664 14.681776 -21.907112
v -1.594257 15.583797 -20.948606
v 0.201117 15.909531 -20.595470
v 1.991989 15.583797 -20.948606
v 3.301396 14.681776 -21.907112
v 3.782861 13.454019 -23.193531
v 3.301396 12.226261 -24.505173
v 1.991989 11.332591 -25.463678
v 2.239470 10.572550 -25.337559
v 0.201117 10.196707 -25.741142
v -1.841739 10.572550 -25.337559
v -3.335634 11.616560 -24.278154
v -3.880095 13.036416 -22.815170
v -3.335634 14.464622 -21.352186
v -1.841739 15.508631 -20.267559
v 0.201117 15.884472 -19.889202
v 2.239470 15.508631 -20.267559
v 2.392459 15.274774 -19.662186
v 0.201117 15.692376 -19.258604
v -1.994728 15.274774 -19.662186
v -3.601114 14.130539 -20.797260
v -4.190573 12.560347 -22.335917
v -3.601114 10.998506 -23.874575
v -1.994728 9.854271 -25.009649
v 0.201117 9.436668 -25.413231
v 2.392459 9.854271 -25.009649
v 3.733365 11.616560 -24.278154
v 3.998846 10.998506 -23.874575
v 4.277826 13.036416 -22.815170
v 3.733365 14.464622 -21.352186
v 3.998846 14.130539 -20.797260
v 4.588304 12.560347 -22.335917
v 0.196617 14.130545 23.823816
v 0.601587 14.589910 23.294113
v 0.894066 14.397811 23.521128
v 0.916565 14.923991 22.865307
v 1.443028 14.573206 23.243668
v 2.095482 14.715188 22.865307
v 1.636514 14.097136 23.798592
v 2.387961 13.988558 23.697697
v 2.095482 13.253576 24.504860
v 1.443028 13.612717 24.328295
v 0.894066 13.863276 24.126503
v 0.601587 13.671179 24.328295
v 1.002060 14.130545 23.823816
v 2.743437 14.773655 22.411278
v 0.916565 13.261929 24.706652
v 0.196617 13.596011 24.429188
v -0.203856 13.671179 24.328295
v -0.496335 13.863276 24.126503
v -0.518834 13.261929 24.706652
v -1.045296 13.612717 24.328295
v -0.604326 14.130545 23.823816
v -1.238782 14.097136 23.798592
v -0.496335 14.397811 23.521128
v -0.203856 14.589910 23.294113
v 0.196617 14.665079 23.218443
v 0.201117 15.049273 22.713964
v 1.294539 15.249722 22.285158
v 1.668013 15.500284 21.629335
v 3.301396 14.681782 21.906799
v 3.139407 13.779757 23.495905
v 2.743437 12.785860 24.580534
v 1.294539 12.719045 25.110235
v 0.201117 12.526944 25.312027
v 0.201117 13.136647 24.857996
v -0.896805 12.719045 25.110235
v -1.697748 13.253576 24.504860
v -1.990230 13.988558 23.697697
v -1.697748 14.715188 22.865307
v -1.045296 14.573206 23.243668
v -0.518834 14.923991 22.865307
v 0.201117 15.450172 22.058142
v 0.201117 15.767550 21.326647
v 1.991989 15.583804 20.948290
v 2.239470 15.508636 20.267244
v 0.201117 15.884479 19.888885
v 0.201117 15.909537 20.595156
v -1.270279 15.500284 21.629335
v -0.896805 15.249722 22.285158
v -2.345703 14.773655 22.411278
v -1.594257 15.583804 20.948290
v -1.841739 15.508636 20.267244
v 0.201117 15.692382 19.258289
v 2.392459 15.274777 19.661871
v 3.998846 14.130545 20.796949
v 3.733365 14.464628 21.351875
v 4.277826 13.036422 22.814859
v 4.588304 12.560352 22.335609
v 3.998846 10.998514 23.874264
v 3.733365 11.616569 24.277847
v 2.392459 9.854280 25.009342
v 2.239470 10.572559 25.337252
v 0.201117 9.436675 25.412922
v 0.201117 10.196716 25.740833
v -1.994728 9.854280 25.009342
v -1.841739 10.572559 25.337252
v -3.601114 10.998514 23.874264
v -3.335634 11.616569 24.277847
v -4.190573 12.560352 22.335609
v -3.880095 13.036422 22.814859
v -3.601114 14.130545 20.796949
v -3.335634 14.464628 21.351875
v -1.994728 15.274777 19.661871
v -2.903664 14.681782 21.906799
v -3.385129 13.454024 23.193218
v -2.741675 13.779757 23.495905
v -2.345703 12.785860 24.580534
v -2.903664 12.226270 24.504862
v -1.270279 12.059230 25.387699
v -1.594257 11.332598 25.463371
v 0.196617 11.800314 25.665163
v 0.201117 10.998514 25.816505
v 1.991989 11.332598 25.463371
v 1.668013 12.059230 25.387699
v 3.301396 12.226270 24.504862
v 3.782861 13.454024 23.193218
v 4.187834 5.719997 0.012457
v 2.500453 9.369852 -10.253670
v 2.500453 7.407116 0.012457
v 0.201117 9.937795 -10.026656
v 0.201117 8.025169 0.012457
v 0.201117 9.937799 10.026344
v 2.500453 9.369857 10.253360
v 2.473454 14.163950 18.249334
v 4.138336 12.902787 19.333963
v 4.187834 7.799666 10.883956
v 0.201117 14.623315 17.845753
v -2.102721 9.369857 10.253360
v -2.102721 7.407116 0.012457
v -2.102721 9.369852 -10.253670
v 0.201117 14.623309 -17.846064
v 2.473454 14.163946 -18.249649
v 0.201117 15.692376 -19.258604
v 2.392459 15.274774 -19.662186
v 4.138336 12.902781 -19.334274
v 3.998846 14.130539 -20.797260
v 4.187834 7.799662 -10.884268
v 4.750293 11.182255 -20.822483
v 4.804289 5.661530 -11.741879
v 4.804289 3.414822 0.012457
v 4.588304 12.560347 -22.335917
v 4.138336 9.461724 -22.310692
v 3.998846 10.998506 -23.874575
v 2.473454 8.200561 -23.420544
v 2.392459 9.854271 -25.009649
v 0.201117 7.741197 -23.824125
v 0.201117 9.436668 -25.413231
v 2.500453 1.953207 -13.204865
v 0.196617 1.376914 -13.431880
v 0.201117 -1.187173 0.012458
v 2.500453 -0.569119 0.012458
v 4.187834 3.515047 -12.574265
v 4.187834 1.118000 0.012457
v 4.804289 5.661534 11.741571
v 4.750293 11.182261 20.822174
v 4.588304 12.560352 22.335609
v 3.998846 14.130545 20.796949
v 2.392459 15.274777 19.661871
v 0.201117 15.692382 19.258289
v -2.075722 14.163950 18.249334
v -1.994728 15.274777 19.661871
v -3.790100 7.799666 10.883956
v -3.740604 12.902787 19.333963
v -3.601114 14.130545 20.796949
v -4.352562 11.182261 20.822174
v -4.190573 12.560352 22.335609
v -4.406557 5.661534 11.741571
v -3.790100 5.719997 0.012457
v -3.790100 7.799662 -10.884268
v -2.075722 14.163946 -18.249649
v -1.994728 15.274774 -19.662186
v -3.601114 14.130539 -20.797260
v -3.740604 12.902781 -19.334274
v -4.406557 5.661530 -11.741879
v -4.190573 12.560347 -22.335917
v -4.352562 11.182255 -20.822483
v -3.601114 10.998506 -23.874575
v -3.740604 9.461724 -22.310692
v -1.994728 9.854271 -25.009649
v -3.790100 3.515047 -12.574265
v -4.406557 3.414822 0.012457
v -3.790100 1.118000 0.012457
v -3.790100 3.515049 12.573960
v -2.102721 1.953207 -13.204865
v -2.075722 8.200561 -23.420544
v 0.201117 9.436668 -25.413231
v 0.201117 7.741197 -23.824125
v 0.196617 1.376914 -13.431880
v -2.102721 -0.569119 0.012458
v -2.102721 1.953211 13.204556
v -3.740604 9.461730 22.310383
v -3.601114 10.998514 23.874264
v -2.075722 8.200567 23.420235
v 0.201117 1.376919 13.431572
v 0.201117 -1.187173 0.012458
v 0.196617 7.741203 23.823818
v -1.994728 9.854280 25.009342
v 0.201117 9.436675 25.412922
v 0.196617 7.741203 23.823818
v 2.473454 8.200567 23.420235
v 0.201117 9.436675 25.412922
v 2.392459 9.854280 25.009342
v 2.500453 1.953211 13.204556
v 0.201117 1.376919 13.431572
v 4.187834 3.515049 12.573960
v 4.138336 9.461730 22.310383
v 3.998846 10.998514 23.874264
v 8.101309 10.135784 -9.772331
v 8.578989 10.419026 -8.190869
v 5.414356 4.754129 -8.190868
v 8.758118 10.324614 -6.702436
v 8.578989 9.663708 -5.307029
v 8.101309 8.625145 -4.097678
v 7.384789 7.208919 -3.074379
v 6.489137 5.603865 -2.516216
v 5.414356 3.809979 -2.330163
v 4.399286 2.016095 -2.795299
v 3.503635 0.505453 -3.818594
v 2.787114 -0.533113 -5.493083
v 2.309436 -1.005186 -7.446650
v 2.130305 -0.816356 -9.679302
v 2.309436 0.127791 -11.632872
v 2.787114 1.544018 -13.121304
v 3.503635 3.243487 -13.958547
v 4.399286 5.037372 -14.144602
v 5.414356 6.831257 -13.679467
v 6.489137 8.247483 -12.656169
v 7.384789 9.380464 -11.260765
v 7.145948 10.702272 -9.586276
v 7.623629 10.985518 -8.004814
v 4.518706 5.320618 -8.004813
v 7.802757 10.796687 -6.516383
v 7.623629 10.230199 -5.214004
v 7.145948 9.191634 -4.004650
v 6.429428 7.775411 -3.074379
v 5.533776 6.075938 -2.423189
v 4.518706 4.282053 -2.330163
v 3.443926 2.582584 -2.795299
v 2.548274 1.071944 -3.818594
v 1.831756 0.033379 -5.400056
v 1.354076 -0.438697 -7.353625
v 1.174944 -0.249867 -9.493247
v 1.354076 0.599868 -11.446816
v 1.831756 2.016091 -12.935248
v 2.548274 3.715561 -13.772494
v 3.443926 5.603864 -13.865521
v 4.518706 7.303333 -13.400385
v 5.533776 8.813972 -12.377089
v 6.429428 9.946954 -11.074710
v 7.623629 10.985518 -8.004814
v 8.578989 10.419026 -8.190869
v 7.145948 10.702272 -9.586276
v 8.101309 10.135784 -9.772331
v 6.429428 9.946954 -11.074710
v 7.384789 9.380464 -11.260765
v 5.533776 8.813972 -12.377089
v 6.489137 8.247483 -12.656169
v 4.518706 7.303333 -13.400385
v 5.414356 6.831257 -13.679467
v 3.443926 5.603864 -13.865521
v 4.399286 5.037372 -14.144602
v 2.548274 3.715561 -13.772494
v 3.503635 3.243487 -13.958547
v 1.831756 2.016091 -12.935248
v 2.787114 1.544018 -13.121304
v 1.354076 0.599868 -11.446816
v 2.309436 0.127791 -11.632872
v 1.174944 -0.249867 -9.493247
v 2.130305 -0.816356 -9.679302
v 1.354076 -0.438697 -7.353625
v 2.309436 -1.005186 -7.446650
v 1.831756 0.033379 -5.400056
v 2.787114 -0.533113 -5.493083
v 2.548274 1.071944 -3.818594
v 3.503635 0.505453 -3.818594
v 3.443926 2.582584 -2.795299
v 4.399286 2.016095 -2.795299
v 4.518706 4.282053 -2.330163
v 5.414356 3.809979 -2.330163
v 5.533776 6.075938 -2.423189
v 6.489137 5.603865 -2.516216
v 6.429428 7.775411 -3.074379
v 7.384789 7.208919 -3.074379
v 7.145948 9.191634 -4.004650
v 8.101309 8.625145 -4.097678
v 7.623629 10.230199 -5.214004
v 8.578989 9.663708 -5.307029
v 7.802757 10.796687 -6.516383
v 8.758118 10.324614 -6.702436
v 7.623629 10.985518 -8.004814
v 8.578989 10.419026 -8.190869
vn 0.9610 -0.0604 -0.2697
vn 0.9834 0.0226 -0.1803
vn 0.9668 -0.2392 0.0895
vn 0.9945 0.0979 -0.0371
vn 0.9866 -0.1577 -0.0414
vn 0.9717 -0.1356 -0.1932
vn -0.6379 0.7644 0.0937
vn 0.9835 0.1355 0.1199
vn -0.6278 0.7518 0.2017
vn 0.9612 0.1279 0.2444
vn 0.9712 -0.2172 0.0982
vn 0.9358 0.1055 0.3363
vn -0.6389 0.7071 0.3032
vn 0.9117 0.0679 0.4053
vn 0.9377 -0.2828 0.2018
vn 0.8877 -0.0000 0.4604
vn -0.6620 0.6501 0.3731
vn 0.8625 -0.1053 0.4949
vn 0.8969 -0.3536 0.2656
vn 0.8421 -0.2312 0.4873
vn -0.6918 0.5865 0.4213
vn 0.8256 -0.3665 0.4290
vn 0.8588 -0.4160 0.2990
vn 0.8146 -0.4754 0.3322
vn -0.7336 0.5069 0.4526
vn 0.8153 -0.5411 0.2061
vn 0.8125 -0.4954 0.3074
vn 0.8166 -0.5737 0.0633
vn -0.7860 0.4168 0.4565
vn 0.8273 -0.5553 -0.0851
vn 0.7636 -0.5827 0.2782
vn 0.8411 -0.4965 -0.2146
vn -0.8477 0.3174 0.4251
vn 0.8639 -0.4022 -0.3032
vn 0.7123 -0.6709 0.2061
vn 0.8882 -0.3041 -0.3445
vn -0.9100 0.2243 0.3487
vn 0.9118 -0.2170 -0.3486
vn 0.6750 -0.7324 0.0895
vn 0.9352 -0.1429 -0.3239
vn -0.9544 0.1652 0.2486
vn 0.6500 -0.7580 -0.0546
vn -0.9796 0.1428 0.1415
vn 0.6378 -0.7445 -0.1974
vn -0.8199 0.4044 -0.4053
vn -0.9659 0.2429 -0.0895
vn -0.8089 0.4852 -0.3322
vn -0.8032 0.5574 -0.2103
vn -0.9878 0.1503 0.0415
vn -0.8114 0.5801 -0.0720
vn 0.6460 -0.6873 -0.3322
vn -0.8181 0.5739 0.0371
vn -0.9802 0.1913 -0.0503
vn -0.8315 0.5425 0.1199
vn 0.6728 -0.5941 -0.4409
vn -0.8489 0.4937 0.1889
vn -0.9551 0.2647 -0.1329
vn -0.8713 0.4232 0.2485
vn 0.7153 -0.4776 -0.5101
vn -0.9062 0.3111 0.2865
vn -0.9094 0.3684 -0.1932
vn -0.9416 0.1837 0.2823
vn 0.7635 -0.3654 -0.5325
vn -0.9722 0.0566 0.2274
vn -0.8476 0.4872 -0.2103
vn -0.9892 -0.0377 0.1415
vn 0.8128 -0.2744 -0.5139
vn -0.9945 -0.0979 0.0371
vn -0.7863 0.5882 -0.1889
vn -0.9895 -0.1168 -0.0851
vn 0.8566 -0.2168 -0.4682
vn -0.9723 -0.1018 -0.2103
vn -0.7317 0.6677 -0.1373
vn -0.9419 -0.0490 -0.3322
vn 0.8978 -0.1725 -0.4053
vn -0.9057 0.0490 -0.4212
vn -0.6931 0.7172 -0.0721
vn -0.8722 0.1540 -0.4643
vn 0.9381 -0.1430 -0.3156
vn -0.8477 0.2496 -0.4681
vn -0.6631 0.7485 0.0022
vn -0.8312 0.3284 -0.4487
vn 0.9718 -0.1356 -0.1932
vn -0.8672 0.4811 0.1286
vn -0.6932 0.7172 -0.0720
vn -0.7317 0.6676 -0.1372
vn -0.8088 0.4853 -0.3322
vn 0.9833 0.0227 -0.1804
vn 0.9610 -0.0604 -0.2698
vn -0.8311 0.3285 -0.4487
vn 0.9352 -0.1429 -0.3240
vn 0.9118 -0.2169 -0.3486
vn -0.8722 0.1540 -0.4644
vn 0.8882 -0.3040 -0.3445
vn -0.9056 0.0489 -0.4212
vn 0.8638 -0.4023 -0.3032
vn -0.9419 -0.0491 -0.3322
vn 0.8273 -0.5553 -0.0852
vn 0.8166 -0.5738 0.0633
vn -0.9945 -0.0980 0.0372
vn -0.9892 -0.0378 0.1415
vn -0.9721 0.0565 0.2275
vn 0.8256 -0.3665 0.4291
vn 0.8421 -0.2312 0.4874
vn 0.8625 -0.1053 0.4950
vn -0.8712 0.4232 0.2486
vn 0.8877 0.0001 0.4604
vn -0.8488 0.4938 0.1889
vn 0.9117 0.0679 0.4052
vn 0.9612 0.1280 0.2443
vn -0.8113 0.5801 -0.0721
vn -0.8031 0.5574 -0.2103
vn -0.8088 0.4852 -0.3322
vn -0.7864 0.5881 -0.1889
vn -0.9093 0.3685 -0.1932
vn -0.9745 -0.1393 -0.1760
vn -0.9177 -0.0566 -0.3933
vn -0.9785 0.0716 0.1933
vn -0.9487 0.2828 -0.1415
vn -0.8326 0.3352 0.4409
vn -0.7898 0.6074 0.0851
vn -0.9802 0.1914 -0.0502
vn -0.5636 0.6316 0.5324
vn -0.5501 0.7018 -0.4526
vn -0.9796 0.1429 0.1415
vn -0.7576 -0.2632 -0.5973
vn -0.9544 0.1653 0.2486
vn -0.9100 0.2243 0.3486
vn -0.8476 0.3174 0.4252
vn -0.7861 0.4168 0.4565
vn 0.0150 -0.1385 -0.9902
vn -0.3069 -0.5770 -0.7569
vn -0.3798 -0.2498 -0.8907
vn -0.6936 -0.3699 -0.6181
vn -0.7336 0.5070 0.4526
vn -0.7805 0.0679 -0.6215
vn -0.6918 0.5865 0.4212
vn -0.6601 -0.4218 -0.6215
vn -0.3175 -0.8157 -0.4835
vn -0.3477 -0.7480 -0.5653
vn 0.1074 -0.9569 -0.2697
vn -0.6620 0.6500 0.3731
vn 0.0415 -0.9776 -0.2061
vn -0.4384 -0.7241 -0.5324
vn 0.0151 -0.8752 -0.4835
vn -0.4364 -0.8013 -0.4093
vn -0.0491 -0.6550 -0.7540
vn -0.4377 -0.7430 -0.5063
vn -0.0995 -0.5137 -0.8522
vn -0.6389 0.7070 0.3032
vn -0.6278 0.7517 0.2018
vn -0.6379 0.7644 0.0938
vn 0.8654 -0.4844 -0.1285
vn 0.8978 -0.1726 -0.4052
vn 0.8567 -0.2168 -0.4681
vn 0.8128 -0.2744 -0.5138
vn 0.7636 -0.3653 -0.5324
vn 0.1443 -0.6202 -0.7710
vn 0.7153 -0.4777 -0.5100
vn 0.6378 -0.7444 -0.1975
vn 0.7123 -0.6709 0.2060
vn 0.7636 -0.5828 0.2781
vn -0.7229 -0.6909 -0.0109
vn 0.8126 -0.4953 0.3073
vn -0.7885 -0.4444 -0.4252
vn -0.6396 -0.3033 -0.7063
vn -0.9658 -0.0980 -0.2402
vn -0.7481 0.1240 -0.6519
vn 0.8969 -0.3537 0.2655
vn 0.9712 -0.2172 0.0981
vn 0.9866 -0.1578 -0.0415
vn -0.8396 -0.4390 0.3198
vn -0.6758 -0.5693 0.4681
vn -0.6517 -0.7583 0.0153
vn -0.4316 -0.7172 -0.5471
vn -0.0265 -0.5985 -0.8007
vn 0.0792 -0.8309 -0.5508
vn -0.3817 -0.7970 -0.4681
vn -0.4148 -0.8843 -0.2146
vn 0.0264 -0.9971 -0.0720
vn -0.4923 -0.8627 -0.1155
vn -0.1317 -0.9639 0.2316
vn -0.4282 -0.8625 -0.2697
vn -0.1447 -0.9630 0.2274
vn -0.3825 -0.8284 -0.4093
vn -0.0227 -0.9995 -0.0197
vn -0.4471 -0.8651 -0.2274
vn 0.0453 -0.9747 -0.2189
vn -0.3964 -0.9175 -0.0328
vn 0.0283 -0.9306 -0.3649
vn -0.3894 -0.9154 -0.1025
vn -0.0717 -0.8218 -0.5652
vn -0.4584 -0.8494 -0.2613
vn -0.1036 -0.7738 -0.6249
vn -0.5956 -0.7114 0.3731
vn -0.7074 -0.6648 0.2401
vn -0.8041 -0.5637 -0.1889
vn -0.6482 -0.4541 -0.6112
vn -0.5698 -0.4644 -0.6780
vn -0.7479 -0.0528 -0.6617
vn -0.9758 -0.1801 -0.1242
vn -0.8450 -0.3138 0.4330
vn -0.6350 -0.3703 0.6780
vn -0.6922 -0.3489 0.6317
vn -0.6905 -0.6838 0.2359
vn -0.4082 -0.8830 -0.2317
vn 0.0094 -0.8956 -0.4448
vn 0.1054 -0.9944 -0.0066
vn -0.3545 -0.9348 0.0197
vn -0.3817 -0.8969 0.2231
vn 0.0621 -0.9257 0.3731
vn -0.4026 -0.8833 0.2402
vn -0.0245 -0.8294 0.5581
vn -0.3528 -0.9318 0.0851
vn -0.0094 -0.8488 0.5287
vn -0.3616 -0.9321 0.0197
vn 0.0698 -0.9406 0.3322
vn -0.3909 -0.8980 0.2018
vn 0.0867 -0.9885 0.1242
vn -0.3451 -0.9084 0.2359
vn 0.0415 -0.9819 -0.1846
vn -0.3912 -0.9187 0.0546
vn -0.0509 -0.9231 -0.3812
vn -0.3083 -0.9489 0.0677
vn 0.1149 -0.9850 -0.1286
vn -0.6214 -0.5947 0.5101
vn -0.6386 -0.5627 0.5250
vn -0.7722 -0.5965 0.2189
vn -0.6970 -0.6757 -0.2401
vn -0.6018 -0.7165 -0.3527
vn -0.8585 -0.3036 -0.4132
vn -0.9609 -0.1986 0.1932
vn -0.7570 -0.1388 0.6385
vn -0.6472 -0.1458 0.7483
vn -0.7834 -0.2050 0.5867
vn -0.6726 -0.6633 0.3281
vn -0.2567 -0.8829 0.3932
vn 0.1873 -0.8594 0.4758
vn 0.0264 -0.6261 0.7793
vn -0.3466 -0.8061 0.4797
vn -0.3410 -0.8611 0.3771
vn -0.0132 -0.6198 0.7847
vn -0.3762 -0.8726 0.3115
vn 0.0603 -0.7998 0.5973
vn -0.3931 -0.7914 0.4681
vn 0.0452 -0.9545 0.2949
vn -0.3397 -0.8090 0.4797
vn -0.0246 -0.9982 0.0546
vn -0.3668 -0.8412 0.3973
vn -0.0378 -0.9992 0.0153
vn -0.3477 -0.8530 0.3892
vn 0.0660 -0.9772 0.2018
vn -0.3212 -0.7571 0.5689
vn 0.1461 -0.7613 0.6317
vn -0.4211 -0.5989 0.6812
vn -0.0056 -0.4271 0.9042
vn -0.2224 -0.1839 0.9574
vn -0.5531 -0.4931 0.6715
vn -0.7548 0.5633 0.3363
vn -0.7633 -0.6273 0.1545
vn -0.7500 -0.6195 0.2316
vn -0.7304 -0.5773 0.3649
vn -0.6876 -0.4977 0.5287
vn -0.5875 -0.4268 0.6875
vn -0.5680 -0.3903 0.7246
vn -0.7354 -0.4747 0.4835
vn -0.6511 0.0564 0.7569
vn -0.6343 0.0564 0.7710
vn -0.8148 -0.0113 0.5796
vn -0.9581 -0.2792 0.0633
vn -0.8337 -0.4864 -0.2613
vn -0.7719 -0.5421 -0.3322
vn -0.6815 -0.3390 -0.6485
vn -0.7343 -0.2807 -0.6181
vn -0.9684 0.0491 -0.2444
vn -0.7381 0.4283 0.5213
vn -0.5547 0.4496 0.7001
vn -0.6138 0.4254 0.6650
vn -0.9142 -0.0978 0.3933
vn -0.7176 -0.6962 0.0197
vn -0.5780 -0.8052 -0.1329
vn -0.8870 -0.3996 -0.2316
vn -0.8998 -0.0793 -0.4291
vn -0.9326 0.2574 0.2528
vn -0.8160 0.5704 0.0938
vn -0.4927 0.7077 0.5063
vn -0.4132 0.7307 0.5434
vn -0.5579 0.7454 0.3649
vn -0.7895 0.3730 -0.4873
vn -0.5661 -0.0340 -0.8236
vn -0.5553 -0.0717 -0.8286
vn -0.3915 0.2602 -0.8826
vn -0.1480 0.6533 -0.7425
vn -0.3483 0.2736 -0.8966
vn -0.0246 0.6193 -0.7847
vn -0.4504 0.6443 -0.6181
vn -0.3081 0.9432 0.1242
vn -0.6490 -0.5610 -0.5138
vn 0.0057 0.7968 -0.6043
vn 0.3652 0.8261 -0.4291
vn 0.1354 0.9274 -0.3486
vn 0.3170 0.9414 0.1155
vn 0.3693 0.8005 0.4720
vn 0.7362 0.5620 0.3771
vn 0.6401 0.7681 0.0153
vn 0.9769 0.2097 0.0415
vn 0.8273 0.5227 -0.2061
vn 0.4812 0.7554 -0.4448
vn 0.0415 0.9819 -0.1846
vn -0.2152 0.9283 0.3032
vn -0.2968 0.9135 0.2781
vn 0.0603 0.9975 -0.0371
vn 0.4455 0.7792 -0.4409
vn 0.7501 0.3924 -0.5324
vn 0.8790 -0.0302 -0.4759
vn 0.6027 0.3996 -0.6907
vn 0.3838 0.8156 -0.4330
vn -0.0170 0.9988 -0.0459
vn -0.5707 0.8176 -0.0764
vn -0.5526 0.5152 -0.6552
vn -0.2189 0.9446 -0.2444
vn 0.3195 0.8367 -0.4448
vn 0.5345 0.4145 -0.7366
vn 0.6062 0.5875 -0.5361
vn 0.2186 0.8877 -0.4053
vn 0.5923 0.8049 -0.0371
vn 0.2316 0.8691 -0.4370
vn 0.3283 0.8494 -0.4133
vn -0.0170 0.6196 -0.7847
vn -0.2054 0.7446 -0.6351
vn -0.2981 0.3114 -0.9023
vn -0.7867 0.2310 -0.5725
vn -0.6054 -0.2712 -0.7483
vn -0.4889 0.0189 -0.8721
vn -0.1986 0.2585 -0.9454
vn 0.0529 0.5754 -0.8161
vn 0.3926 0.8135 -0.4291
vn 0.0113 0.8297 -0.5580
vn -0.3892 0.5986 -0.7001
vn -0.2506 0.7885 0.5617
vn -0.6839 0.2695 -0.6779
vn -0.3787 -0.0189 -0.9253
vn -0.5315 -0.2763 -0.8007
vn -0.6504 -0.5490 -0.5250
vn -0.6222 -0.7820 -0.0371
vn -0.6691 -0.7198 0.1846
vn -0.8952 -0.4239 -0.1372
vn -0.8780 -0.0792 -0.4720
vn -0.4605 0.5377 0.7063
vn -0.2159 0.7474 0.6284
vn 0.0546 0.9648 0.2571
vn 0.4580 0.8310 -0.3157
vn 0.6470 0.7577 0.0851
vn 0.5520 0.8252 0.1199
vn 0.7298 0.5675 0.3812
vn 0.5830 0.6137 0.5324
vn 0.7305 0.4972 0.4681
vn 0.5246 0.3550 0.7738
vn 0.6985 0.2725 0.6617
vn 0.7980 0.1359 -0.5871
vn 0.5802 -0.0378 -0.8136
vn 0.6585 -0.0453 -0.7512
vn 0.6055 -0.4063 -0.6843
vn 0.5210 -0.3944 -0.7569
vn 0.7948 -0.3170 -0.5175
vn 0.6048 -0.0752 0.7928
vn 0.6659 -0.6779 -0.3115
vn 0.4116 -0.6853 -0.6008
vn 0.4241 -0.9056 -0.0022
vn 0.4114 -0.4727 0.7793
vn -0.0245 -0.9982 0.0546
vn 0.2428 -0.9084 -0.3404
vn -0.0377 -0.9992 0.0153
vn 0.4703 -0.7038 -0.5324
vn 0.8516 -0.3951 -0.3445
vn 0.9595 -0.1054 0.2613
vn 0.7023 0.3149 0.6385
vn 0.3361 0.6124 0.7156
vn 0.2349 0.3892 0.8907
vn 0.0543 0.1237 0.9908
vn 0.3350 -0.1942 0.9220
vn -0.2224 -0.1839 0.9575
vn 0.5675 0.0602 0.8212
vn 0.8046 -0.3935 0.4448
vn 0.6968 -0.6942 -0.1803
vn 0.2554 -0.9181 -0.3032
vn 0.4310 -0.9023 0.0065
vn 0.5288 -0.6234 0.5760
vn 0.1444 -0.6202 -0.7710
vn 0.4576 -0.8882 -0.0415
vn 0.5398 -0.5077 -0.6715
vn 0.0151 -0.1385 -0.9902
vn 0.3080 0.0302 -0.9509
vn 0.5067 0.2206 -0.8334
vn 0.0415 -0.9777 -0.2060
vn 0.3401 -0.9246 0.1717
vn 0.4384 -0.8625 -0.2528
vn -0.0491 -0.6549 -0.7541
vn 0.2828 -0.3148 -0.9060
vn -0.0995 -0.5136 -0.8522
vn 0.2090 -0.2050 -0.9562
vn -0.0264 -0.5985 -0.8007
vn 0.3300 -0.3914 -0.8590
vn 0.0793 -0.8309 -0.5508
vn 0.4737 -0.7098 -0.5213
vn 0.4068 -0.9107 0.0720
vn -0.1316 -0.9639 0.2316
vn 0.7715 -0.4803 -0.4172
vn 0.5979 -0.1348 -0.7901
vn 0.4351 0.0827 -0.8966
vn 0.5024 0.0453 -0.8634
vn 0.8487 -0.4362 0.2990
vn 0.8508 -0.2602 0.4565
vn 0.4894 -0.5241 0.6970
vn 0.4794 -0.7273 0.4911
vn 0.5921 0.3462 -0.7277
vn 0.7703 0.1426 -0.6215
vn 0.9457 -0.1876 -0.2655
vn 0.8480 -0.4968 0.1846
vn 0.4823 -0.8203 0.3074
vn 0.9993 -0.0151 0.0328
vn 0.9866 0.1055 0.1242
vn 0.8367 0.4155 -0.3568
vn 0.6775 0.5828 -0.4487
vn 0.6478 0.3347 -0.6844
vn 0.8773 -0.3465 0.3322
vn 0.7304 -0.6797 0.0677
vn 0.5198 -0.7294 0.4448
vn 0.9992 -0.0377 0.0153
vn 0.7046 -0.6886 0.1717
vn 0.8479 -0.5302 0.0022
vn 0.8197 -0.2818 -0.4987
vn 0.4847 -0.8747 0.0022
vn 0.9581 -0.0000 -0.2865
vn 0.6134 0.4260 -0.6650
vn -0.0000 -1.0000 0.0022
vn 0.6259 0.6379 -0.4487
vn 0.9435 0.3260 -0.0590
vn -0.0018 -0.9357 0.3527
vn 0.5099 0.8429 -0.1717
vn 0.2373 0.9598 0.1502
vn -0.1725 0.8866 0.4291
vn -0.0018 -0.8298 0.5581
vn 0.3951 0.8700 0.2949
vn 0.7536 0.6389 0.1545
vn 0.8484 -0.0678 0.5250
vn 0.8334 -0.4151 0.3649
vn 0.0020 -0.6198 0.7848
vn -0.4894 -0.5241 0.6970
vn -0.0020 -0.8298 0.5581
vn 0.0019 -0.6199 0.7847
vn 0.6195 -0.4706 0.6283
vn -0.4826 -0.7252 0.4911
vn -0.8497 -0.2638 0.4565
vn -0.0019 -0.9357 0.3527
vn -0.4847 -0.8747 -0.0022
vn -0.0038 -0.9357 -0.3527
vn -0.4823 -0.8203 0.3073
vn -0.8487 -0.4362 0.2990
vn -0.9866 0.1055 0.1242
vn -0.9993 -0.0151 0.0328
vn -0.8480 -0.4968 0.1846
vn -0.8479 -0.5302 0.0022
vn -0.4823 -0.8203 -0.3074
vn 0.6613 -0.1421 0.7366
vn 0.8693 0.0829 0.4873
vn 0.5963 0.2980 0.7454
vn 0.6529 0.5238 0.5471
vn 0.7258 0.5805 -0.3690
vn 0.6423 0.7622 0.0807
vn 0.6516 0.7582 -0.0240
vn -0.4826 -0.7252 -0.4912
vn 0.7581 0.6515 0.0284
vn -0.0038 -0.8298 -0.5580
vn 0.4888 0.7236 0.4873
vn -0.0019 -0.6198 -0.7847
vn 0.4377 0.7556 0.4873
vn 0.3392 0.7806 0.5250
vn -0.4880 -0.5254 -0.6970
vn 0.2472 0.8144 0.5250
vn -0.8487 -0.4362 -0.2990
vn 0.3284 0.7620 0.5581
vn -0.8819 0.4714 0.0022
vn -0.9993 -0.0377 0.0022
vn -0.9992 -0.0377 0.0153
vn -0.0679 0.9734 0.2189
vn -0.9992 -0.0377 -0.0153
vn -0.2113 0.8723 0.4409
vn -0.0770 0.6322 0.7710
vn 0.0954 0.5219 0.8476
vn 0.1049 0.5610 0.8212
vn -0.8480 -0.4968 -0.1846
vn 0.5240 0.7469 0.4093
vn 0.8554 0.4902 0.1674
vn -0.9993 -0.0151 -0.0328
vn 0.9863 0.1505 -0.0677
vn 0.8658 -0.3882 0.3157
vn 0.6913 -0.6926 0.2061
vn 0.2020 -0.8560 0.4759
vn 0.1296 -0.8121 0.5689
vn -0.8778 0.4095 0.2486
vn -0.8507 -0.2605 -0.4565
vn -0.9866 0.1055 -0.1242
vn -0.8564 0.4734 0.2061
vn 0.4601 -0.6340 0.6215
vn -0.8827 0.4407 0.1631
vn 0.6310 -0.3469 0.6939
vn 0.9209 -0.0226 0.3892
vn 0.7320 0.0151 0.6812
vn 0.8241 0.4076 0.3933
vn 0.7192 0.4508 0.5287
vn -0.5115 0.7304 0.4526
vn 0.5630 0.0676 0.8237
vn 0.4723 -0.2799 0.8358
vn 0.3295 -0.5682 0.7541
vn -0.4980 0.7420 0.4487
vn -0.0019 0.8488 0.5287
vn 0.0019 0.8418 0.5398
vn -0.5143 0.8053 0.2949
vn -0.5173 0.8558 0.0022
vn -0.8827 0.4407 -0.1631
vn 0.5277 -0.2684 0.8059
vn -0.8778 0.4095 -0.2486
vn -0.8579 0.4706 -0.2061
vn 0.2822 -0.8732 0.3973
vn 0.4439 -0.5860 0.6779
vn -0.5002 0.7406 -0.4487
vn -0.5075 0.7332 -0.4526
vn -0.5165 0.8039 -0.2949
vn -0.0226 -0.9996 -0.0196
vn 0.4922 -0.8550 -0.1631
vn 0.0038 0.8488 -0.5287
vn 0.8480 -0.4968 -0.1846
vn 0.8487 -0.4362 -0.2990
vn 0.9992 -0.0378 -0.0153
vn 0.4794 -0.7273 -0.4912
vn 0.4823 -0.8203 -0.3074
vn 0.8147 -0.5742 -0.0808
vn -0.0000 0.8418 -0.5398
vn 0.9847 -0.1728 0.0240
vn 0.5780 0.0900 0.8111
vn 0.5765 0.4794 0.6617
vn 0.4226 0.8626 0.2781
vn 0.5228 0.8350 0.1717
vn 0.5339 0.8042 0.2613
vn 0.1055 0.9944 -0.0022
vn 0.4971 0.7427 -0.4487
vn 0.0603 0.8050 0.5902
vn 0.5075 0.7332 -0.4526
vn 0.8579 0.4706 -0.2061
vn 0.8778 0.4095 -0.2486
vn 0.8811 0.4440 -0.1631
vn 0.9993 -0.0377 -0.0022
vn 0.1820 0.9502 -0.2528
vn 0.1280 0.9719 -0.1975
vn 0.3128 0.8944 0.3198
vn 0.5426 0.5132 0.6650
vn 0.7006 0.6819 0.2103
vn 0.9520 0.2757 0.1329
vn 0.6833 0.4098 -0.6043
vn 0.6566 0.0679 -0.7512
vn -0.0037 -0.9357 -0.3527
vn -0.0037 -0.8298 -0.5581
vn 0.9993 -0.0151 -0.0328
vn 0.4880 -0.5254 -0.6970
vn -0.0019 -0.6199 -0.7847
vn 0.8507 -0.2606 -0.4565
vn 0.9866 0.1055 -0.1242
vn 0.5958 0.7437 -0.3032
vn 0.6039 0.4191 -0.6780
vn 0.5313 0.1052 -0.8406
vn 0.7275 0.3438 -0.5938
vn 0.8582 0.4701 0.2061
vn 0.5765 0.7351 -0.3568
vn 0.3026 0.9461 0.1155
vn 0.2663 0.9367 0.2274
vn -0.0566 0.9955 -0.0764
vn 0.8778 0.4095 0.2486
vn 0.5143 0.8053 0.2949
vn 0.8819 0.4714 0.0022
vn 0.8810 0.4440 0.1631
vn -0.2154 0.9581 0.1889
vn -0.1148 0.8902 0.4409
vn 0.3789 0.9171 0.1242
vn 0.0547 0.8255 0.5617
vn 0.5084 0.7325 0.4526
vn 0.4769 0.8512 0.2189
vn 0.0038 0.9388 0.3445
vn 0.4981 0.7420 0.4487
vn -0.4717 0.6614 0.5832
vn -0.5993 0.7921 0.1155
vn -0.3812 0.8562 -0.3486
vn -0.1279 0.8368 -0.5324
vn -0.1055 0.8352 -0.5398
vn -0.2936 0.9230 -0.2486
vn -0.3899 0.6603 0.6419
vn -0.2191 0.2893 0.9318
vn -0.1992 0.2258 0.9536
vn -0.4223 0.3997 0.8136
vn -0.5789 0.7518 0.3157
vn -0.3946 0.9145 -0.0895
vn -0.3458 0.9348 -0.0807
vn -0.0094 0.9696 0.2444
vn 0.3969 0.7503 0.5287
vn 0.7133 0.3429 0.6112
vn -0.0546 0.9431 0.3280
vn -0.0000 1.0000 -0.0022
vn -0.4799 0.8413 0.2486
vn -0.5681 0.7530 -0.3322
vn -0.7172 0.4707 -0.5138
vn 0.0019 0.9388 -0.3445
vn -0.7256 0.4618 -0.5101
vn 0.5196 0.8019 -0.2949
vn 0.5173 0.8558 -0.0022
vn -0.6070 0.7257 -0.3239
vn -0.9721 0.2318 -0.0371
vn -0.8104 -0.1538 0.5653
vn 0.4881 0.6397 0.5938
vn 0.4361 0.4641 0.7710
vn 0.6092 0.2707 0.7454
vn -0.8370 0.5261 0.1502
vn 0.6859 0.5263 0.5025
vn -0.6701 0.1311 0.7306
vn -0.5784 -0.3180 0.7512
vn 0.5783 0.7684 0.2739
vn -0.4194 -0.0563 0.9061
vn 0.8492 0.3737 0.3731
vn 0.7450 0.0528 0.6650
vn 0.3535 0.0821 0.9318
vn 0.2564 0.3266 0.9097
vn 0.1524 0.5274 0.8358
vn -0.0019 0.4968 0.8678
vn -0.0019 0.2760 0.9612
vn 0.0015 0.0086 1.0000
vn -0.6676 -0.2260 0.7094
vn -0.4695 0.0226 0.8826
vn -0.7300 0.3946 0.5580
vn -0.5926 0.7007 -0.3973
vn -0.3305 0.6329 -0.7001
vn -0.3129 0.6175 -0.7216
vn -0.5967 0.6101 -0.5213
vn -0.8552 0.5170 0.0371
vn -0.7087 0.3699 0.6008
vn -0.4342 0.2782 0.8568
vn 0.4357 -0.1764 0.8826
vn -0.2315 0.5713 0.7874
vn 0.1389 0.7682 0.6249
vn 0.4969 0.8506 0.1717
vn 0.6965 0.6699 -0.2571
vn 0.7915 0.5853 -0.1760
vn 0.8880 0.2096 -0.4093
vn 0.8422 0.5364 -0.0546
vn 0.4845 0.8743 -0.0284
vn -0.0000 -0.2634 0.9647
vn 0.0829 0.8561 0.5101
vn -0.1505 0.5391 0.8287
vn -0.3745 0.2777 0.8847
vn -0.3543 0.0784 0.9318
vn -0.2534 0.3290 0.9097
vn -0.1524 0.5274 0.8358
vn -0.2604 0.6066 0.7512
vn -0.4333 0.4666 0.7710
vn -0.6092 0.2707 0.7454
vn -0.7450 0.0528 0.6650
vn -0.4357 -0.1764 0.8826
vn -0.6859 0.5263 0.5025
vn -0.5548 0.4087 0.7246
vn -0.2737 0.6694 0.6907
vn -0.0075 0.9999 0.0153
vn 0.4774 0.8572 -0.1932
vn 0.8108 0.5797 0.0808
vn 0.9423 0.1800 0.2823
vn 0.9916 0.1130 -0.0633
vn 0.9573 -0.2830 -0.0589
vn 0.8317 -0.1577 -0.5324
vn 0.6364 0.0227 -0.7710
vn 0.4028 -0.2107 -0.8907
vn 0.5738 -0.2913 -0.7654
vn 0.3826 -0.6678 -0.6385
vn -0.0717 -0.8218 -0.5653
vn 0.2105 -0.5305 -0.8212
vn -0.1035 -0.7738 -0.6250
vn -0.4881 0.6397 0.5938
vn -0.5813 0.7662 0.2739
vn -0.2956 0.7076 0.6419
vn 0.4675 -0.2808 -0.8382
vn 0.2179 -0.5580 -0.8007
vn -0.2472 0.8071 0.5361
vn 0.6584 -0.4802 -0.5796
vn -0.4106 0.8066 0.4251
vn -0.3277 0.9377 0.1155
vn -0.8507 0.3702 0.3731
vn -0.7260 0.6819 0.0895
vn -0.4119 0.9044 -0.1112
vn 0.0095 -0.8956 -0.4448
vn 0.3852 -0.7377 -0.5544
vn 0.1055 -0.9944 -0.0066
vn 0.5042 -0.8631 -0.0284
vn 0.0622 -0.9257 0.3731
vn 0.4389 -0.7829 0.4409
vn -0.5002 0.7406 -0.4486
vn -0.0000 0.8418 -0.5397
vn -0.8579 0.4707 -0.2060
vn 0.7905 -0.6107 -0.0458
vn 0.8951 -0.2021 0.3973
vn -0.9866 0.1055 0.1243
vn 0.7197 -0.0226 0.6939
vn 0.7822 0.3235 0.5324
vn 0.6322 0.4136 0.6552
vn 0.7064 0.6703 0.2274
vn 0.7203 -0.5289 0.4487
vn 0.3094 -0.6263 0.7156
vn 0.0019 -0.6198 0.7848
vn 0.5595 -0.3441 0.7540
vn 0.5744 0.0900 0.8136
vn 0.4894 -0.5240 0.6970
vn 0.0038 0.7468 0.6650
vn -0.0584 0.7475 0.6617
vn -0.0527 0.7272 0.6844
vn -0.0000 0.6233 0.7820
vn -0.0320 0.7133 0.7001
vn -0.0846 0.6413 0.7626
vn 0.0038 0.7079 0.7063
vn 0.0809 0.6418 0.7626
vn 0.7285 0.6792 0.0895
vn 0.4153 0.9028 -0.1112
vn 0.2694 -0.5620 0.7820
vn -0.0094 -0.8487 0.5287
vn -0.0038 0.9828 -0.1846
vn 0.4562 -0.2322 0.8590
vn 0.7409 0.0151 0.6715
vn -0.0019 0.9983 0.0589
vn 0.4249 -0.6983 0.5760
vn -0.2335 0.9211 0.3115
vn 0.6346 -0.3468 0.6907
vn -0.1389 0.8747 0.4643
vn -0.1314 0.7885 0.6008
vn -0.0735 0.8241 0.5617
vn 0.0698 -0.9406 0.3323
vn -0.0019 0.8976 0.4409
vn 0.5039 -0.8638 0.0027
vn -0.0038 0.9629 0.2697
vn 0.3241 0.9389 0.1155
vn 0.8045 -0.5799 -0.1285
vn 0.9545 -0.1877 -0.2316
vn 0.7564 0.3852 0.5287
vn 0.5795 0.7405 0.3404
vn 0.3454 0.9313 -0.1155
vn 0.4441 0.8749 -0.1932
vn 0.0358 0.8968 -0.4409
vn -0.4661 0.8828 0.0590
vn -0.7974 0.5980 0.0808
vn 0.2298 0.9220 0.3115
vn 0.1389 0.8747 0.4643
vn 0.0755 0.8239 -0.5617
vn -0.3439 0.7415 -0.5760
vn -0.2383 0.6085 -0.7569
vn -0.4759 0.3401 -0.8111
vn -0.6480 0.4857 -0.5867
vn -0.8610 0.1578 -0.4835
vn -0.9728 0.2171 0.0807
vn -0.7717 0.0978 0.6284
vn -0.5561 -0.0151 0.8310
vn -0.5699 -0.0301 0.8212
vn -0.8360 0.0415 0.5472
vn -0.9819 0.1840 -0.0459
vn -0.7201 0.3085 -0.6215
vn -0.4525 0.3418 -0.8237
vn -0.5275 0.3627 -0.7682
vn 0.0019 0.8370 0.5472
vn -0.8165 0.3633 -0.4487
vn -0.9358 0.0754 0.3445
vn 0.0019 0.7834 0.6215
vn -0.7935 -0.4777 0.3771
vn -0.0302 0.7773 0.6284
vn -0.7321 -0.6734 -0.1025
vn -0.7655 -0.5898 -0.2571
vn -0.0471 0.7654 0.6419
vn -0.1591 0.7356 0.6585
vn -0.1421 0.6807 0.7186
vn -0.0151 0.8555 -0.5176
vn 0.1421 0.6807 0.7186
vn 0.2604 0.6066 0.7512
vn 0.2921 0.7090 0.6419
vn -0.9632 -0.2649 0.0459
vn 0.4106 0.8066 0.4252
vn -0.9041 -0.0716 -0.4212
vn 0.2508 0.8060 0.5361
vn -0.7681 -0.5450 -0.3363
vn 0.0772 0.8237 0.5617
vn -0.7178 -0.4935 -0.4911
vn 0.0302 0.7773 0.6284
vn -0.5525 -0.0114 -0.8334
vn -0.6921 -0.0151 -0.7216
vn -0.8726 -0.2784 0.4013
vn -0.9721 -0.2246 0.0677
vn -0.9296 -0.2465 -0.2739
vn -0.6561 0.0302 -0.7541
vn -0.6435 -0.0038 -0.7654
vn -0.5191 0.3193 -0.7928
vn -0.8616 0.0717 -0.5025
vn -0.7429 0.4057 -0.5325
vn -0.3113 0.6148 -0.7246
vn 0.0283 0.7135 0.7001
vn 0.0546 0.7477 0.6617
vn 0.0527 0.7272 0.6844
vn 0.1554 0.7364 0.6585
vn 0.1314 0.7885 0.6008
vn 0.0508 0.7651 0.6419
vn -0.6853 -0.3564 -0.6351
vn -0.7607 -0.3376 -0.5544
vn -0.7633 -0.6460 -0.0066
vn -0.6924 -0.6964 -0.1889
vn -0.9705 0.1950 0.1415
vn -0.8417 0.5332 0.0851
vn -0.5134 0.6983 -0.4987
vn -0.1744 0.9096 -0.3771
vn 0.2592 0.9589 -0.1155
vn 0.6195 0.7474 0.2401
vn 0.6674 0.7020 -0.2486
vn 0.9223 0.2683 -0.2781
vn 0.6063 -0.1716 -0.7765
vn 0.8490 0.3742 -0.3731
vn 0.8507 -0.2605 -0.4565
vn -0.7373 0.2301 0.6351
vn 0.8582 0.4701 0.2060
vn 0.7285 0.6792 -0.0895
vn 0.3535 0.0823 -0.9318
vn 0.6088 0.2716 -0.7454
vn 0.7450 0.0528 -0.6650
vn 0.4356 -0.1768 -0.8826
vn 0.4153 0.9029 0.1112
vn 0.5775 0.7691 -0.2739
vn 0.6854 0.5269 -0.5025
vn 0.6535 0.1865 -0.7336
vn 0.5823 0.6144 -0.5324
vn 0.6455 0.1791 -0.7425
vn 0.6189 0.6069 -0.4987
vn 0.8782 0.0980 -0.4681
vn -0.0019 -0.6198 -0.7848
vn 0.5607 -0.1786 -0.8085
vn -0.0019 -0.2634 -0.9647
vn -0.4880 -0.5253 -0.6970
vn -0.4341 -0.1803 -0.8826
vn 0.2975 0.9399 -0.1674
vn 0.2264 0.9603 -0.1631
vn -0.7447 0.0566 -0.6650
vn -0.2357 0.9695 -0.0677
vn -0.5987 0.8009 0.0153
vn -0.6183 0.5423 0.5689
vn -0.5554 0.2244 0.8007
vn -0.6545 0.2257 0.7216
vn -0.8490 0.3741 -0.3731
vn -0.8564 0.4734 0.2060
vn -0.7259 0.6819 -0.0895
vn -0.4981 0.7420 0.4487
vn -0.0980 0.9754 0.1975
vn -0.4119 0.9044 0.1112
vn 0.3879 0.9205 -0.0459
vn 0.0038 0.9828 0.1846
vn -0.4087 0.8034 0.4330
vn -0.4133 0.5105 0.7541
vn 0.3241 0.9389 -0.1155
vn -0.0019 0.9983 -0.0590
vn -0.3277 0.9377 -0.1155
vn -0.5775 0.7691 -0.2739
vn 0.0490 0.9232 0.3812
vn 0.4508 0.8814 -0.1415
vn 0.7525 0.5253 -0.3973
vn -0.6877 0.5239 -0.5025
vn -0.6088 0.2716 -0.7454
vn 0.8027 0.5925 -0.0677
vn 0.9600 0.2465 0.1329
vn -0.3535 0.0823 -0.9318
vn -0.0019 0.0085 -1.0000
vn 0.9527 -0.1129 0.2823
vn 0.2546 0.3280 -0.9097
vn 0.8524 -0.2750 -0.4448
vn 0.4235 -0.4756 -0.7710
vn 0.5026 -0.4852 -0.7155
vn 0.3344 -0.7802 -0.5287
vn 0.4347 0.4654 -0.7710
vn 0.2269 -0.7325 -0.6419
vn 0.4872 0.6404 -0.5938
vn 0.4094 0.8072 -0.4252
vn 0.7079 -0.5973 -0.3771
vn 0.4650 -0.8432 -0.2697
vn 0.8118 -0.4280 0.3973
vn 0.2298 0.9220 -0.3115
vn 0.5548 -0.6904 0.4643
vn 0.1873 -0.8593 0.4759
vn 0.3390 -0.3683 0.8657
vn -0.0132 -0.6197 0.7847
vn 0.0019 0.9629 -0.2697
vn -0.2335 0.9211 -0.3115
vn -0.4060 0.8090 -0.4251
vn 0.6863 0.2079 0.6970
vn 0.5574 -0.0826 0.8261
vn -0.4902 0.6381 -0.5938
vn -0.4374 0.4628 -0.7710
vn -0.2576 0.3256 -0.9097
vn 0.0019 0.2760 -0.9612
vn 0.4125 0.0749 0.9079
vn 0.2405 -0.2552 0.9365
vn 0.1566 0.5261 -0.8359
vn 0.0603 -0.7997 0.5973
vn 0.2661 0.6041 -0.7512
vn 0.2978 0.7066 -0.6419
vn 0.2493 0.8065 -0.5361
vn 0.1372 0.8750 -0.4643
vn -0.0019 0.8976 -0.4409
vn -0.1410 0.8744 -0.4643
vn -0.2493 0.8065 -0.5361
vn -0.2978 0.7066 -0.6419
vn -0.2626 0.6056 -0.7512
vn -0.1566 0.5262 -0.8358
vn -0.7596 -0.6488 0.0459
vn 0.0019 0.4969 -0.8678
vn -0.7551 -0.6511 0.0764
vn 0.0791 0.6420 -0.7626
vn 0.1389 0.6814 -0.7186
vn 0.1612 0.7352 -0.6584
vn 0.3808 -0.2553 0.8887
vn 0.3677 -0.4076 0.8358
vn 0.5675 -0.3240 0.7569
vn 0.5707 -0.4538 0.6844
vn 0.6847 -0.3692 0.6284
vn 0.6711 -0.2438 0.7001
vn 0.1372 0.7876 -0.6008
vn 0.5264 -0.1560 0.8358
vn 0.1625 -0.1797 0.9702
vn 0.0263 -0.4184 0.9079
vn -0.0057 -0.5814 0.8136
vn 0.3593 -0.5419 0.7598
vn 0.5698 -0.5644 0.5973
vn -0.0000 0.8371 -0.5471
vn 0.6917 -0.4755 0.5435
vn 0.7961 -0.3588 0.4873
vn 0.7806 -0.2667 0.5653
vn 0.7575 -0.1646 0.6317
vn 0.6366 -0.0677 0.7682
vn 0.7291 0.0075 0.6844
vn -0.0755 0.8239 -0.5617
vn 0.5542 0.1635 0.8162
vn 0.3861 0.0301 0.9220
vn -0.1334 0.7882 -0.6008
vn -0.1611 0.7352 -0.6585
vn -0.1389 0.6814 -0.7186
vn -0.0791 0.6420 -0.7626
vn 0.8601 -0.0000 0.5101
vn 0.8918 -0.0829 0.4448
vn 0.9127 -0.1577 0.3771
vn 0.9261 -0.2244 0.3032
vn -0.0038 0.6232 -0.7820
vn 0.8046 -0.4413 0.3973
vn 0.6999 -0.5588 0.4448
vn 0.5753 -0.6540 0.4912
vn 0.3514 -0.6590 0.6650
vn -0.0226 -0.7106 0.7032
vn -0.3727 -0.6505 0.6617
vn -0.3471 -0.5258 0.7766
vn -0.2754 -0.3418 0.8985
vn -0.0925 -0.0727 0.9931
vn 0.1772 0.2171 0.9599
vn 0.4226 0.4146 0.8059
vn 0.0263 0.7134 -0.7002
vn 0.6918 0.2656 0.6715
vn 0.8115 0.0978 0.5761
vn 0.8170 0.3313 0.4720
vn 0.0491 0.7275 -0.6844
vn 0.9031 0.3041 0.3032
vn 0.9470 0.2391 0.2146
vn 0.9679 0.1949 0.1588
vn 0.9791 0.1579 0.1285
vn 0.9319 -0.2826 0.2274
vn 0.0603 0.7473 -0.6617
vn 0.8094 -0.5079 0.2949
vn 0.7039 -0.6279 0.3321
vn 0.5751 -0.7281 0.3731
vn 0.3420 -0.8380 0.4252
vn 0.3423 -0.7612 0.5508
vn -0.0377 -0.8064 0.5902
vn -0.3830 -0.7389 0.5544
vn -0.5925 -0.6326 0.4987
vn -0.0264 0.7135 -0.7001
vn -0.5834 -0.5541 0.5938
vn -0.5625 -0.4348 0.7032
vn -0.5029 -0.2541 0.8261
vn -0.3317 0.0413 0.9425
vn -0.0300 0.3820 0.9237
vn 0.2659 0.6184 0.7395
vn 0.0019 0.7468 -0.6650
vn -0.0491 0.7275 -0.6844
vn -0.0603 0.7473 -0.6617
vn 0.6118 0.5265 0.5903
vn -0.0491 0.7652 -0.6419
vn -0.0245 0.7775 -0.6284
vn -0.0000 0.7834 -0.6215
vn 0.0283 0.7774 -0.6284
vn 0.7555 0.5694 0.3239
vn 0.8308 0.5486 0.0938
vn 0.8556 0.5172 -0.0197
vn 0.8657 0.4976 -0.0546
vn 0.8735 0.4847 -0.0459
vn 0.0491 0.7653 -0.6419
vn 0.9874 0.1205 0.1025
vn 0.9334 -0.3259 0.1502
vn 0.8099 -0.5539 0.1932
vn 0.7032 -0.6764 0.2189
vn 0.5748 -0.7796 0.2486
vn 0.3430 -0.8946 0.2865
vn -0.0434 -0.9465 0.3198
vn -0.0396 -0.8868 0.4604
vn -0.3887 -0.8090 0.4409
vn -0.6020 -0.6927 0.3973
vn 0.0019 0.7079 -0.7063
vn -0.6136 -0.7374 0.2823
vn -0.3969 -0.8634 0.3115
vn -0.4083 -0.8982 0.1631
vn -0.0434 -0.9857 0.1631
vn -0.4104 -0.9119 0.0022
vn -0.6226 -0.7825 0.0022
vn -0.6231 -0.7684 -0.1458
vn -0.6210 -0.7701 0.1459
vn 0.3470 -0.9265 0.1459
vn 0.5765 -0.8076 0.1242
vn 0.7059 -0.7002 0.1069
vn 0.8094 -0.5797 0.0938
vn 0.9349 -0.3474 0.0720
vn 0.9933 0.0905 0.0720
vn 0.8781 0.4780 -0.0197
vn 0.7298 0.6670 -0.1502
vn 0.7263 0.6609 -0.1889
vn 0.7254 0.6666 -0.1717
vn 0.7095 0.7015 -0.0677
vn 0.6454 0.7453 0.1674
vn 0.4910 0.7297 0.4758
vn 0.7334 0.6733 -0.0938
vn 0.8889 0.4580 -0.0022
vn 0.7420 0.6686 -0.0502
vn 0.8957 0.4446 0.0022
vn 0.7484 0.6630 -0.0197
vn 0.8991 0.4378 -0.0022
vn 0.7535 0.6575 -0.0022
vn 0.9574 0.2465 0.1502
vn 0.9567 0.2612 0.1285
vn 0.9624 0.2318 0.1415
vn 0.9631 0.2171 0.1588
vn 0.9590 0.2319 0.1631
vn 0.9975 0.0604 0.0371
vn 0.9323 -0.3616 0.0022
vn 0.9230 0.3328 0.1932
vn 0.8099 -0.5866 0.0022
vn 0.7018 -0.7124 -0.0022
vn 0.5804 -0.8143 -0.0022
vn 0.3475 -0.9377 -0.0022
vn -0.0453 -0.9990 0.0022
vn 0.9228 0.3470 0.1674
vn -0.4083 -0.8982 -0.1631
vn -0.6099 -0.7405 -0.2823
vn -0.3969 -0.8634 -0.3115
vn -0.6041 -0.6908 -0.3973
vn 0.9196 0.3682 0.1372
vn 0.9558 0.2756 0.1025
vn 0.9617 0.2466 0.1199
vn 0.9986 0.0528 -0.0022
vn 0.9648 0.2244 0.1372
vn 0.9655 0.2098 0.1545
vn 0.9677 0.2027 0.1499
vn 0.9687 0.2098 0.1329
vn 0.9659 0.2318 0.1155
vn 0.9622 0.2540 0.0981
vn -0.0434 -0.9857 -0.1631
vn 0.9561 0.2829 0.0764
vn 0.3456 -0.9270 -0.1458
vn 0.5765 -0.8076 -0.1242
vn 0.7051 -0.7010 -0.1068
vn 0.8094 -0.5797 -0.0938
vn 0.9349 -0.3474 -0.0720
vn 0.9975 0.0603 -0.0371
vn 0.8958 0.4445 -0.0022
vn 0.9158 0.3895 0.0982
vn 0.7484 0.6630 0.0197
vn 0.8889 0.4580 0.0022
vn 0.7419 0.6686 0.0502
vn 0.9160 0.3962 0.0633
vn 0.9556 0.2903 0.0502
vn 0.9626 0.2612 0.0720
vn 0.9933 0.0905 -0.0720
vn 0.9334 -0.3259 -0.1502
vn 0.8095 -0.5545 -0.1932
vn 0.7032 -0.6765 -0.2189
vn 0.5748 -0.7796 -0.2486
vn 0.3416 -0.8951 -0.2865
vn -0.0453 -0.9464 -0.3198
vn 0.9646 0.2464 0.0938
vn -0.3887 -0.8090 -0.4409
vn -0.5891 -0.6358 -0.4987
vn -0.3785 -0.7412 -0.5544
vn -0.5854 -0.5520 -0.5938
vn 0.9681 0.2246 0.1112
vn 0.9714 0.2024 0.1242
vn 0.9712 0.1948 0.1373
vn -0.0415 -0.8867 -0.4604
vn 0.9692 0.1949 0.1502
vn 0.3407 -0.8386 -0.4252
vn 0.5742 -0.7287 -0.3731
vn 0.7039 -0.6278 -0.3322
vn 0.8090 -0.5085 -0.2949
vn 0.9318 -0.2829 -0.2274
vn 0.9874 0.1205 -0.1025
vn 0.8782 0.4780 0.0197
vn 0.9679 0.1948 0.1587
vn 0.7333 0.6734 0.0938
vn 0.8735 0.4847 0.0459
vn 0.7297 0.6670 0.1502
vn 0.9649 0.2023 0.1674
vn 0.9626 0.2097 0.1717
vn 0.9791 0.1579 -0.1285
vn 0.9261 -0.2244 -0.3032
vn 0.8043 -0.4418 -0.3973
vn 0.6994 -0.5595 -0.4448
vn 0.5753 -0.6540 -0.4912
vn 0.3480 -0.7586 -0.5508
vn -0.0321 -0.8066 -0.5903
vn 0.9592 0.2245 0.1717
vn -0.3683 -0.6530 -0.6617
vn 0.9228 0.3256 0.2061
vn -0.5643 -0.4324 -0.7033
vn -0.3493 -0.5244 -0.7766
vn -0.5058 -0.2484 -0.8261
vn 0.9280 0.3186 0.1932
vn 0.9430 0.2901 0.1631
vn -0.0246 -0.7105 -0.7032
vn 0.9586 0.2539 0.1285
vn 0.3503 -0.6596 -0.6650
vn 0.5691 -0.5651 -0.5973
vn 0.6956 -0.4699 -0.5435
vn 0.7959 -0.3593 -0.4873
vn 0.9126 -0.1577 -0.3771
vn 0.9679 0.1949 -0.1588
vn 0.8657 0.4976 0.0546
vn 0.7263 0.6609 0.1889
vn 0.8556 0.5173 0.0197
vn 0.7254 0.6666 0.1717
vn 0.9700 0.2244 0.0938
vn 0.9834 0.1728 0.0546
vn 0.9470 0.2391 -0.2146
vn 0.9889 0.1429 0.0415
vn 0.8918 -0.0830 -0.4448
vn 0.7804 -0.2671 -0.5653
vn 0.6844 -0.3697 -0.6284
vn 0.5697 -0.4550 -0.6844
vn 0.3583 -0.5426 -0.7598
vn -0.0095 -0.5813 -0.8136
vn -0.2775 -0.3401 -0.8985
vn 0.9909 0.1279 0.0415
vn -0.3312 0.0452 -0.9425
vn -0.0961 -0.0679 -0.9931
vn -0.0340 0.3817 -0.9237
vn 0.9724 0.2098 0.1025
vn 0.9686 0.2318 0.0894
vn 0.0302 -0.4181 -0.9079
vn 0.9648 0.2540 0.0677
vn 0.3662 -0.4090 -0.8358
vn 0.5669 -0.3251 -0.7569
vn 0.6710 -0.2442 -0.7001
vn 0.7574 -0.1648 -0.6318
vn 0.8601 -0.0000 -0.5101
vn 0.9031 0.3041 -0.3032
vn 0.8308 0.5486 -0.0938
vn 0.9622 0.2686 0.0459
vn 0.7095 0.7015 0.0677
vn 0.7551 0.5701 -0.3239
vn 0.6446 0.7460 -0.1675
vn 0.9544 0.2974 0.0240
vn 0.9146 0.4034 0.0284
vn 0.8168 0.3317 -0.4720
vn 0.7875 0.6104 0.0851
vn 0.8115 0.0980 -0.5761
vn 0.7291 0.0076 -0.6844
vn 0.7892 0.5976 0.1415
vn 0.7902 0.5787 0.2018
vn 0.6916 0.2660 -0.6715
vn 0.6113 0.5272 -0.5903
vn 0.4910 0.7297 -0.4759
vn 0.4213 0.4159 -0.8059
vn 0.2646 0.6190 -0.7395
vn 0.7893 0.5595 0.2528
vn 0.7844 0.5522 0.2823
vn 0.7815 0.5585 0.2781
vn 0.5541 0.1641 -0.8161
vn 0.6366 -0.0679 -0.7682
vn 0.7939 0.5721 0.2061
vn 0.5262 -0.1566 -0.8358
vn 0.3800 -0.2565 -0.8887
vn 0.8356 0.5427 0.0851
vn 0.8812 0.4710 -0.0415
vn 0.3860 0.0302 -0.9220
vn 0.1764 0.2177 -0.9599
vn 0.9283 0.3401 -0.1502
vn 0.1610 -0.1810 -0.9702
vn 0.9626 0.1653 -0.2146
vn 0.9772 0.0302 -0.2103
vn 0.9826 -0.0453 -0.1803
vn 0.9922 0.1205 0.0328
vn 0.9852 -0.0829 -0.1502
vn 0.6709 -0.5005 -0.5471
vn -0.4842 0.1271 -0.8657
vn -0.1974 0.4925 -0.8476
vn -0.6858 0.2728 -0.6747
vn -0.4303 0.6347 -0.6418
vn 0.6729 -0.5821 -0.4565
vn 0.3580 -0.7459 -0.5617
vn 0.9866 -0.1055 -0.1242
vn 0.9934 0.1130 0.0197
vn 0.9744 0.2097 0.0808
vn -0.6295 -0.1755 -0.7569
vn -0.8042 -0.0264 -0.5938
vn 0.9689 0.2391 0.0633
vn -0.6793 -0.3558 -0.6419
vn -0.5643 -0.4324 -0.7032
vn -0.6941 -0.4763 -0.5398
vn -0.6995 -0.5530 -0.4526
vn -0.7064 -0.6064 -0.3651
vn -0.7172 -0.6477 -0.2571
vn -0.6231 -0.7684 -0.1459
vn -0.7302 -0.6702 -0.1329
vn -0.7333 -0.6799 0.0022
vn -0.7302 -0.6702 0.1329
vn -0.6137 -0.7374 0.2823
vn -0.7203 -0.6443 0.2571
vn -0.6020 -0.6926 0.3973
vn -0.7065 -0.6063 0.3650
vn -0.5926 -0.6326 0.4987
vn -0.7023 -0.5494 0.4526
vn -0.6924 -0.4788 0.5398
vn -0.5626 -0.4348 0.7032
vn -0.6778 -0.3587 0.6418
vn -0.6296 -0.1750 0.7570
vn -0.4844 0.1265 0.8657
vn -0.0301 0.3820 0.9237
vn -0.1930 0.4942 0.8476
vn 0.2658 0.6185 0.7395
vn 0.1276 0.7475 0.6519
vn 0.3792 0.8503 0.3649
vn 0.5410 0.8390 0.0590
vn 0.6109 0.7747 -0.1631
vn 0.7253 0.6667 -0.1717
vn 0.6281 0.7374 -0.2486
vn 0.7297 0.6671 -0.1502
vn 0.6321 0.7493 -0.1975
vn 0.6350 0.7617 -0.1285
vn 0.7419 0.6686 -0.0502
vn 0.6429 0.7629 -0.0677
vn 0.7483 0.6630 -0.0197
vn 0.6458 0.7630 -0.0284
vn 0.6517 0.7585 -0.0022
vn 0.6458 0.7630 0.0284
vn 0.6429 0.7629 0.0677
vn 0.7334 0.6733 0.0938
vn 0.6350 0.7617 0.1285
vn 0.7297 0.6671 0.1502
vn 0.6321 0.7493 0.1975
vn 0.6281 0.7374 0.2486
vn 0.7253 0.6667 0.1717
vn 0.6109 0.7747 0.1631
vn 0.6446 0.7460 -0.1674
vn 0.5410 0.8390 -0.0589
vn 0.3792 0.8503 -0.3650
vn 0.2645 0.6190 -0.7395
vn 0.1259 0.7478 -0.6519
vn 0.9661 0.2540 0.0459
vn -0.1161 0.8844 -0.4521
vn 0.9609 0.2757 0.0240
vn 0.9547 0.2975 -0.0022
vn 0.9119 0.4104 -0.0021
vn 0.7818 0.6221 0.0415
vn 0.2610 0.9594 0.1069
vn 0.2557 0.9481 0.1889
vn 0.1468 0.9726 -0.1803
vn 0.2589 0.9237 0.2823
vn 0.3261 0.9402 0.0982
vn 0.2550 0.8971 0.3609
vn 0.4107 0.8638 0.2917
vn 0.4337 0.8292 0.3527
vn 0.2534 0.8874 0.3852
vn 0.4441 0.8321 0.3322
vn 0.4479 0.8538 0.2655
vn -0.2057 0.9064 0.3690
vn 0.4491 0.8760 0.1761
vn -0.2040 0.9423 0.2655
vn 0.4509 0.8867 0.1025
vn 0.2481 0.9100 0.3322
vn 0.4576 0.8881 0.0423
vn 0.4580 0.8890 0.0022
vn 0.2576 0.9538 0.1545
vn 0.4576 0.8881 -0.0425
vn 0.3009 0.9455 -0.1242
vn 0.4509 0.8867 -0.1025
vn 0.4491 0.8760 -0.1761
vn 0.3923 0.8177 -0.4212
vn 0.4468 0.8543 -0.2655
vn 0.4441 0.8321 -0.3322
vn -0.2078 0.9059 -0.3690
vn 0.5205 0.5232 -0.6747
vn -0.2022 0.8664 -0.4565
vn 0.4325 0.8298 -0.3527
vn 0.6205 0.1275 -0.7738
vn 0.4094 0.8646 -0.2912
vn 0.6613 -0.1938 -0.7246
vn 0.3261 0.9402 -0.0982
vn 0.1490 0.9724 0.1797
vn 0.6678 -0.3826 -0.6385
vn -0.1147 0.8843 0.4526
vn -0.4282 0.6361 0.6418
vn 0.3551 -0.6504 -0.6715
vn -0.6873 0.2689 0.6747
vn -0.8041 -0.0302 0.5938
vn -0.8389 -0.2091 0.5025
vn 0.2283 -0.6830 -0.6939
vn -0.8477 -0.3174 0.4251
vn 0.2345 -0.7804 -0.5796
vn -0.8498 -0.3841 0.3609
vn 0.3650 -0.8158 -0.4487
vn -0.8569 -0.4258 0.2907
vn 0.6753 -0.6432 -0.3609
vn -0.8636 -0.4601 0.2060
vn 0.9860 -0.1281 -0.1069
vn -0.9808 0.1951 -0.0066
vn -0.9791 0.2024 -0.0197
vn -0.9789 0.2024 -0.0284
vn -0.9724 0.2319 -0.0240
vn -0.9547 0.2975 -0.0066
vn 0.9944 0.1055 0.0109
vn -0.8957 0.4445 0.0066
vn -0.7579 0.6513 -0.0371
vn -0.5747 0.8045 -0.1502
vn -0.4041 0.8659 -0.2949
vn -0.2751 0.8564 -0.4370
vn -0.2202 0.8292 -0.5138
vn 0.9744 0.2171 0.0589
vn -0.2040 0.8356 -0.5101
vn -0.5144 0.7402 -0.4330
vn 0.9701 0.2391 0.0415
vn 0.9651 0.2612 0.0197
vn 0.9612 0.2758 -0.0022
vn 0.9544 0.2974 -0.0240
vn 0.9146 0.4034 -0.0284
vn 0.9160 0.3962 -0.0633
vn 0.9556 0.2903 -0.0502
vn -0.5284 0.6643 -0.5287
vn -0.5165 0.6987 -0.4950
vn 0.9609 0.2757 -0.0240
vn 0.9653 0.2612 -0.0022
vn -0.5605 0.6405 -0.5250
vn 0.9707 0.2393 0.0197
vn -0.6243 0.6136 -0.4835
vn -0.6896 0.5775 -0.4370
vn -0.7588 0.5252 -0.3852
vn -0.8187 0.4625 -0.3404
vn -0.8478 0.4262 -0.3157
vn 0.9755 0.2171 0.0371
vn -0.8580 0.4263 -0.2865
vn -0.8611 0.4434 -0.2486
vn -0.8636 0.4638 -0.1975
vn -0.8682 0.4744 -0.1459
vn -0.9808 0.1951 0.0022
vn -0.8685 -0.4840 0.1068
vn 0.9952 0.0980 0.0022
vn 0.9857 -0.1504 -0.0764
vn -0.8710 -0.4912 -0.0022
vn -0.9822 0.1877 0.0022
vn -0.8718 0.4808 -0.0938
vn -0.7610 0.6331 -0.1415
vn 0.6821 -0.6861 -0.2528
vn -0.7570 0.6171 -0.2146
vn -0.7533 0.5920 -0.2865
vn -0.7517 0.5573 -0.3527
vn -0.7487 0.5215 -0.4093
vn -0.7438 0.4919 -0.4526
vn -0.7346 0.4721 -0.4873
vn -0.7213 0.4644 -0.5138
vn -0.7065 0.4704 -0.5287
vn -0.6910 0.4889 -0.5324
vn -0.6759 0.5134 -0.5287
vn -0.6669 0.5536 -0.4987
vn -0.6629 0.5935 -0.4565
vn -0.6589 0.6388 -0.3973
vn -0.5108 0.7840 -0.3527
vn -0.2061 0.9418 -0.2655
vn -0.2024 0.9641 -0.1717
vn -0.2007 0.9763 -0.0807
vn -0.2025 0.9793 0.0022
vn -0.2060 0.9752 0.0807
vn 0.3697 -0.8739 -0.3157
vn -0.2024 0.9641 0.1717
vn 0.3771 -0.9117 -0.1631
vn 0.2610 -0.9499 -0.1717
vn 0.2518 -0.9120 -0.3239
vn 0.3827 -0.9239 0.0022
vn 0.6853 -0.7160 -0.1329
vn 0.2425 -0.8539 -0.4604
vn -0.4895 0.8679 0.0851
vn -0.4912 0.8710 0.0022
vn -0.4895 0.8679 -0.0851
vn -0.4969 0.8506 -0.1717
vn -0.4994 0.8247 -0.2655
vn -0.6575 0.6802 -0.3239
vn -0.6550 0.7150 -0.2444
vn -0.6487 0.7434 -0.1631
vn -0.6501 0.7555 -0.0808
vn -0.6460 0.7633 0.0022
vn -0.6480 0.7573 0.0807
vn 0.9854 -0.1653 -0.0415
vn -0.4969 0.8506 0.1717
vn -0.5037 0.8221 0.2655
vn -0.5086 0.7854 0.3527
vn -0.2001 0.8669 0.4565
vn -0.2019 0.8361 0.5101
vn -0.2181 0.8297 0.5138
vn -0.2729 0.8571 0.4370
vn -0.4019 0.8669 0.2948
vn -0.5747 0.8045 0.1502
vn -0.7579 0.6513 0.0371
vn -0.8957 0.4445 -0.0066
vn -0.9547 0.2975 0.0066
vn -0.9724 0.2319 0.0240
vn -0.8397 -0.2058 -0.5025
vn -0.8488 -0.3143 -0.4251
vn 0.9959 0.0905 -0.0022
vn 0.9759 0.2172 0.0197
vn -0.8512 -0.3812 -0.3609
vn -0.9789 0.2024 0.0284
vn -0.8611 0.4434 0.2486
vn 0.9691 0.2466 0.0022
vn -0.8566 0.4292 0.2865
vn -0.8463 0.4291 0.3157
vn -0.8171 0.4652 0.3404
vn -0.7588 0.5252 0.3852
vn -0.6877 0.5798 0.4370
vn -0.6223 0.6156 0.4835
vn -0.5641 0.6373 0.5250
vn -0.5322 0.6613 0.5287
vn -0.5205 0.6958 0.4949
vn -0.5123 0.7416 0.4330
vn -0.6555 0.6822 0.3239
vn 0.9651 0.2611 -0.0197
vn -0.6621 0.6354 0.3973
vn -0.6660 0.5900 0.4565
vn -0.6699 0.5500 0.4987
vn -0.6741 0.5158 0.5287
vn -0.6936 0.4853 0.5324
vn -0.7048 0.4729 0.5287
vn -0.7197 0.4670 0.5138
vn -0.7370 0.4683 0.4873
vn -0.7421 0.4944 0.4526
vn -0.7469 0.5240 0.4093
vn 0.9622 0.2686 -0.0459
vn 0.9561 0.2829 -0.0764
vn -0.7194 0.5096 0.4720
vn -0.7194 0.4835 0.4987
vn -0.7114 0.4796 0.5138
vn 0.9158 0.3895 -0.0983
vn 0.7875 0.6104 -0.0851
vn -0.7125 0.5121 0.4797
vn 0.7818 0.6221 -0.0415
vn -0.7114 0.5504 0.4370
vn -0.7227 0.5418 0.4291
vn -0.7499 0.5597 0.3527
vn -0.8637 0.4638 0.1975
vn -0.9791 0.2024 0.0197
vn -0.8666 0.4772 0.1459
vn 0.7825 0.6227 -0.0022
vn -0.9808 0.1951 0.0066
vn 0.2595 0.9647 0.0458
vn 0.2613 0.9653 0.0022
vn 0.2595 0.9647 -0.0459
vn -0.7561 0.5885 0.2865
vn 0.2595 0.9598 -0.1068
vn -0.7222 0.5824 0.3731
vn -0.7151 0.5886 0.3772
vn 0.7892 0.5976 -0.1415
vn 0.9194 0.3688 -0.1368
vn -0.7142 0.6288 0.3074
vn -0.7232 0.6205 0.3032
vn -0.7570 0.6171 0.2146
vn -0.8718 0.4808 0.0938
vn 0.9558 0.2756 -0.1025
vn 0.9226 0.3474 -0.1674
vn 0.9626 0.2612 -0.0720
vn -0.7293 0.6453 0.2274
vn -0.7610 0.6331 0.1415
vn 0.9661 0.2540 -0.0458
vn 0.9707 0.2393 -0.0197
vn -0.7153 0.6592 0.2318
vn 0.9761 0.2172 0.0022
vn -0.7051 0.6371 0.3115
vn -0.7060 0.5968 0.3812
vn -0.7043 0.5565 0.4409
vn -0.7073 0.5120 0.4873
vn -0.7087 0.4795 0.5176
vn -0.7016 0.4856 0.5214
vn -0.6941 0.5043 0.5138
vn -0.6938 0.5302 0.4873
vn 0.9959 0.0905 0.0022
vn 0.9862 -0.1654 0.0022
vn -0.6984 0.5242 0.4873
vn 0.6909 -0.7229 -0.0022
vn 0.9854 -0.1653 0.0415
vn 0.6853 -0.7160 0.1329
vn -0.6995 0.5624 0.4409
vn -0.7012 0.6026 0.3812
vn -0.7000 0.6426 0.3115
vn -0.7062 0.6676 0.2358
vn -0.7131 0.6838 0.1545
vn -0.7286 0.6673 0.1545
vn -0.7651 0.6398 0.0720
vn -0.8753 0.4814 0.0459
vn -0.8747 0.4847 -0.0022
vn -0.9822 0.1877 -0.0022
vn 0.9759 0.2172 -0.0197
vn -0.7300 0.6792 0.0764
vn -0.7633 0.6460 -0.0022
vn 0.9701 0.2391 -0.0415
vn 0.9648 0.2540 -0.0677
vn -0.7144 0.6956 0.0764
vn -0.7079 0.6892 0.1545
vn -0.7011 0.6730 0.2359
vn -0.6907 0.6506 0.3157
vn -0.6888 0.6141 0.3852
vn -0.6904 0.5705 0.4448
vn 0.9622 0.2539 -0.0982
vn 0.9617 0.2466 -0.1199
vn 0.9574 0.2465 -0.1502
vn 0.9631 0.2171 -0.1588
vn 0.9624 0.2318 -0.1415
vn -0.6864 0.6864 0.2401
vn -0.6968 0.6995 0.1588
vn -0.7090 0.7010 0.0764
vn -0.7177 0.6963 -0.0022
vn -0.7281 0.6854 0.0022
vn -0.7300 0.6791 -0.0764
vn 0.9567 0.2612 -0.1285
vn -0.7651 0.6398 -0.0720
vn 0.9229 0.3332 -0.1932
vn 0.9647 0.2246 -0.1372
vn -0.7144 0.6956 -0.0764
vn -0.7071 0.7071 -0.0022
vn -0.6981 0.7114 0.0807
vn -0.6860 0.7101 0.1588
vn -0.6550 0.7150 0.2444
vn 0.9655 0.2098 -0.1545
vn -0.6487 0.7434 0.1631
vn 0.9649 0.2024 -0.1674
vn 0.9626 0.2097 -0.1717
vn -0.6872 0.7219 0.0807
vn 0.9590 0.2319 -0.1631
vn -0.6963 0.7177 -0.0022
vn -0.7090 0.7010 -0.0764
vn -0.7131 0.6838 -0.1545
vn -0.7286 0.6673 -0.1545
vn -0.8753 0.4814 -0.0459
vn -0.8701 -0.4812 -0.1068
vn 0.9226 0.3260 -0.2061
vn 0.7840 0.5528 -0.2823
vn -0.8616 -0.4643 -0.2049
vn -0.9808 0.1951 -0.0022
vn 0.7893 0.5595 -0.2528
vn 0.7902 0.5787 -0.2018
vn -0.8549 -0.4297 -0.2907
vn 0.9592 0.2245 -0.1717
vn 0.2557 0.9481 -0.1889
vn 0.2574 0.9242 -0.2823
vn 0.2535 0.8975 -0.3609
vn 0.2534 0.8874 -0.3852
vn 0.7811 0.5591 -0.2781
vn 0.9279 0.3189 -0.1932
vn 0.9430 0.2901 -0.1631
vn 0.9586 0.2539 -0.1285
vn -0.6864 0.6864 -0.2401
vn -0.6874 0.6541 -0.3157
vn -0.7000 0.6426 -0.3115
vn 0.9700 0.2244 -0.0938
vn -0.7030 0.6003 -0.3812
vn 0.9679 0.1947 -0.1587
vn -0.6888 0.6141 -0.3852
vn -0.6922 0.5683 -0.4448
vn 0.9677 0.2027 -0.1499
vn 0.9687 0.2098 -0.1329
vn 0.9659 0.2318 -0.1156
vn 0.9646 0.2464 -0.0938
vn 0.9689 0.2391 -0.0633
vn 0.9755 0.2171 -0.0371
vn -0.6995 0.5624 -0.4409
vn -0.7043 0.5565 -0.4409
vn 0.9952 0.0980 -0.0022
vn 0.9860 -0.1279 0.1069
vn 0.9857 -0.1505 0.0762
vn -0.7079 0.5946 -0.3813
vn -0.7051 0.6370 -0.3115
vn 0.9944 0.1055 -0.0109
vn -0.7010 0.6730 -0.2359
vn -0.6860 0.7100 -0.1588
vn 0.9744 0.2171 -0.0589
vn -0.6838 0.7252 -0.0807
vn -0.6854 0.7281 0.0022
vn -0.7001 0.7095 -0.0807
vn -0.6968 0.6995 -0.1587
vn 0.9686 0.2319 -0.0894
vn -0.7062 0.6675 -0.2359
vn 0.9681 0.2246 -0.1112
vn -0.7079 0.6892 -0.1545
vn 0.9714 0.2024 -0.1242
vn 0.9712 0.1951 -0.1371
vn 0.9692 0.1950 -0.1502
vn -0.7173 0.6572 -0.2316
vn -0.7143 0.6286 -0.3076
vn -0.7151 0.5886 -0.3771
vn -0.7132 0.5481 -0.4370
vn 0.9834 0.1728 -0.0546
vn 0.9889 0.1429 -0.0415
vn -0.7262 0.6488 -0.2274
vn -0.7232 0.6205 -0.3032
vn -0.7240 0.5801 -0.3732
vn -0.7199 0.5455 -0.4291
vn 0.9909 0.1279 -0.0415
vn 0.9724 0.2098 -0.1025
vn 0.9922 0.1205 -0.0328
vn 0.9852 -0.0829 0.1502
vn 0.9866 -0.1055 0.1242
vn 0.9934 0.1130 -0.0197
vn -0.7211 0.5071 -0.4720
vn -0.7211 0.4810 -0.4987
vn 0.9744 0.2096 -0.0809
vn -0.7143 0.5096 -0.4797
vn -0.7047 0.5157 -0.4873
vn -0.7002 0.5218 -0.4873
vn -0.6910 0.5338 -0.4874
vn -0.6958 0.5018 -0.5138
vn -0.6992 0.4893 -0.5213
vn -0.7062 0.4832 -0.5176
vn -0.7131 0.4770 -0.5138
vn 0.6734 -0.5815 0.4565
vn 0.6759 -0.6426 0.3609
vn 0.6821 -0.6861 0.2528
vn 0.3772 -0.9117 0.1631
vn 0.2534 -0.9115 0.3239
vn 0.2610 -0.9499 0.1717
vn 0.3710 -0.8734 0.3156
vn 0.3594 -0.8182 0.4487
vn 0.2440 -0.8535 0.4604
vn -0.6568 -0.0000 -0.7541
vn -0.6761 -0.1756 -0.7156
vn -0.8249 -0.0000 -0.5653
vn -0.8483 -0.1279 -0.5138
vn 0.3592 -0.7453 0.5617
vn -0.9101 0.0302 -0.4133
vn 0.2612 -0.9653 0.0022
vn -0.8747 0.1391 -0.4643
vn -0.7505 0.1575 -0.6419
vn -0.4583 -0.0114 -0.8887
vn -0.3851 -0.3078 -0.8700
vn -0.3672 -0.4951 -0.7874
vn -0.6835 -0.3219 -0.6552
vn -0.8641 -0.2279 -0.4487
vn -0.9307 -0.0604 -0.3609
vn -0.9558 0.1168 -0.2697
vn -0.9309 0.1840 -0.3157
vn -0.8911 0.2752 -0.3609
vn -0.7956 0.2958 -0.5287
vn -0.8132 0.4215 -0.4013
vn -0.6464 0.4920 -0.5832
vn -0.5796 0.2947 -0.7598
vn 0.6714 -0.4999 0.5471
vn 0.9826 -0.0453 0.1803
vn 0.9772 0.0302 0.2103
vn 0.9626 0.1653 0.2146
vn -0.8506 0.4838 -0.2061
vn -0.8892 0.4306 -0.1545
vn -0.9161 0.3825 -0.1199
vn -0.9348 0.3438 -0.0894
vn -0.9751 0.0566 -0.2146
vn -0.9454 -0.1392 -0.2948
vn -0.8716 -0.3181 -0.3731
vn 0.9283 0.3401 0.1502
vn -0.6869 -0.4431 -0.5761
vn -0.3580 -0.6352 -0.6844
vn -0.0548 -0.6995 -0.7125
vn -0.0679 -0.5594 -0.8261
vn -0.1152 -0.3398 -0.9334
vn -0.2295 0.0038 -0.9733
vn -0.3642 0.3909 -0.8453
vn -0.4545 0.6512 -0.6078
vn 0.8812 0.4710 0.0415
vn -0.6718 0.6277 -0.3933
vn -0.7947 0.5438 -0.2697
vn -0.6666 0.7253 -0.1717
vn -0.6854 0.7281 -0.0022
vn -0.7039 0.7066 0.0720
vn -0.7152 0.6926 0.0938
vn -0.7245 0.6845 0.0808
vn -0.9493 0.3081 -0.0633
vn 0.8356 0.5427 -0.0851
vn -0.9880 -0.0000 -0.1545
vn -0.9563 -0.1986 -0.2146
vn -0.8770 -0.3888 -0.2823
vn -0.6855 -0.6228 -0.3771
vn -0.6844 -0.5458 -0.4835
vn -0.3508 -0.7383 -0.5760
vn -0.0472 -0.8006 -0.5973
vn 0.1484 -0.7934 -0.5903
vn 0.7934 0.5727 -0.2061
vn 0.1388 -0.7004 -0.7001
vn 0.1238 -0.5571 -0.8212
vn 0.0880 -0.3395 -0.9365
vn -0.0130 0.0277 -0.9995
vn -0.1650 0.4565 -0.8743
vn -0.2720 0.7517 -0.6008
vn -0.4932 0.7988 -0.3445
vn 0.2481 0.9100 -0.3322
vn 0.2576 0.9538 -0.1545
vn 0.3009 0.9455 0.1242
vn -0.4943 0.8663 -0.0720
vn -0.4840 0.8635 0.1415
vn -0.4733 0.8499 0.2316
vn -0.4700 0.8494 0.2401
vn -0.4686 0.8620 0.1932
vn -0.7393 0.6712 0.0546
vn -0.9606 0.2756 -0.0371
vn 0.3923 0.8177 0.4212
vn -0.9950 -0.0339 -0.0938
vn -0.9612 -0.2393 -0.1372
vn -0.8836 -0.4303 -0.1846
vn -0.6913 -0.6753 -0.2571
vn -0.3468 -0.8817 -0.3198
vn -0.3457 -0.8198 -0.4565
vn -0.0377 -0.8787 -0.4759
vn 0.1559 -0.8698 -0.4681
vn 0.5212 0.5226 0.6747
vn 0.2283 -0.6830 -0.6938
vn 0.2177 -0.5429 -0.8111
vn 0.1811 -0.3238 -0.9286
vn 0.0932 0.0371 -0.9950
vn -0.0471 0.4870 -0.8721
vn -0.1686 0.7921 -0.5867
vn -0.3203 0.9003 -0.2948
vn 0.6205 0.1273 0.7738
vn -0.3333 0.9428 0.0066
vn -0.3131 0.9221 0.2273
vn -0.2987 0.9021 0.3115
vn -0.2897 0.9064 0.3074
vn -0.2917 0.9248 0.2444
vn -0.4761 0.8699 0.1285
vn -0.7481 0.6628 0.0328
vn -0.9652 0.2612 -0.0153
vn 0.6614 -0.1935 0.7246
vn -0.9977 -0.0528 -0.0415
vn -0.9642 -0.2573 -0.0633
vn -0.8863 -0.4544 -0.0895
vn -0.6939 -0.7086 -0.1285
vn -0.3455 -0.9241 -0.1631
vn -0.0245 -0.9841 -0.1760
vn -0.0302 -0.9413 -0.3363
vn 0.6681 -0.3821 0.6385
vn 0.1671 -0.9283 -0.3322
vn 0.2518 -0.9119 -0.3239
vn 0.3563 -0.6497 0.6715
vn 0.2134 -0.5446 0.8111
vn 0.2297 -0.6825 0.6939
vn 0.3506 -0.5070 0.7874
vn 0.1727 -0.9699 -0.1717
vn 0.3349 -0.2897 0.8966
vn 0.1803 -0.9836 -0.0022
vn -0.0226 -0.9997 -0.0022
vn 0.1834 -0.3226 0.9286
vn 0.1727 -0.9699 0.1717
vn 0.2702 0.0743 0.9599
vn 0.2360 -0.7800 0.5796
vn -0.3475 -0.9377 0.0022
vn -0.6964 -0.7177 -0.0022
vn -0.8855 -0.4647 0.0022
vn -0.9633 -0.2685 0.0022
vn -0.9982 -0.0604 -0.0022
vn -0.9672 0.2540 -0.0022
vn -0.7583 0.6517 0.0153
vn -0.4876 0.8697 0.0764
vn -0.2936 0.9426 0.1588
vn -0.2095 0.9422 0.2613
vn -0.2078 0.9200 0.3322
vn -0.2187 0.9145 0.3404
vn -0.2389 0.9352 0.2613
vn -0.2485 0.9675 0.0458
vn -0.2282 0.9367 -0.2655
vn 0.1432 0.5186 0.8430
vn 0.0132 0.8345 0.5508
vn -0.2097 0.9626 0.1717
vn -0.2955 0.9511 0.0895
vn -0.2152 0.9720 0.0938
vn -0.3045 0.9518 0.0371
vn -0.2171 0.9754 0.0371
vn -0.0603 0.9729 0.2231
vn -0.0961 0.9917 -0.0851
vn -0.4975 0.8668 0.0328
vn -0.0999 0.9503 -0.2949
vn -0.0998 0.9257 -0.3650
vn -0.4978 0.8673 0.0022
vn -0.3047 0.9524 0.0022
vn -0.4976 0.8668 -0.0328
vn -0.3045 0.9518 -0.0371
vn -0.2246 0.9744 -0.0022
vn -0.2171 0.9754 -0.0371
vn -0.0980 0.9321 -0.3486
vn -0.0979 0.9568 -0.2739
vn -0.0999 0.9793 -0.1760
vn -0.7583 0.6517 -0.0153
vn -0.0980 0.9903 -0.0982
vn -0.1055 0.9937 -0.0371
vn -0.1055 0.9944 0.0022
vn -0.1054 0.9937 0.0371
vn -0.9652 0.2612 0.0153
vn -0.9977 -0.0528 0.0415
vn -0.9642 -0.2574 0.0633
vn -0.8863 -0.4544 0.0895
vn -0.6939 -0.7086 0.1285
vn -0.3455 -0.9241 0.1631
vn -0.0245 -0.9841 0.1760
vn -0.0980 0.9903 0.0980
vn 0.1671 -0.9283 0.3322
vn 0.1576 -0.8695 0.4681
vn -0.0999 0.9793 0.1760
vn -0.0960 0.9569 0.2740
vn -0.0302 -0.9413 0.3363
vn -0.0980 0.9321 0.3486
vn -0.3447 -0.8826 0.3198
vn -0.6946 -0.6719 0.2571
vn -0.8836 -0.4303 0.1846
vn -0.9604 -0.2427 0.1372
vn -0.9950 -0.0339 0.0938
vn -0.9606 0.2756 0.0371
vn -0.7481 0.6628 -0.0328
vn -0.4876 0.8697 -0.0764
vn -0.2956 0.9511 -0.0895
vn -0.0998 0.9256 0.3650
vn -0.2152 0.9720 -0.0938
vn -0.2935 0.9427 -0.1588
vn -0.2097 0.9626 -0.1718
vn -0.1054 0.9497 0.2949
vn -0.0961 0.9917 0.0851
vn -0.4761 0.8700 -0.1285
vn -0.7393 0.6712 -0.0546
vn -0.9493 0.3080 0.0633
vn -0.9880 -0.0000 0.1545
vn -0.9563 -0.1986 0.2146
vn -0.8787 -0.3849 0.2823
vn -0.6855 -0.6228 0.3771
vn -0.3435 -0.8207 0.4565
vn -0.0377 -0.8787 0.4759
vn -0.0623 0.9728 -0.2231
vn 0.1502 -0.7931 0.5903
vn 0.1405 -0.7001 0.7001
vn 0.0189 0.8344 -0.5508
vn 0.1401 0.5194 -0.8430
vn -0.0452 -0.8007 0.5973
vn 0.2701 0.0746 -0.9599
vn -0.3486 -0.7393 0.5761
vn -0.6872 -0.5422 0.4835
vn -0.8704 -0.3213 0.3731
vn -0.9459 -0.1353 0.2948
vn -0.9751 0.0566 0.2146
vn -0.9348 0.3438 0.0894
vn -0.7265 0.6824 -0.0807
vn -0.4708 0.8608 -0.1932
vn -0.2917 0.9247 -0.2444
vn -0.2043 0.9434 -0.2613
vn -0.2897 0.9064 -0.3074
vn -0.2078 0.9200 -0.3322
vn 0.3338 -0.2910 -0.8966
vn 0.3487 -0.5083 -0.7874
vn -0.4700 0.8494 -0.2401
vn -0.7152 0.6926 -0.0938
vn -0.9161 0.3826 0.1199
vn -0.9563 0.1129 0.2697
vn -0.9304 -0.0641 0.3609
vn -0.8632 -0.2313 0.4487
vn -0.6852 -0.4457 0.5761
vn -0.3536 -0.6376 0.6844
vn -0.0508 -0.6998 0.7125
vn 0.1270 -0.5564 0.8212
vn 0.1833 -0.3226 0.9286
vn 0.0911 -0.3386 0.9365
vn 0.0936 0.0362 0.9950
vn -0.0471 0.4870 -0.8722
vn -0.0714 -0.5590 0.8261
vn -0.3629 -0.4982 0.7874
vn -0.6853 -0.3180 0.6552
vn -0.8489 -0.1239 0.5138
vn -0.9101 0.0302 0.4133
vn -0.9302 0.1874 0.3157
vn -0.8892 0.4306 0.1545
vn -0.7039 0.7066 -0.0720
vn -0.4755 0.8487 -0.2316
vn -0.2986 0.9021 -0.3115
vn -0.2208 0.9140 -0.3404
vn -0.3152 0.9214 -0.2274
vn -0.2337 0.9365 -0.2613
vn -0.2485 0.9675 0.0459
vn -0.4840 0.8635 -0.1415
vn -0.8527 0.4800 0.2061
vn -0.8923 0.2713 0.3609
vn -0.8741 0.1427 0.4643
vn -0.8249 0.0038 0.5653
vn -0.6771 -0.1717 0.7156
vn -0.3833 -0.3101 0.8700
vn -0.1180 -0.3389 0.9334
vn -0.0153 0.0265 0.9995
vn -0.0451 0.4871 0.8722
vn -0.1607 0.4580 0.8743
vn -0.1665 0.7925 0.5867
vn -0.2294 0.0075 0.9733
vn -0.4583 -0.0113 0.8887
vn -0.6568 -0.0038 0.7541
vn -0.7498 0.1609 0.6419
vn -0.7944 0.2990 0.5287
vn -0.8152 0.4177 0.4013
vn -0.7972 0.5401 0.2697
vn -0.6666 0.7253 0.1717
vn -0.6698 0.6298 0.3933
vn -0.6491 0.4884 0.5832
vn -0.5815 0.2908 0.7598
vn -0.3656 0.3896 0.8453
vn -0.2699 0.7525 0.6008
vn -0.2261 0.9372 0.2655
vn -0.3252 0.8985 0.2949
vn -0.2485 0.9675 -0.0459
vn -0.2171 0.9755 -0.0371
vn -0.2152 0.9721 -0.0938
vn -0.4564 0.6499 0.6077
vn -0.2097 0.9626 -0.1717
vn -0.4909 0.8002 0.3446
vn -0.3333 0.9428 -0.0065
vn -0.4943 0.8663 0.0720
vn -0.2485 0.9676 -0.0458
vn 0.0936 0.0363 0.9949
vt 0.520225 0.804041
vt 0.510601 0.811684
vt 0.495852 0.761717
vt 0.500351 0.814871
vt 0.844906 0.950460
vt 0.863575 0.950460
vt 0.863575 0.964113
vt 0.489759 0.813431
vt 0.844906 0.964113
vt 0.478996 0.807537
vt 0.826178 0.950460
vt 0.468689 0.797701
vt 0.826178 0.964113
vt 0.459749 0.784576
vt 0.805612 0.950460
vt 0.453542 0.769154
vt 0.805612 0.964113
vt 0.451435 0.752670
vt 0.782676 0.950460
vt 0.454396 0.736631
vt 0.782676 0.964113
vt 0.462653 0.722786
vt 0.757784 0.950460
vt 0.475580 0.712985
vt 0.757784 0.964113
vt 0.491354 0.708564
vt 0.732062 0.950460
vt 0.507640 0.710243
vt 0.732062 0.964113
vt 0.522047 0.717748
vt 0.706281 0.950460
vt 0.532525 0.730017
vt 0.706281 0.964113
vt 0.538106 0.745336
vt 0.680737 0.950460
vt 0.538789 0.761923
vt 0.680737 0.964113
vt 0.535315 0.778167
vt 0.655015 0.950460
vt 0.528710 0.792595
vt 0.655015 0.964113
vt 0.628760 0.950460
vt 0.628760 0.964113
vt 0.601971 0.950460
vt 0.464646 0.926352
vt 0.482356 0.880944
vt 0.475124 0.932521
vt 0.485602 0.934200
vt 0.601971 0.964113
vt 0.495795 0.931253
vt 0.575242 0.950460
vt 0.505419 0.923851
vt 0.575242 0.964113
vt 0.514132 0.912576
vt 0.548986 0.950460
vt 0.520965 0.898319
vt 0.548986 0.964113
vt 0.524837 0.882178
vt 0.523324 0.950460
vt 0.524553 0.865557
vt 0.523324 0.964113
vt 0.519371 0.850101
vt 0.497780 0.950460
vt 0.509234 0.837626
vt 0.497780 0.964113
vt 0.495169 0.829778
vt 0.472058 0.950460
vt 0.479053 0.827722
vt 0.472058 0.964113
vt 0.463336 0.831732
vt 0.446395 0.950460
vt 0.450296 0.841259
vt 0.446395 0.964113
vt 0.441811 0.854864
vt 0.421563 0.950460
vt 0.438508 0.870834
vt 0.421563 0.964113
vt 0.440274 0.887353
vt 0.398626 0.950460
vt 0.446139 0.902911
vt 0.398626 0.964113
vt 0.454681 0.916243
vt 0.378120 0.950460
vt 0.378120 0.964113
vt 0.585791 0.045198
vt 0.588221 0.088749
vt 0.575775 0.085218
vt 0.563566 0.078509
vt 0.367839 0.989273
vt 0.367839 0.975565
vt 0.386688 0.989273
vt 0.386688 0.975565
vt 0.408669 0.989273
vt 0.408669 0.975565
vt 0.433098 0.989273
vt 0.433098 0.975565
vt 0.458724 0.989273
vt 0.458724 0.975565
vt 0.484406 0.989273
vt 0.484406 0.975565
vt 0.509576 0.989273
vt 0.509576 0.975565
vt 0.534404 0.989273
vt 0.534404 0.975565
vt 0.559403 0.989273
vt 0.559403 0.975565
vt 0.584573 0.989273
vt 0.584573 0.975565
vt 0.609800 0.989273
vt 0.609800 0.975565
vt 0.634799 0.989273
vt 0.634799 0.975565
vt 0.659627 0.989273
vt 0.659627 0.975565
vt 0.684797 0.989273
vt 0.684797 0.975565
vt 0.710479 0.989273
vt 0.710479 0.975565
vt 0.736105 0.989273
vt 0.736105 0.975565
vt 0.760591 0.989273
vt 0.760591 0.975565
vt 0.782572 0.989273
vt 0.782572 0.975565
vt 0.801421 0.989273
vt 0.801421 0.975565
vt 0.817878 0.989273
vt 0.817878 0.975565
vt 0.834279 0.989273
vt 0.834279 0.975565
vt 0.552839 0.068621
vt 0.545193 0.056380
vt 0.541874 0.042373
vt 0.543712 0.028014
vt 0.862315 0.373276
vt 0.856800 0.362954
vt 0.864153 0.373088
vt 0.861715 0.362954
vt 0.866066 0.373088
vt 0.866742 0.362954
vt 0.550646 0.015066
vt 0.867942 0.373088
vt 0.561966 0.005297
vt 0.865916 0.384160
vt 0.575953 0.000000
vt 0.860589 0.373463
vt 0.590651 0.000000
vt 0.604105 0.005179
vt 0.614832 0.014713
vt 0.622063 0.027307
vt 0.857701 0.374965
vt 0.847984 0.364455
vt 0.859014 0.374026
vt 0.852223 0.363329
vt 0.625619 0.041432
vt 0.857438 0.356948
vt 0.625796 0.055439
vt 0.852599 0.356198
vt 0.847947 0.355822
vt 0.851323 0.346626
vt 0.843408 0.355447
vt 0.622952 0.068033
vt 0.847159 0.346251
vt 0.855000 0.336305
vt 0.851361 0.336117
vt 0.856012 0.326170
vt 0.852223 0.326546
vt 0.854812 0.315849
vt 0.850760 0.316224
vt 0.617440 0.078155
vt 0.609676 0.085218
vt 0.599778 0.088749
vt 0.486697 0.605116
vt 0.531266 0.622536
vt 0.525991 0.636426
vt 0.533340 0.606529
vt 0.531443 0.590050
vt 0.525043 0.574631
vt 0.843783 0.366332
vt 0.514138 0.562154
vt 0.499439 0.554268
vt 0.482548 0.552149
vt 0.465598 0.556151
vt 0.451078 0.565803
vt 0.441002 0.579457
vt 0.436676 0.595582
vt 0.438217 0.612061
vt 0.859651 0.325983
vt 0.445032 0.627245
vt 0.858376 0.336680
vt 0.855412 0.347377
vt 0.861827 0.337243
vt 0.455760 0.639957
vt 0.859614 0.347940
vt 0.468739 0.649491
vt 0.482548 0.655140
vt 0.495824 0.656788
vt 0.507855 0.654199
vt 0.517990 0.647254
vt 0.863365 0.325983
vt 0.863403 0.315849
vt 0.859014 0.315661
vt 0.853311 0.306090
vt 0.848997 0.306840
vt 0.846971 0.296519
vt 0.851436 0.296331
vt 0.852636 0.286760
vt 0.848359 0.286009
vt 0.856500 0.277939
vt 0.852524 0.276813
vt 0.859164 0.268368
vt 0.855300 0.267617
vt 0.860777 0.258797
vt 0.857100 0.258609
vt 0.860627 0.247912
vt 0.857025 0.247724
vt 0.860964 0.236464
vt 0.857213 0.236277
vt 0.860514 0.226142
vt 0.856463 0.226142
vt 0.858976 0.216196
vt 0.854774 0.216759
vt 0.864603 0.226142
vt 0.864716 0.236464
vt 0.864228 0.248100
vt 0.864416 0.258985
vt 0.863215 0.268743
vt 0.868242 0.258985
vt 0.868055 0.248100
vt 0.868580 0.236652
vt 0.868842 0.226330
vt 0.867830 0.216008
vt 0.863290 0.216008
vt 0.856275 0.206625
vt 0.851886 0.207188
vt 0.850873 0.196678
vt 0.855375 0.196866
vt 0.857063 0.186732
vt 0.852711 0.185793
vt 0.859051 0.177160
vt 0.854774 0.176222
vt 0.861039 0.167777
vt 0.857025 0.167589
vt 0.862052 0.156892
vt 0.858338 0.157267
vt 0.862240 0.146383
vt 0.858526 0.146570
vt 0.861114 0.136061
vt 0.857400 0.136248
vt 0.858939 0.126114
vt 0.855000 0.127428
vt 0.854062 0.118607
vt 0.849973 0.119921
vt 0.863028 0.125364
vt 0.864828 0.135685
vt 0.865691 0.146383
vt 0.865654 0.156892
vt 0.865091 0.168152
vt 0.869405 0.156892
vt 0.869255 0.146195
vt 0.868692 0.135498
vt 0.867342 0.124801
vt 0.863103 0.116168
vt 0.858263 0.117294
vt 0.852561 0.109787
vt 0.848359 0.109599
vt 0.851248 0.099090
vt 0.855525 0.099653
vt 0.857438 0.089519
vt 0.853461 0.089519
vt 0.858038 0.077883
vt 0.854474 0.078258
vt 0.856988 0.067561
vt 0.853311 0.068500
vt 0.854212 0.057990
vt 0.850160 0.058365
vt 0.851323 0.046918
vt 0.847046 0.047668
vt 0.848322 0.038660
vt 0.843858 0.039411
vt 0.847759 0.029464
vt 0.843370 0.029089
vt 0.852674 0.018392
vt 0.849185 0.016703
vt 0.858563 0.006756
vt 0.860439 0.008445
vt 0.870906 0.000000
vt 0.862502 0.009759
vt 0.856313 0.019705
vt 0.852298 0.029840
vt 0.852974 0.038097
vt 0.855787 0.046354
vt 0.858301 0.057427
vt 0.860514 0.066998
vt 0.862540 0.057052
vt 0.860477 0.045791
vt 0.858076 0.037534
vt 0.857363 0.030215
vt 0.860214 0.020831
vt 0.864716 0.010697
vt 0.867042 0.011636
vt 0.864378 0.021770
vt 0.862990 0.030778
vt 0.863628 0.037159
vt 0.865354 0.045604
vt 0.866967 0.056864
vt 0.864153 0.066623
vt 0.861490 0.077695
vt 0.861415 0.089519
vt 0.865091 0.077508
vt 0.868880 0.077132
vt 0.867905 0.066435
vt 0.871619 0.066435
vt 0.871431 0.056864
vt 0.870418 0.045791
vt 0.869443 0.037159
vt 0.868917 0.031153
vt 0.868767 0.022333
vt 0.869255 0.012386
vt 0.871393 0.012949
vt 0.873532 0.013325
vt 0.872931 0.022708
vt 0.876720 0.022708
vt 0.874770 0.031341
vt 0.875145 0.037534
vt 0.865579 0.089331
vt 0.880022 0.031153
vt 0.880247 0.022145
vt 0.875633 0.012949
vt 0.877808 0.012011
vt 0.879947 0.010322
vt 0.887187 0.019142
vt 0.883698 0.021019
vt 0.892814 0.028901
vt 0.888725 0.029840
vt 0.884599 0.030590
vt 0.880359 0.037909
vt 0.875257 0.045979
vt 0.875820 0.057239
vt 0.879797 0.046354
vt 0.885049 0.038097
vt 0.889400 0.037909
vt 0.893752 0.037722
vt 0.888237 0.046354
vt 0.884036 0.046354
vt 0.879984 0.057802
vt 0.875295 0.066435
vt 0.876495 0.076382
vt 0.878896 0.066623
vt 0.883923 0.057990
vt 0.887900 0.057990
vt 0.886437 0.067186
vt 0.882460 0.066998
vt 0.887225 0.074693
vt 0.883511 0.075256
vt 0.886212 0.085953
vt 0.882498 0.086516
vt 0.880059 0.075819
vt 0.878559 0.087267
vt 0.872744 0.076945
vt 0.869930 0.088956
vt 0.874320 0.088205
vt 0.879759 0.098339
vt 0.884298 0.097776
vt 0.888463 0.097213
vt 0.887562 0.108098
vt 0.881710 0.108849
vt 0.881297 0.114854
vt 0.874957 0.109412
vt 0.874845 0.099090
vt 0.869705 0.099840
vt 0.864678 0.100028
vt 0.859951 0.100028
vt 0.856838 0.109599
vt 0.861865 0.109599
vt 0.868055 0.109599
vt 0.875070 0.114666
vt 0.880997 0.124988
vt 0.886924 0.115417
vt 0.892139 0.107535
vt 0.892477 0.096650
vt 0.889926 0.085578
vt 0.891726 0.073942
vt 0.893977 0.084827
vt 0.896678 0.095712
vt 0.898366 0.083701
vt 0.896978 0.072816
vt 0.891276 0.067561
vt 0.892214 0.058178
vt 0.892664 0.046542
vt 0.897278 0.046542
vt 0.896791 0.058365
vt 0.896828 0.067749
vt 0.902456 0.072065
vt 0.902493 0.066998
vt 0.901480 0.058365
vt 0.907708 0.066060
vt 0.907557 0.071502
vt 0.912172 0.065309
vt 0.910146 0.058553
vt 0.905944 0.058365
vt 0.910596 0.047105
vt 0.901893 0.046730
vt 0.898141 0.037346
vt 0.896866 0.027400
vt 0.890676 0.016890
vt 0.881973 0.008070
vt 0.883698 0.005630
vt 0.884936 0.003003
vt 0.896978 0.011260
vt 0.885536 0.000375
vt 0.899304 0.008257
vt 0.894015 0.014075
vt 0.900880 0.025898
vt 0.902531 0.036971
vt 0.906319 0.046730
vt 0.910971 0.035845
vt 0.906770 0.036408
vt 0.904931 0.024209
vt 0.908758 0.022145
vt 0.903243 0.362391
vt 0.896753 0.375340
vt 0.899529 0.361077
vt 0.894052 0.372525
vt 0.878634 0.381158
vt 0.877996 0.379844
vt 0.877021 0.378343
vt 0.905757 0.350755
vt 0.901705 0.350192
vt 0.909433 0.342685
vt 0.905082 0.341935
vt 0.909396 0.336492
vt 0.905082 0.336117
vt 0.910108 0.326733
vt 0.905982 0.325232
vt 0.913147 0.315473
vt 0.908946 0.313972
vt 0.916411 0.302336
vt 0.911947 0.301773
vt 0.916636 0.288636
vt 0.912359 0.289012
vt 0.914423 0.276063
vt 0.907445 0.301210
vt 0.904594 0.312846
vt 0.901705 0.324106
vt 0.900092 0.335366
vt 0.723932 0.557472
vt 0.723932 0.541244
vt 0.742491 0.541244
vt 0.742491 0.557472
vt 0.897316 0.322980
vt 0.900130 0.311720
vt 0.903018 0.300647
vt 0.723932 0.642956
vt 0.742491 0.642956
vt 0.705647 0.557472
vt 0.705647 0.541244
vt 0.895703 0.310594
vt 0.892964 0.321854
vt 0.894840 0.334240
vt 0.894165 0.339683
vt 0.899867 0.340809
vt 0.897466 0.349442
vt 0.705647 0.642956
vt 0.895815 0.359576
vt 0.723932 0.738954
vt 0.891051 0.370085
vt 0.742491 0.738954
vt 0.888050 0.368021
vt 0.875820 0.377029
vt 0.760995 0.738954
vt 0.874470 0.375715
vt 0.885011 0.365956
vt 0.760995 0.642956
vt 0.873007 0.374777
vt 0.871431 0.373839
vt 0.869743 0.373463
vt 0.760995 0.557472
vt 0.878821 0.363141
vt 0.881935 0.364267
vt 0.888125 0.357136
vt 0.892026 0.358262
vt 0.760995 0.541244
vt 0.563160 0.541244
vt 0.544656 0.557472
vt 0.544656 0.541244
vt 0.892927 0.348879
vt 0.563160 0.557472
vt 0.581554 0.541244
vt 0.544656 0.642956
vt 0.563160 0.738954
vt 0.544656 0.834837
vt 0.544656 0.738954
vt 0.563160 0.642956
vt 0.581554 0.557472
vt 0.599564 0.541244
vt 0.599564 0.557472
vt 0.581554 0.642956
vt 0.581554 0.738954
vt 0.563160 0.834837
vt 0.888463 0.348316
vt 0.888463 0.339307
vt 0.884261 0.348128
vt 0.883473 0.339307
vt 0.889776 0.332739
vt 0.885386 0.331425
vt 0.888838 0.320916
vt 0.563160 0.919864
vt 0.891389 0.309655
vt 0.544656 0.919864
vt 0.887150 0.309092
vt 0.544656 0.936092
vt 0.884936 0.320165
vt 0.881710 0.330487
vt 0.563160 0.936092
vt 0.879422 0.339120
vt 0.581554 0.919864
vt 0.880359 0.348128
vt 0.617355 0.738954
vt 0.599564 0.738954
vt 0.599564 0.642956
vt 0.876533 0.348128
vt 0.599564 0.834837
vt 0.875895 0.338744
vt 0.878296 0.329361
vt 0.881035 0.319227
vt 0.882835 0.308342
vt 0.581554 0.834837
vt 0.889851 0.298958
vt 0.894277 0.299521
vt 0.599564 0.919864
vt 0.898592 0.300084
vt 0.903356 0.289387
vt 0.907933 0.289387
vt 0.910259 0.277001
vt 0.908420 0.265365
vt 0.912509 0.264615
vt 0.617355 0.919864
vt 0.581554 0.936092
vt 0.599564 0.936092
vt 0.617355 0.936092
vt 0.905757 0.277752
vt 0.617355 0.834837
vt 0.901142 0.278315
vt 0.898779 0.289575
vt 0.896603 0.278690
vt 0.894315 0.289575
vt 0.892364 0.278878
vt 0.635090 0.919864
vt 0.895515 0.267242
vt 0.899717 0.266679
vt 0.904106 0.265928
vt 0.635090 0.936092
vt 0.652386 0.919864
vt 0.652386 0.936092
vt 0.635090 0.834837
vt 0.635090 0.738954
vt 0.617355 0.642956
vt 0.899980 0.256357
vt 0.617355 0.557472
vt 0.617355 0.541244
vt 0.909546 0.256170
vt 0.904856 0.256170
vt 0.635090 0.541244
vt 0.635090 0.557472
vt 0.635090 0.642956
vt 0.913747 0.256170
vt 0.915210 0.249226
vt 0.910971 0.249038
vt 0.914423 0.241344
vt 0.652386 0.557472
vt 0.723932 0.834837
vt 0.723932 0.919864
vt 0.705647 0.834837
vt 0.742491 0.919864
vt 0.742491 0.834837
vt 0.906094 0.248850
vt 0.652386 0.541244
vt 0.900655 0.248475
vt 0.895215 0.256733
vt 0.891689 0.267617
vt 0.888200 0.267617
vt 0.888425 0.278690
vt 0.889888 0.289387
vt 0.885049 0.289387
vt 0.670121 0.541244
vt 0.884974 0.298395
vt 0.670121 0.557472
vt 0.687802 0.541244
vt 0.687802 0.557472
vt 0.687802 0.642956
vt 0.705647 0.738954
vt 0.884524 0.278502
vt 0.884749 0.267617
vt 0.887262 0.257483
vt 0.890939 0.257296
vt 0.890451 0.248287
vt 0.895290 0.248475
vt 0.895928 0.239655
vt 0.900692 0.240218
vt 0.760995 0.834837
vt 0.760995 0.919864
vt 0.705647 0.919864
vt 0.742491 0.936092
vt 0.760995 0.936092
vt 0.723932 0.936092
vt 0.705647 0.936092
vt 0.891576 0.239092
vt 0.896678 0.228957
vt 0.900880 0.229708
vt 0.898104 0.218073
vt 0.687802 0.936092
vt 0.892814 0.228582
vt 0.887750 0.238904
vt 0.886512 0.248287
vt 0.883811 0.257671
vt 0.687802 0.919864
vt 0.670121 0.834837
vt 0.687802 0.738954
vt 0.687802 0.834837
vt 0.883023 0.248100
vt 0.884186 0.238529
vt 0.889213 0.228394
vt 0.885649 0.228394
vt 0.670121 0.919864
vt 0.890113 0.217510
vt 0.652386 0.834837
vt 0.670121 0.936092
vt 0.880472 0.237966
vt 0.879534 0.248100
vt 0.880134 0.258046
vt 0.880885 0.267993
vt 0.880209 0.278690
vt 0.879497 0.289199
vt 0.879346 0.297457
vt 0.878146 0.307591
vt 0.876908 0.318288
vt 0.874770 0.328235
vt 0.872444 0.338557
vt 0.872519 0.348316
vt 0.872069 0.356948
vt 0.876420 0.356385
vt 0.880434 0.356198
vt 0.884261 0.356573
vt 0.875407 0.362766
vt 0.652386 0.738954
vt 0.871431 0.362766
vt 0.867342 0.357511
vt 0.862427 0.357324
vt 0.652386 0.642956
vt 0.863890 0.348503
vt 0.670121 0.642956
vt 0.670121 0.738954
vt 0.868280 0.348503
vt 0.865354 0.337618
vt 0.867192 0.326358
vt 0.973160 0.161596
vt 0.978322 0.152454
vt 0.983648 0.153825
vt 0.868880 0.338181
vt 0.977059 0.165367
vt 0.871018 0.327296
vt 0.867980 0.316224
vt 0.965528 0.171996
vt 0.872519 0.317162
vt 0.980738 0.168910
vt 0.988864 0.155196
vt 0.983593 0.140568
vt 0.978322 0.142054
vt 0.973051 0.143539
vt 0.969262 0.136911
vt 0.973160 0.133140
vt 0.977004 0.129254
vt 0.867792 0.306090
vt 0.873044 0.306653
vt 0.873119 0.296894
vt 0.873532 0.289012
vt 0.875332 0.279065
vt 0.876608 0.268556
vt 0.876270 0.258609
vt 0.875820 0.248100
vt 0.876608 0.237403
vt 0.877583 0.227268
vt 0.988919 0.139197
vt 0.881785 0.227831
vt 0.886249 0.217510
vt 0.891764 0.206812
vt 0.893977 0.217697
vt 0.896228 0.207000
vt 0.900692 0.207375
vt 0.897504 0.197054
vt 0.892852 0.197054
vt 0.981067 0.125254
vt 0.887075 0.206812
vt 0.882048 0.217322
vt 0.877396 0.216571
vt 0.965693 0.122511
vt 0.964210 0.127768
vt 0.962673 0.133025
vt 0.955041 0.132911
vt 0.953833 0.127654
vt 0.952570 0.122283
vt 0.951307 0.117026
vt 0.967285 0.117254
vt 0.940929 0.128683
vt 0.876383 0.206249
vt 0.881898 0.206437
vt 0.887712 0.197054
vt 0.892139 0.187295
vt 0.896453 0.186919
vt 0.900767 0.186544
vt 0.902005 0.197054
vt 0.906545 0.197054
vt 0.905232 0.207938
vt 0.902493 0.218823
vt 0.905232 0.230834
vt 0.905569 0.240781
vt 0.910183 0.241156
vt 0.913710 0.232711
vt 0.909546 0.231772
vt 0.915548 0.222014
vt 0.944608 0.132683
vt 0.934066 0.140111
vt 0.948342 0.136568
vt 0.906957 0.219762
vt 0.911384 0.220700
vt 0.944333 0.143197
vt 0.909808 0.208501
vt 0.939117 0.141597
vt 0.933846 0.153596
vt 0.937360 0.124911
vt 0.929179 0.138625
vt 0.929014 0.154739
vt 0.918549 0.210190
vt 0.914235 0.209252
vt 0.920162 0.197617
vt 0.915698 0.197429
vt 0.918887 0.184104
vt 0.914348 0.184855
vt 0.915961 0.172281
vt 0.924457 0.155996
vt 0.933626 0.171996
vt 0.924457 0.137368
vt 0.911121 0.197241
vt 0.905232 0.185981
vt 0.933736 0.121254
vt 0.903056 0.175096
vt 0.898854 0.176034
vt 0.897278 0.165525
vt 0.894803 0.176597
vt 0.949934 0.111769
vt 0.968768 0.111769
vt 0.909771 0.185418
vt 0.911722 0.173219
vt 0.985075 0.121254
vt 0.907370 0.174158
vt 0.901518 0.164774
vt 0.994410 0.137711
vt 0.994190 0.156568
vt 0.984526 0.172682
vt 0.968109 0.181710
vt 0.958665 0.147311
vt 0.954876 0.143425
vt 0.957292 0.142054
vt 0.965583 0.140568
vt 0.960092 0.142168
vt 0.961300 0.138054
vt 0.962508 0.143539
vt 0.968054 0.144911
vt 0.966901 0.177024
vt 0.950758 0.176910
vt 0.910296 0.162898
vt 0.914460 0.162147
vt 0.949550 0.181481
vt 0.936921 0.168682
vt 0.905944 0.163836
vt 0.901368 0.154452
vt 0.940490 0.165253
vt 0.911159 0.153702
vt 0.938898 0.152339
vt 0.906395 0.154077
vt 0.944169 0.150968
vt 0.949275 0.144682
vt 0.949220 0.149711
vt 0.915436 0.153514
vt 0.948012 0.157825
vt 0.916261 0.146570
vt 0.911722 0.146570
vt 0.914123 0.139439
vt 0.944169 0.161596
vt 0.952076 0.172110
vt 0.906620 0.146383
vt 0.901218 0.146383
vt 0.896528 0.155015
vt 0.893377 0.166088
vt 0.889776 0.166276
vt 0.890901 0.176973
vt 0.887525 0.187670
vt 0.882010 0.197241
vt 0.876008 0.197241
vt 0.953393 0.166967
vt 0.954821 0.161825
vt 0.886887 0.177348
vt 0.882385 0.187858
vt 0.882535 0.177723
vt 0.877808 0.178474
vt 0.876908 0.188045
vt 0.871393 0.188045
vt 0.870118 0.197241
vt 0.870831 0.206249
vt 0.872594 0.216196
vt 0.873232 0.226518
vt 0.872594 0.237027
vt 0.871994 0.248100
vt 0.872256 0.258797
vt 0.872069 0.269119
vt 0.870268 0.279253
vt 0.951691 0.154168
vt 0.867454 0.288636
vt 0.866854 0.296519
vt 0.954821 0.151196
vt 0.862690 0.305714
vt 0.953393 0.148682
vt 0.857851 0.305902
vt 0.856012 0.296331
vt 0.953448 0.145939
vt 0.951911 0.140340
vt 0.956304 0.137940
vt 0.886099 0.166651
vt 0.968054 0.149825
vt 0.973051 0.151196
vt 0.969262 0.157825
vt 0.861077 0.296331
vt 0.964046 0.166967
vt 0.861865 0.288073
vt 0.962563 0.161710
vt 0.856988 0.287510
vt 0.956139 0.156796
vt 0.860702 0.278690
vt 0.957237 0.152568
vt 0.867529 0.269119
vt 0.865316 0.279065
vt 0.865541 0.206249
vt 0.864753 0.197054
vt 0.866216 0.187858
vt 0.872969 0.178662
vt 0.873644 0.168152
vt 0.877996 0.167589
vt 0.873307 0.156704
vt 0.877246 0.156517
vt 0.882198 0.167026
vt 0.963881 0.145939
vt 0.962508 0.151196
vt 0.963881 0.148796
vt 0.965583 0.154282
vt 0.961190 0.156796
vt 0.960037 0.152568
vt 0.869293 0.168152
vt 0.868130 0.178474
vt 0.861490 0.187295
vt 0.863478 0.177911
vt 0.872931 0.146007
vt 0.876645 0.146007
vt 0.881110 0.156141
vt 0.884824 0.155766
vt 0.888388 0.155766
vt 0.892177 0.155391
vt 0.891501 0.145820
vt 0.896078 0.146007
vt 0.900505 0.136999
vt 0.966077 0.005143
vt 0.967450 0.000000
vt 0.983867 0.009371
vt 0.872781 0.135310
vt 0.948781 0.000343
vt 0.949989 0.005028
vt 0.982495 0.028456
vt 0.976016 0.016914
vt 0.979914 0.013143
vt 0.987876 0.026971
vt 0.936097 0.013028
vt 0.932748 0.009714
vt 0.951252 0.010057
vt 0.964650 0.010057
vt 0.896003 0.136248
vt 0.993367 0.025599
vt 0.892026 0.135685
vt 0.896941 0.126114
vt 0.892814 0.125551
vt 0.899980 0.116918
vt 0.993367 0.044570
vt 0.901405 0.127053
vt 0.987821 0.042970
vt 0.983867 0.060799
vt 0.979859 0.056799
vt 0.967450 0.070055
vt 0.888500 0.135685
vt 0.887637 0.145820
vt 0.966077 0.064798
vt 0.884036 0.145820
vt 0.880397 0.145820
vt 0.876983 0.135310
vt 0.871844 0.124425
vt 0.948726 0.069941
vt 0.868805 0.115229
vt 0.950099 0.064913
vt 0.932638 0.060341
vt 0.936152 0.056913
vt 0.923523 0.044228
vt 0.884936 0.135685
vt 0.928081 0.043085
vt 0.889025 0.125364
vt 0.923578 0.025714
vt 0.928026 0.026971
vt 0.881110 0.135498
vt 0.876495 0.124613
vt 0.939611 0.016571
vt 0.932803 0.028228
vt 0.932858 0.041713
vt 0.939666 0.053256
vt 0.885199 0.125176
vt 0.891651 0.115980
vt 0.895815 0.116355
vt 0.951307 0.059770
vt 0.964540 0.059656
vt 0.896078 0.107160
vt 0.900092 0.106784
vt 0.975906 0.052913
vt 0.982440 0.041599
vt 0.904294 0.106221
vt 0.977169 0.029714
vt 0.904219 0.117294
vt 0.905982 0.127991
vt 0.905269 0.137937
vt 0.909921 0.138688
vt 0.972062 0.020685
vt 0.914685 0.130055
vt 0.910521 0.128929
vt 0.917049 0.118795
vt 0.963057 0.015314
vt 0.952515 0.015085
vt 0.908570 0.117857
vt 0.912885 0.118232
vt 0.908645 0.105846
vt 0.943235 0.020342
vt 0.913072 0.105283
vt 0.917349 0.104908
vt 0.913935 0.091020
vt 0.909846 0.092334
vt 0.911384 0.079947
vt 0.937854 0.029599
vt 0.937909 0.040228
vt 0.943345 0.049485
vt 0.901067 0.094586
vt 0.905494 0.093460
vt 0.952570 0.054513
vt 0.963057 0.054399
vt 0.972007 0.049142
vt 0.977114 0.040113
vt 0.902906 0.082387
vt 0.907295 0.081261
vt 0.971897 0.031085
vt 0.911834 0.070939
vt 0.968109 0.024457
vt 0.961520 0.020457
vt 0.953778 0.020342
vt 0.947024 0.024228
vt 0.943071 0.030971
vt 0.943126 0.038856
vt 0.947079 0.045485
vt 0.953833 0.049256
vt 0.961520 0.049142
vt 0.968109 0.045256
vt 0.859914 0.197054
vt 0.971843 0.038628
vt 0.860739 0.206249
vt 0.966901 0.032342
vt 0.964430 0.027999
vt 0.960092 0.025485
vt 0.080131 0.453650
vt 0.092693 0.465695
vt 0.078423 0.472849
vt 0.092571 0.496940
vt 0.072569 0.505993
vt 0.061348 0.480223
vt 0.955041 0.025371
vt 0.067203 0.454453
vt 0.080253 0.443137
vt 0.950648 0.027885
vt 0.099889 0.456278
vt 0.120136 0.478982
vt 0.109281 0.487961
vt 0.107207 0.527674
vt 0.948067 0.032342
vt 0.084278 0.536727
vt 0.061104 0.544684
vt 0.052567 0.514753
vt 0.045249 0.489713
vt 0.051591 0.460147
vt 0.038297 0.470513
vt 0.948122 0.037371
vt 0.044273 0.446204
vt 0.061104 0.440436
vt 0.950648 0.041828
vt 0.955096 0.044228
vt 0.960092 0.044228
vt 0.964430 0.041713
vt 0.031101 0.496721
vt 0.035004 0.521031
vt 0.040858 0.550378
vt 0.046957 0.582499
vt 0.966901 0.037371
vt 0.069154 0.577462
vt 0.094889 0.570454
vt 0.120379 0.562496
vt 0.126600 0.518622
vt 0.140138 0.510373
vt 0.150749 0.502123
vt 0.127819 0.469783
vt 0.103670 0.445985
vt 0.080009 0.432333
vt 0.057933 0.429705
vt 0.038785 0.436348
vt 0.962728 0.033485
vt 0.030735 0.458176
vt 0.030125 0.480661
vt 0.022076 0.475405
vt 0.961355 0.030971
vt 0.019758 0.497013
vt 0.021710 0.522710
vt 0.025857 0.552568
vt 0.030491 0.584543
vt 0.051591 0.614547
vt 0.958939 0.029599
vt 0.075740 0.610386
vt 0.103670 0.604765
vt 0.131600 0.598341
vt 0.155749 0.591990
vt 0.142455 0.554612
vt 0.158189 0.547312
vt 0.170995 0.540012
vt 0.181972 0.532711
vt 0.961355 0.038628
vt 0.159530 0.493947
vt 0.134040 0.461023
vt 0.106719 0.436932
vt 0.080009 0.423500
vt 0.055494 0.421529
vt 0.034638 0.429048
vt 0.957511 0.034856
vt 0.958939 0.039999
vt 0.956139 0.040113
vt 0.023661 0.450146
vt 0.953668 0.038742
vt 0.952240 0.036228
vt 0.952240 0.033485
vt 0.953668 0.030971
vt 0.013782 0.469710
vt 0.010001 0.493801
vt 0.010367 0.521688
vt 0.013050 0.552495
vt 0.016343 0.584762
vt 0.956084 0.029599
vt 0.033784 0.616372
vt 0.054884 0.646595
vt 0.080619 0.643675
vt 0.110500 0.639660
vt 0.140382 0.635134
vt 0.166116 0.630681
vt 0.185021 0.626666
vt 0.173434 0.586149
vt 0.187826 0.580309
vt 0.200510 0.574396
vt 0.962728 0.036228
vt 0.214414 0.618343
vt 0.200632 0.622505
vt 0.208804 0.666233
vt 0.192583 0.668350
vt 0.211731 0.710765
vt 0.226611 0.710765
vt 0.223196 0.757559
vt 0.223318 0.664043
vt 0.172946 0.670394
vt 0.145992 0.672730
vt 0.114769 0.675066
vt 0.083546 0.677183
vt 0.056714 0.678716
vt 0.035980 0.648055
vt 0.018783 0.616737
vt 0.003293 0.583959
vt 0.001220 0.551254
vt 0.000000 0.519644
vt 0.001342 0.490370
vt 0.006830 0.464819
vt 0.018051 0.443867
vt 0.004879 0.616226
vt 0.020246 0.648347
vt 0.005976 0.648055
vt 0.021100 0.679666
vt 0.006464 0.679519
vt 0.021222 0.710765
vt 0.006464 0.710765
vt 0.270100 0.872409
vt 0.277340 0.850242
vt 0.283238 0.880073
vt 0.274578 0.898467
vt 0.264650 0.890685
vt 0.037321 0.679447
vt 0.057324 0.710765
vt 0.261217 0.868518
vt 0.084400 0.710765
vt 0.116355 0.710765
vt 0.148066 0.710765
vt 0.175386 0.710765
vt 0.195144 0.710765
vt 0.267188 0.846115
vt 0.208804 0.755296
vt 0.214414 0.803259
vt 0.200510 0.799025
vt 0.200388 0.847206
vt 0.272862 0.821944
vt 0.284357 0.825835
vt 0.293091 0.857434
vt 0.037809 0.710765
vt 0.298540 0.889741
vt 0.286149 0.908371
vt 0.298839 0.916625
vt 0.313694 0.899528
vt 0.311380 0.866631
vt 0.302123 0.832320
vt 0.192583 0.753179
vt 0.289433 0.801192
vt 0.172946 0.751135
vt 0.145992 0.748872
vt 0.114769 0.746463
vt 0.083546 0.744346
vt 0.056714 0.742813
vt 0.037199 0.742083
vt 0.021100 0.741864
vt 0.276893 0.798008
vt 0.006464 0.742010
vt 0.020246 0.773182
vt 0.005976 0.773474
vt 0.279431 0.774308
vt 0.292867 0.776667
vt 0.309065 0.806498
vt 0.035980 0.773547
vt 0.054884 0.774934
vt 0.080497 0.777854
vt 0.110378 0.781942
vt 0.140382 0.786468
vt 0.166116 0.790921
vt 0.185021 0.794936
vt 0.322950 0.840455
vt 0.187826 0.841293
vt 0.181972 0.888818
vt 0.170873 0.881590
vt 0.159530 0.927582
vt 0.329220 0.876418
vt 0.326160 0.908371
vt 0.309364 0.923817
vt 0.173434 0.835453
vt 0.297570 0.930892
vt 0.155749 0.829540
vt 0.131600 0.823261
vt 0.103670 0.816837
vt 0.075740 0.811143
vt 0.051591 0.806982
vt 0.033784 0.805157
vt 0.018783 0.804792
vt 0.287343 0.928651
vt 0.004879 0.805303
vt 0.016343 0.836767
vt 0.003293 0.837570
vt 0.275773 0.921930
vt 0.267039 0.911790
vt 0.030369 0.836986
vt 0.046835 0.839103
vt 0.069154 0.844067
vt 0.094767 0.851148
vt 0.120379 0.859033
vt 0.142333 0.866990
vt 0.158189 0.874290
vt 0.262336 0.902593
vt 0.150627 0.919479
vt 0.257111 0.887973
vt 0.133918 0.960506
vt 0.127697 0.951746
vt 0.106719 0.984670
vt 0.256439 0.904716
vt 0.260619 0.919101
vt 0.140138 0.911229
vt 0.268905 0.930302
vt 0.126478 0.902907
vt 0.107085 0.893855
vt 0.084156 0.884803
vt 0.061104 0.876845
vt 0.040858 0.871151
vt 0.025857 0.868961
vt 0.013050 0.869034
vt 0.001220 0.870275
vt 0.010367 0.899841
vt 0.000000 0.901885
vt 0.280923 0.937141
vt 0.296226 0.937966
vt 0.021710 0.898819
vt 0.313918 0.930656
vt 0.035004 0.900498
vt 0.052567 0.906776
vt 0.072569 0.915537
vt 0.092571 0.924589
vt 0.109281 0.933568
vt 0.120014 0.942621
vt 0.103548 0.975545
vt 0.333326 0.914974
vt 0.079887 0.998029
vt 0.080009 0.989196
vt 0.055372 1.000000
vt 0.344075 0.885143
vt 0.343403 0.849063
vt 0.099889 0.965324
vt 0.332057 0.813218
vt 0.092571 0.955834
vt 0.078423 0.948753
vt 0.061226 0.941306
vt 0.045127 0.931816
vt 0.031101 0.924808
vt 0.019758 0.924516
vt 0.010001 0.927728
vt 0.313843 0.780440
vt 0.001342 0.931159
vt 0.013782 0.951819
vt 0.006708 0.956710
vt 0.294733 0.752142
vt 0.280774 0.750962
vt 0.022076 0.946125
vt 0.265845 0.772540
vt 0.030003 0.940868
vt 0.038175 0.951016
vt 0.264128 0.795650
vt 0.260993 0.819232
vt 0.030613 0.963353
vt 0.023539 0.971384
vt 0.017929 0.977589
vt 0.038785 0.985181
vt 0.034638 0.992481
vt 0.256365 0.843285
vt 0.251512 0.866395
vt 0.248153 0.888091
vt 0.044151 0.975399
vt 0.051469 0.961382
vt 0.248079 0.907546
vt 0.067203 0.967076
vt 0.080131 0.967879
vt 0.252931 0.924524
vt 0.262411 0.937848
vt 0.061104 0.981093
vt 0.057933 0.991824
vt 0.276071 0.946220
vt 0.080131 0.978392
vt 0.293912 0.947988
vt 0.315485 0.940560
vt 0.338775 0.923817
vt 0.353182 0.891274
vt 0.361393 0.899056
vt 0.364976 0.904834
vt 0.912298 0.912690
vt 0.914981 0.906411
vt 0.936935 0.907141
vt 0.917177 0.899476
vt 0.936447 0.900498
vt 0.386251 0.873941
vt 0.393715 0.879130
vt 0.381324 0.868871
vt 0.937057 0.913493
vt 0.371247 0.862151
vt 0.360497 0.856845
vt 0.885588 0.901447
vt 0.890710 0.895607
vt 0.895467 0.888964
vt 0.354824 0.820293
vt 0.866195 0.874655
vt 0.859121 0.879911
vt 0.834972 0.850491
vt 0.843754 0.845673
vt 0.814360 0.815961
vt 0.824483 0.811727
vt 0.797895 0.779168
vt 0.808994 0.775664
vt 0.785455 0.740477
vt 0.797285 0.737921
vt 0.777649 0.700398
vt 0.789845 0.699011
vt 0.774722 0.659590
vt 0.787040 0.659444
vt 0.776673 0.618708
vt 0.788992 0.619803
vt 0.783625 0.578484
vt 0.795578 0.580747
vt 0.795090 0.539574
vt 0.806311 0.542786
vt 0.810823 0.502342
vt 0.821068 0.506358
vt 0.830704 0.467374
vt 0.839485 0.471973
vt 0.854121 0.437370
vt 0.861317 0.442480
vt 0.880099 0.415250
vt 0.885344 0.421018
vt 0.906444 0.403424
vt 0.909371 0.409629
vt 0.931325 0.402037
vt 0.931325 0.408388
vt 0.953156 0.409191
vt 0.950351 0.414885
vt 0.970719 0.424011
vt 0.965841 0.427880
vt 0.983404 0.443940
vt 0.977062 0.446057
vt 0.990966 0.467739
vt 0.983404 0.468396
vt 0.994503 0.494312
vt 0.985843 0.494166
vt 0.995722 0.522345
vt 0.985843 0.521761
vt 0.996210 0.550524
vt 0.985355 0.550013
vt 0.996820 0.577827
vt 0.985233 0.577608
vt 0.997674 0.604546
vt 0.985599 0.604546
vt 0.998406 0.630827
vt 0.986087 0.630973
vt 0.999015 0.657035
vt 0.986575 0.657181
vt 0.999015 0.683243
vt 0.986697 0.683389
vt 0.998771 0.709524
vt 0.986697 0.709816
vt 0.998649 0.736242
vt 0.987063 0.736753
vt 0.998649 0.763545
vt 0.987795 0.764275
vt 0.998893 0.791724
vt 0.989014 0.792527
vt 0.998284 0.819757
vt 0.989502 0.820195
vt 0.995234 0.846403
vt 0.987673 0.845965
vt 0.988282 0.870348
vt 0.981818 0.868450
vt 0.976086 0.890643
vt 0.971085 0.886920
vt 0.958889 0.905827
vt 0.955840 0.900206
vt 0.338626 0.785156
vt 0.952669 0.894366
vt 0.316679 0.754146
vt 0.295330 0.727734
vt 0.281147 0.727734
vt 0.266666 0.749901
vt 0.258529 0.772068
vt 0.256962 0.795178
vt 0.965841 0.882685
vt 0.254200 0.818760
vt 0.975110 0.865968
vt 0.249870 0.842931
vt 0.979623 0.844943
vt 0.980233 0.820122
vt 0.245391 0.866513
vt 0.978647 0.793038
vt 0.976330 0.764859
vt 0.970475 0.764567
vt 0.974988 0.737191
vt 0.968890 0.737045
vt 0.974378 0.710108
vt 0.242480 0.888680
vt 0.974134 0.683535
vt 0.973891 0.657327
vt 0.243077 0.908960
vt 0.973525 0.631119
vt 0.248676 0.927001
vt 0.973159 0.604546
vt 0.973159 0.577462
vt 0.259201 0.941503
vt 0.973891 0.549721
vt 0.975476 0.521542
vt 0.968036 0.550159
vt 0.273981 0.951054
vt 0.969866 0.522272
vt 0.976574 0.494385
vt 0.293016 0.953648
vt 0.975354 0.469637
vt 0.316008 0.946809
vt 0.970354 0.448686
vt 0.960718 0.432187
vt 0.340865 0.930066
vt 0.947180 0.420872
vt 0.930837 0.415104
vt 0.371023 0.910847
vt 0.911688 0.416492
vt 0.890223 0.427515
vt 0.868391 0.448467
vt 0.377592 0.915917
vt 0.848389 0.477303
vt 0.401553 0.883492
vt 0.831435 0.510957
vt 0.412303 0.844228
vt 0.817775 0.546436
vt 0.403793 0.840102
vt 0.807652 0.583229
vt 0.397746 0.836093
vt 0.823142 0.549137
vt 0.836192 0.514461
vt 0.852291 0.481537
vt 0.871196 0.453285
vt 0.891808 0.432552
vt 0.386027 0.830669
vt 0.911932 0.421237
vt 0.929983 0.419412
vt 0.945229 0.424595
vt 0.957547 0.435326
vt 0.966329 0.451022
vt 0.970597 0.471316
vt 0.373934 0.826424
vt 0.971329 0.495553
vt 0.962304 0.523002
vt 0.363259 0.790108
vt 0.342582 0.756622
vt 0.317650 0.727734
vt 0.294808 0.703327
vt 0.280774 0.704624
vt 0.279431 0.681160
vt 0.292867 0.678920
vt 0.964499 0.473725
vt 0.964377 0.496867
vt 0.316754 0.701441
vt 0.343851 0.727734
vt 0.961206 0.454453
vt 0.368410 0.759216
vt 0.953522 0.439779
vt 0.942424 0.429924
vt 0.928398 0.425617
vt 0.911810 0.428099
vt 0.893638 0.439560
vt 0.383937 0.794589
vt 0.875099 0.459855
vt 0.857780 0.487304
vt 0.842900 0.519352
vt 0.830948 0.552860
vt 0.813507 0.585054
vt 0.801432 0.621045
vt 0.397074 0.797536
vt 0.410138 0.801310
vt 0.799481 0.659298
vt 0.807652 0.621921
vt 0.822166 0.587609
vt 0.830216 0.589142
vt 0.416931 0.804021
vt 0.838387 0.555196
vt 0.849608 0.522272
vt 0.863512 0.490881
vt 0.879368 0.464162
vt 0.895711 0.445108
vt 0.911566 0.434450
vt 0.926446 0.431895
vt 0.939374 0.435691
vt 0.949741 0.444597
vt 0.956693 0.457811
vt 0.959255 0.475186
vt 0.958401 0.496648
vt 0.955596 0.522199
vt 0.959865 0.550524
vt 0.967061 0.577681
vt 0.966938 0.604692
vt 0.967182 0.631192
vt 0.967548 0.657400
vt 0.967792 0.683535
vt 0.426187 0.806969
vt 0.968158 0.710035
vt 0.434995 0.767823
vt 0.444923 0.769238
vt 0.435742 0.809563
vt 0.438056 0.727852
vt 0.425291 0.766409
vt 0.421111 0.847884
vt 0.958523 0.683754
vt 0.958157 0.657473
vt 0.957913 0.631265
vt 0.957913 0.604765
vt 0.958401 0.577827
vt 0.952547 0.549721
vt 0.950595 0.577097
vt 0.949619 0.604181
vt 0.949376 0.630973
vt 0.949498 0.657619
vt 0.949985 0.684192
vt 0.417901 0.764994
vt 0.959133 0.710254
vt 0.960230 0.737118
vt 0.962304 0.764348
vt 0.972915 0.792454
vt 0.974988 0.819100
vt 0.974866 0.843337
vt 0.971085 0.863705
vt 0.962670 0.879619
vt 0.950595 0.890643
vt 0.935472 0.896118
vt 0.917421 0.894731
vt 0.896931 0.883927
vt 0.875953 0.863632
vt 0.873147 0.868523
vt 0.852535 0.840198
vt 0.404017 0.762989
vt 0.390207 0.761456
vt 0.834728 0.806909
vt 0.856316 0.835818
vt 0.861683 0.829905
vt 0.370201 0.727734
vt 0.879612 0.856989
vt 0.898638 0.876845
vt 0.917055 0.887869
vt 0.933642 0.889986
vt 0.947546 0.885314
vt 0.958523 0.875239
vt 0.965841 0.860420
vt 0.968646 0.841074
vt 0.968036 0.817932
vt 0.965353 0.791870
vt 0.954986 0.765370
vt 0.342657 0.698965
vt 0.958645 0.792819
vt 0.962060 0.818297
vt 0.963402 0.839760
vt 0.961206 0.857135
vt 0.954620 0.870567
vt 0.944497 0.879619
vt 0.931569 0.883708
vt 0.916689 0.881590
vt 0.900590 0.871224
vt 0.883880 0.852608
vt 0.313918 0.675147
vt 0.289508 0.654277
vt 0.906078 0.865165
vt 0.916445 0.874290
vt 0.926812 0.874071
vt 0.276893 0.657461
vt 0.265919 0.683047
vt 0.917421 0.859763
vt 0.266666 0.705567
vt 0.905346 0.840052
vt 0.891808 0.846987
vt 0.867293 0.826255
vt 0.846071 0.798222
vt 0.839485 0.803259
vt 0.833387 0.765005
vt 0.266890 0.727734
vt 0.825703 0.768948
vt 0.259126 0.749665
vt 0.259276 0.727734
vt 0.259126 0.705803
vt 0.852779 0.795155
vt 0.258529 0.683401
vt 0.877172 0.821290
vt 0.892906 0.814282
vt 0.264128 0.659937
vt 0.272936 0.633525
vt 0.881807 0.784716
vt 0.864000 0.790848
vt 0.840827 0.762523
vt 0.823752 0.730475
vt 0.284357 0.629752
vt 0.267188 0.609472
vt 0.309065 0.648971
vt 0.853145 0.759092
vt 0.831801 0.728723
vt 0.338626 0.670431
vt 0.368410 0.696371
vt 0.872782 0.754128
vt 0.392372 0.727734
vt 0.903151 0.778073
vt 0.911932 0.806763
vt 0.921811 0.832679
vt 0.931203 0.853922
vt 0.939130 0.869764
vt 0.949498 0.861661
vt 0.955718 0.853411
vt 0.955474 0.840636
vt 0.406480 0.727852
vt 0.420663 0.727852
vt 0.944253 0.846330
vt 0.428202 0.727852
vt 0.417901 0.690593
vt 0.425291 0.689178
vt 0.938399 0.825598
vt 0.931325 0.800193
vt 0.924739 0.772233
vt 0.896077 0.748726
vt 0.866073 0.722810
vt 0.845095 0.726314
vt 0.825947 0.694120
vt 0.817531 0.695069
vt 0.815092 0.659152
vt 0.808384 0.696529
vt 0.404017 0.692597
vt 0.390207 0.694130
vt 0.839851 0.692806
vt 0.823630 0.659006
vt 0.363259 0.665361
vt 0.332057 0.642368
vt 0.861805 0.690835
vt 0.890954 0.718868
vt 0.919738 0.743908
vt 0.943155 0.767780
vt 0.947912 0.795374
vt 0.952669 0.820414
vt 0.302123 0.623267
vt 0.293091 0.598152
vt 0.270100 0.583060
vt 0.274653 0.557120
vt 0.283312 0.575514
vt 0.939740 0.740185
vt 0.916079 0.715364
vt 0.887783 0.688718
vt 0.860097 0.658641
vt 0.837778 0.658860
vt 0.839119 0.624914
vt 0.277415 0.605345
vt 0.825215 0.623892
vt 0.261291 0.586951
vt 0.298540 0.565727
vt 0.861073 0.626374
vt 0.886564 0.658276
vt 0.913884 0.686674
vt 0.937301 0.712590
vt 0.952425 0.738068
vt 0.286223 0.547216
vt 0.950839 0.710984
vt 0.275847 0.533538
vt 0.267114 0.543678
vt 0.935959 0.685141
vt 0.264650 0.564902
vt 0.912908 0.657984
vt 0.887051 0.627907
vt 0.864610 0.594326
vt 0.843510 0.591332
vt 0.816678 0.623162
vt 0.805823 0.659225
vt 0.802286 0.697551
vt 0.257186 0.567614
vt 0.251512 0.589073
vt 0.809360 0.735147
vt 0.815214 0.733176
vt 0.256365 0.612301
vt 0.261067 0.636237
vt 0.820337 0.771722
vt 0.262411 0.552993
vt 0.257036 0.660408
vt 0.254200 0.636709
vt 0.249945 0.612537
vt 0.245466 0.589073
vt 0.248153 0.567378
vt 0.256514 0.550871
vt 0.260694 0.536486
vt 0.268980 0.525285
vt 0.937789 0.575272
vt 0.940716 0.547604
vt 0.922177 0.543589
vt 0.280998 0.518446
vt 0.928154 0.515410
vt 0.287418 0.526935
vt 0.944863 0.519863
vt 0.948888 0.494750
vt 0.298913 0.538962
vt 0.313768 0.555941
vt 0.311380 0.588955
vt 0.322950 0.615131
vt 0.354899 0.635294
vt 0.383937 0.660998
vt 0.934496 0.489859
vt 0.917787 0.483143
vt 0.397074 0.658050
vt 0.397821 0.619494
vt 0.410138 0.654277
vt 0.908517 0.509278
vt 0.900346 0.538187
vt 0.386027 0.624918
vt 0.917665 0.571987
vt 0.936081 0.602867
vt 0.373934 0.629162
vt 0.935228 0.630389
vt 0.935228 0.657765
vt 0.913152 0.629294
vt 0.914738 0.600604
vt 0.343478 0.606524
vt 0.894003 0.567680
vt 0.329295 0.579169
vt 0.889613 0.597684
vt 0.326160 0.547216
vt 0.309439 0.531770
vt 0.297644 0.524695
vt 0.870586 0.562788
vt 0.878880 0.532054
vt 0.889369 0.502269
vt 0.901199 0.476208
vt 0.296301 0.517621
vt 0.313992 0.524931
vt 0.850828 0.558335
vt 0.860951 0.526360
vt 0.873391 0.495626
vt 0.887539 0.469564
vt 0.333326 0.540613
vt 0.344075 0.570326
vt 0.353257 0.564312
vt 0.361393 0.556530
vt 0.381399 0.586715
vt 0.371321 0.593436
vt 0.901321 0.451095
vt 0.911566 0.441677
vt 0.360572 0.598742
vt 0.912786 0.456205
vt 0.926812 0.461753
vt 0.939984 0.468980
vt 0.951327 0.474455
vt 0.951327 0.461680
vt 0.944863 0.453577
vt 0.934374 0.445693
vt 0.921811 0.441750
vt 0.386325 0.581645
vt 0.403793 0.615485
vt 0.417005 0.651565
vt 0.435070 0.687763
vt 0.435742 0.646023
vt 0.444923 0.686348
vt 0.426262 0.648617
vt 0.412303 0.611358
vt 0.421111 0.607703
vt 0.742019 0.483899
vt 0.729255 0.474112
vt 0.742168 0.464797
vt 0.727388 0.444517
vt 0.393790 0.576457
vt 0.746274 0.433433
vt 0.448059 0.727852
vt 0.758143 0.455482
vt 0.754112 0.480833
vt 0.742990 0.494628
vt 0.723059 0.485431
vt 0.701635 0.467509
vt 0.711787 0.455836
vt 0.712160 0.418577
vt 0.734256 0.407494
vt 0.757023 0.398061
vt 0.765682 0.423293
vt 0.773446 0.444989
vt 0.768668 0.473169
vt 0.781134 0.462203
vt 0.777029 0.486493
vt 0.761353 0.494157
vt 0.365051 0.550753
vt 0.338850 0.531770
vt 0.315560 0.515027
vt 0.293987 0.507480
vt 0.787554 0.437560
vt 0.783374 0.416337
vt 0.777477 0.391694
vt 0.771803 0.365282
vt 0.748737 0.371060
vt 0.723357 0.379431
vt 0.698276 0.389218
vt 0.276146 0.509249
vt 0.693424 0.430014
vt 0.679763 0.441215
vt 0.668492 0.452888
vt 0.694320 0.479772
vt 0.720446 0.497812
vt 0.744632 0.506419
vt 0.765757 0.505358
vt 0.783598 0.496751
vt 0.262486 0.517738
vt 0.789569 0.473876
vt 0.789122 0.452417
vt 0.797706 0.457133
vt 0.799871 0.437442
vt 0.798154 0.414922
vt 0.794422 0.389571
vt 0.790540 0.363160
vt 0.767474 0.339342
vt 0.253005 0.531062
vt 0.742467 0.344058
vt 0.714400 0.350897
vt 0.686556 0.358915
vt 0.662296 0.366933
vt 0.676479 0.399358
vt 0.659907 0.409262
vt 0.645426 0.419638
vt 0.632437 0.430250
vt 0.248079 0.547923
vt 0.658788 0.464561
vt 0.688273 0.491681
vt 0.718431 0.509485
vt 0.746050 0.516913
vt 0.769489 0.514791
vt 0.789047 0.505122
vt 0.797781 0.482248
vt 0.242555 0.566789
vt 0.243152 0.546508
vt 0.248751 0.528586
vt 0.807186 0.463264
vt 0.811292 0.441333
vt 0.811889 0.416808
vt 0.810321 0.390515
vt 0.808157 0.363631
vt 0.787629 0.337456
vt 0.764488 0.313756
vt 0.259276 0.513965
vt 0.737839 0.317057
vt 0.707607 0.321892
vt 0.677599 0.327433
vt 0.651323 0.333093
vt 0.630496 0.338635
vt 0.643261 0.374951
vt 0.626316 0.383440
vt 0.610864 0.392047
vt 0.598025 0.399712
vt 0.274056 0.504533
vt 0.621837 0.439565
vt 0.650950 0.474702
vt 0.683570 0.502174
vt 0.716788 0.519389
vt 0.747095 0.525638
vt 0.772550 0.522337
vt 0.793377 0.511607
vt 0.804723 0.489440
vt 0.293091 0.501821
vt 0.815771 0.469278
vt 0.821966 0.446050
vt 0.824728 0.420346
vt 0.825325 0.393109
vt 0.824803 0.365518
vt 0.806514 0.337573
vt 0.785837 0.312341
vt 0.762846 0.288287
vt 0.316082 0.508777
vt 0.735077 0.289938
vt 0.703352 0.292414
vt 0.671851 0.295126
vt 0.644231 0.297956
vt 0.622509 0.300668
vt 0.602728 0.303734
vt 0.611834 0.344530
vt 0.340940 0.525520
vt 0.594591 0.350661
vt 0.580109 0.356085
vt 0.371097 0.544740
vt 0.350271 0.513494
vt 0.377666 0.539670
vt 0.345344 0.518918
vt 0.568912 0.309747
vt 0.584364 0.306799
vt 0.318396 0.501939
vt 0.580781 0.261758
vt 0.599742 0.261876
vt 0.321532 0.496279
vt 0.584961 0.216599
vt 0.569510 0.213533
vt 0.581378 0.167313
vt 0.293240 0.495454
vt 0.401628 0.572094
vt 0.564807 0.261640
vt 0.619971 0.261994
vt 0.641843 0.262112
vt 0.669835 0.262348
vt 0.702008 0.262465
vt 0.734405 0.262701
vt 0.762547 0.262937
vt 0.785016 0.287580
vt 0.805544 0.312223
vt 0.824355 0.338870
vt 0.838911 0.367994
vt 0.837941 0.396174
vt 0.835627 0.424237
vt 0.830924 0.450766
vt 0.822862 0.474702
vt 0.810321 0.495454
vt 0.272040 0.498637
vt 0.255245 0.509367
vt 0.839359 0.340757
vt 0.824131 0.313166
vt 0.839732 0.314345
vt 0.824131 0.288052
vt 0.840031 0.288641
vt 0.243301 0.525520
vt 0.236732 0.545211
vt 0.805245 0.287580
vt 0.784717 0.263055
vt 0.235389 0.566671
vt 0.237628 0.589663
vt 0.805245 0.263173
vt 0.824355 0.263291
vt 0.805544 0.238884
vt 0.824504 0.238648
vt 0.840404 0.263409
vt 0.840404 0.238176
vt 0.241360 0.613598
vt 0.245018 0.637770
vt 0.247407 0.661234
vt 0.785389 0.238530
vt 0.248676 0.683990
vt 0.249198 0.706039
vt 0.249273 0.727734
vt 0.249198 0.749430
vt 0.763219 0.237469
vt 0.735450 0.235464
vt 0.703800 0.232634
vt 0.672299 0.229451
vt 0.644754 0.226267
vt 0.623032 0.223202
vt 0.603325 0.220018
vt 0.248676 0.771596
vt 0.595785 0.172973
vt 0.599891 0.123922
vt 0.612581 0.131704
vt 0.624151 0.084423
vt 0.247407 0.794353
vt 0.245018 0.817817
vt 0.612954 0.179340
vt 0.241360 0.841870
vt 0.631541 0.185471
vt 0.652293 0.191248
vt 0.678494 0.197262
vt 0.708428 0.203157
vt 0.738511 0.208463
vt 0.765160 0.212118
vt 0.786509 0.213769
vt 0.806216 0.214123
vt 0.824803 0.213533
vt 0.237553 0.865806
vt 0.840404 0.212472
vt 0.825400 0.187711
vt 0.840404 0.186178
vt 0.235389 0.888798
vt 0.236732 0.910375
vt 0.807485 0.188890
vt 0.788599 0.188654
vt 0.768444 0.186532
vt 0.743512 0.181462
vt 0.715594 0.174269
vt 0.687825 0.166016
vt 0.663640 0.157526
vt 0.644754 0.149273
vt 0.627958 0.140665
vt 0.243301 0.929948
vt 0.634677 0.093856
vt 0.653786 0.049640
vt 0.661475 0.059898
vt 0.686780 0.022639
vt 0.255170 0.946220
vt 0.271966 0.956832
vt 0.647516 0.104585
vt 0.293166 0.960133
vt 0.661848 0.115197
vt 0.678345 0.125337
vt 0.699993 0.135831
vt 0.724925 0.145853
vt 0.750156 0.154579
vt 0.773147 0.160710
vt 0.791809 0.162950
vt 0.809426 0.162832
vt 0.826221 0.161064
vt 0.840255 0.158941
vt 0.827042 0.133591
vt 0.839732 0.130643
vt 0.318322 0.953648
vt 0.345269 0.936669
vt 0.812038 0.135949
vt 0.350196 0.942093
vt 0.796138 0.136657
vt 0.779194 0.134416
vt 0.758815 0.127695
vt 0.736197 0.117909
vt 0.714250 0.106590
vt 0.695663 0.094917
vt 0.682152 0.083480
vt 0.671030 0.071689
vt 0.691334 0.033132
vt 0.321457 0.959308
vt 0.720222 0.005895
vt 0.721715 0.015800
vt 0.750604 0.000000
vt 0.294136 0.965793
vt 0.270622 0.962020
vt 0.697156 0.045159
vt 0.251736 0.950229
vt 0.704397 0.057540
vt 0.714325 0.069330
vt 0.729777 0.080886
vt 0.748588 0.092205
vt 0.767847 0.102581
vt 0.785389 0.109773
vt 0.800169 0.111424
vt 0.813904 0.109773
vt 0.826818 0.106354
vt 0.837792 0.102581
vt 0.824355 0.080532
vt 0.833387 0.076051
vt 0.238524 0.932424
vt 0.231059 0.911201
vt 0.813681 0.085248
vt 0.228969 0.888562
vt 0.802185 0.088903
vt 0.789868 0.088550
vt 0.775909 0.081003
vt 0.760681 0.070274
vt 0.744856 0.060723
vt 0.732091 0.051290
vt 0.726045 0.039853
vt 0.723581 0.027473
vt 0.749409 0.008725
vt 0.230313 0.864745
vt 0.775984 0.003655
vt 0.772848 0.011201
vt 0.796661 0.014621
vt 0.233224 0.840573
vt 0.236060 0.816638
vt 0.747842 0.019219
vt 0.237852 0.793528
vt 0.746125 0.031010
vt 0.745005 0.041740
vt 0.757023 0.044923
vt 0.771430 0.052705
vt 0.783747 0.063907
vt 0.791660 0.073811
vt 0.800319 0.069095
vt 0.238822 0.771125
vt 0.239121 0.749312
vt 0.792406 0.052352
vt 0.779940 0.039500
vt 0.764413 0.031718
vt 0.768967 0.020516
vt 0.239121 0.727734
vt 0.792257 0.021106
vt 0.813457 0.031010
vt 0.807709 0.036906
vt 0.825699 0.051998
vt 0.239121 0.706275
vt 0.238822 0.684462
vt 0.786733 0.029359
vt 0.237927 0.662059
vt 0.236135 0.638949
vt 0.800692 0.044098
vt 0.233299 0.614895
vt 0.230387 0.590724
vt 0.818458 0.057186
vt 0.229044 0.567024
vt 0.809874 0.063199
vt 0.231134 0.544268
vt 0.238598 0.523162
vt 0.251811 0.505240
vt 0.294211 0.489794
vt 0.270697 0.493567
s 1
f 1/1/1 2/2/2 3/3/3
f 2/2/2 4/4/4 3/3/3
f 2059/5/5 2061/6/6 2060/7/7
f 4/4/4 5/8/8 3/3/3
f 2058/9/9 2059/5/5 2060/7/7
f 5/8/8 6/10/10 3/3/3
f 2057/11/11 2059/5/5 2058/9/9
f 6/10/10 7/12/12 3/3/3
f 2056/13/13 2057/11/11 2058/9/9
f 7/12/12 8/14/14 3/3/3
f 2055/15/15 2057/11/11 2056/13/13
f 8/14/14 9/16/16 3/3/3
f 2054/17/17 2055/15/15 2056/13/13
f 9/16/16 10/18/18 3/3/3
f 2053/19/19 2055/15/15 2054/17/17
f 10/18/18 11/20/20 3/3/3
f 2052/21/21 2053/19/19 2054/17/17
f 11/20/20 12/22/22 3/3/3
f 2051/23/23 2053/19/19 2052/21/21
f 12/22/22 13/24/24 3/3/3
f 2050/25/25 2051/23/23 2052/21/21
f 13/24/24 14/26/26 3/3/3
f 2049/27/27 2051/23/23 2050/25/25
f 14/26/26 15/28/28 3/3/3
f 2048/29/29 2049/27/27 2050/25/25
f 15/28/28 16/30/30 3/3/3
f 2047/31/31 2049/27/27 2048/29/29
f 16/30/30 17/32/32 3/3/3
f 2046/33/33 2047/31/31 2048/29/29
f 17/32/32 18/34/34 3/3/3
f 2045/35/35 2047/31/31 2046/33/33
f 18/34/34 19/36/36 3/3/3
f 2044/37/37 2045/35/35 2046/33/33
f 19/36/36 20/38/38 3/3/3
f 2043/39/39 2045/35/35 2044/37/37
f 20/38/38 21/40/40 3/3/3
f 3/3/3 21/40/40 1/1/1
f 2042/41/41 2043/39/39 2044/37/37
f 2041/42/42 2043/39/39 2042/41/41
f 2040/43/43 2041/42/42 2042/41/41
f 2039/44/44 2041/42/42 2040/43/43
f 22/45/45 24/46/46 23/47/47
f 23/47/47 24/46/46 25/48/48
f 2038/49/49 2039/44/44 2040/43/43
f 25/48/48 24/46/46 26/50/50
f 2037/51/51 2039/44/44 2038/49/49
f 26/50/50 24/46/46 27/52/52
f 2036/53/53 2037/51/51 2038/49/49
f 27/52/52 24/46/46 28/54/54
f 2035/55/55 2037/51/51 2036/53/53
f 28/54/54 24/46/46 29/56/56
f 2034/57/57 2035/55/55 2036/53/53
f 29/56/56 24/46/46 30/58/58
f 2033/59/59 2035/55/55 2034/57/57
f 30/58/58 24/46/46 31/60/60
f 2032/61/61 2033/59/59 2034/57/57
f 31/60/60 24/46/46 32/62/62
f 2031/63/63 2033/59/59 2032/61/61
f 32/62/62 24/46/46 33/64/64
f 2030/65/65 2031/63/63 2032/61/61
f 33/64/64 24/46/46 34/66/66
f 2029/67/67 2031/63/63 2030/65/65
f 34/66/66 24/46/46 35/68/68
f 2028/69/69 2029/67/67 2030/65/65
f 35/68/68 24/46/46 36/70/70
f 2027/71/71 2029/67/67 2028/69/69
f 36/70/70 24/46/46 37/72/72
f 2026/73/73 2027/71/71 2028/69/69
f 37/72/72 24/46/46 38/74/74
f 2025/75/75 2027/71/71 2026/73/73
f 38/74/74 24/46/46 39/76/76
f 2024/77/77 2025/75/75 2026/73/73
f 39/76/76 24/46/46 40/78/78
f 2023/79/79 2025/75/75 2024/77/77
f 40/78/78 24/46/46 41/80/80
f 2022/81/81 2023/79/79 2024/77/77
f 41/80/80 24/46/46 42/82/82
f 24/46/46 22/45/45 42/82/82
f 2021/83/83 2023/79/79 2022/81/81
f 2020/84/7 2021/83/83 2022/81/81
f 2001/85/84 1999/86/81 2019/87/85
f 2018/88/86 2001/85/84 2019/87/85
f 43/89/87 44/90/88 45/91/45
f 44/90/88 46/92/89 45/91/45
f 45/91/45 46/92/89 47/93/90
f 46/92/89 48/94/91 47/93/90
f 47/93/90 48/94/91 49/95/80
f 48/94/91 50/96/92 49/95/80
f 49/95/80 50/96/92 51/97/93
f 50/96/92 52/98/94 51/97/93
f 51/97/93 52/98/94 53/99/95
f 52/98/94 54/100/96 53/99/95
f 53/99/95 54/100/96 55/101/97
f 54/100/96 56/102/32 55/101/97
f 55/101/97 56/102/32 57/103/72
f 56/102/32 58/104/98 57/103/72
f 57/103/72 58/104/98 59/105/70
f 58/104/98 60/106/99 59/105/70
f 59/105/70 60/106/99 61/107/100
f 60/106/99 62/108/26 61/107/100
f 61/107/100 62/108/26 63/109/101
f 62/108/26 64/110/24 63/109/101
f 63/109/101 64/110/24 65/111/102
f 64/110/24 66/112/103 65/111/102
f 65/111/102 66/112/103 67/113/62
f 66/112/103 68/114/104 67/113/62
f 67/113/62 68/114/104 69/115/60
f 68/114/104 70/116/105 69/115/60
f 69/115/60 70/116/105 71/117/106
f 70/116/105 72/118/107 71/117/106
f 71/117/106 72/118/107 73/119/108
f 72/118/107 74/120/109 73/119/108
f 73/119/108 74/120/109 75/121/54
f 74/120/109 76/122/12 75/121/54
f 75/121/54 76/122/12 77/123/52
f 76/122/12 78/124/110 77/123/52
f 77/123/52 78/124/110 79/125/111
f 78/124/110 80/126/8 79/125/111
f 79/125/111 80/126/8 81/127/112
f 80/126/8 82/128/4 81/127/112
f 81/127/112 82/128/4 83/129/113
f 82/128/4 84/130/88 83/129/113
f 2017/131/114 2001/85/84 2018/88/86
f 2016/132/65 2001/85/84 2017/131/114
f 2015/133/115 2001/85/84 2016/132/65
f 2014/134/57 2001/85/84 2015/133/115
f 85/135/116 86/136/117 87/137/118
f 86/136/117 88/138/119 87/137/118
f 87/137/118 88/138/119 89/139/120
f 88/138/119 90/140/121 89/139/120
f 2013/141/122 2001/85/84 2014/134/57
f 90/140/121 91/142/123 89/139/120
f 2012/143/49 2001/85/84 2013/141/122
f 91/142/123 92/144/124 89/139/120
f 89/139/120 92/144/124 87/137/118
f 2011/145/125 2001/85/84 2012/143/49
f 87/137/118 92/144/124 85/135/116
f 92/144/124 93/146/126 85/135/116
f 85/135/116 93/146/126 86/136/117
f 2010/147/127 2001/85/84 2011/145/125
f 2009/148/128 2001/85/84 2010/147/127
f 2008/149/129 2001/85/84 2009/148/128
f 2007/150/130 2001/85/84 2008/149/129
f 94/151/131 96/152/132 95/153/133
f 95/153/133 96/152/132 93/146/126
f 96/152/132 97/154/134 93/146/126
f 93/146/126 97/154/134 86/136/117
f 2006/155/135 2001/85/84 2007/150/130
f 86/136/117 97/154/134 98/156/136
f 2005/157/137 2001/85/84 2006/155/135
f 98/156/136 97/154/134 99/158/138
f 97/154/134 100/159/139 99/158/138
f 99/158/138 100/159/139 101/160/140
f 100/159/139 102/161/141 101/160/140
f 2004/162/142 2001/85/84 2005/157/137
f 102/161/141 103/163/143 101/160/140
f 101/160/140 103/163/143 104/164/144
f 103/163/143 105/165/145 104/164/144
f 104/164/144 105/165/145 106/166/146
f 105/165/145 107/167/147 106/166/146
f 106/166/146 107/167/147 108/168/148
f 107/167/147 109/169/149 108/168/148
f 2003/170/150 2001/85/84 2004/162/142
f 2002/171/151 2001/85/84 2003/170/150
f 2000/172/152 2001/85/84 2002/171/151
f 1999/86/81 2001/85/84 2000/172/152
f 93/146/126 92/144/124 95/153/133
f 92/144/124 94/151/131 95/153/133
f 1980/173/153 1998/174/154 1978/175/79
f 1997/176/155 1998/174/154 1980/173/153
f 1996/177/156 1997/176/155 1980/173/153
f 1995/178/157 1996/177/156 1980/173/153
f 94/151/131 110/179/158 96/152/132
f 110/179/158 100/159/139 96/152/132
f 96/152/132 100/159/139 97/154/134
f 1994/180/159 1995/178/157 1980/173/153
f 1993/181/55 1994/180/159 1980/173/153
f 1992/182/51 1993/181/55 1980/173/153
f 1991/183/160 1992/182/51 1980/173/153
f 100/159/139 110/179/158 102/161/141
f 1990/184/42 1991/183/160 1980/173/153
f 1989/185/39 1990/184/42 1980/173/153
f 1988/186/161 1989/185/39 1980/173/153
f 1987/187/162 1988/186/161 1980/173/153
f 108/168/148 111/188/163 106/166/146
f 1986/189/164 1987/187/162 1980/173/153
f 106/166/146 111/188/163 104/164/144
f 111/188/163 112/190/165 104/164/144
f 104/164/144 112/190/165 113/191/166
f 112/190/165 114/192/167 113/191/166
f 1985/193/23 1986/189/164 1980/173/153
f 114/192/167 115/194/168 113/191/166
f 1984/195/169 1985/193/23 1980/173/153
f 115/194/168 98/156/136 113/191/166
f 1983/196/15 1984/195/169 1980/173/153
f 98/156/136 99/158/138 113/191/166
f 1982/197/170 1983/196/15 1980/173/153
f 99/158/138 101/160/140 113/191/166
f 113/191/166 101/160/140 104/164/144
f 1981/198/171 1982/197/170 1980/173/153
f 1979/199/6 1981/198/171 1980/173/153
f 1978/175/79 1979/199/6 1980/173/153
f 112/190/165 111/188/163 114/192/167
f 114/192/167 111/188/163 116/200/172
f 116/200/172 111/188/163 117/201/173
f 117/201/173 111/188/163 118/202/174
f 111/188/163 108/168/148 118/202/174
f 118/202/174 108/168/148 119/203/175
f 108/168/148 109/169/149 119/203/175
f 109/169/149 120/204/176 119/203/175
f 120/204/176 121/205/177 119/203/175
f 119/203/175 121/205/177 122/206/178
f 122/206/178 121/205/177 123/207/179
f 121/205/177 124/208/180 123/207/179
f 123/207/179 124/208/180 125/209/181
f 124/208/180 126/210/182 125/209/181
f 125/209/181 126/210/182 127/211/183
f 126/210/182 128/212/184 127/211/183
f 127/211/183 128/212/184 129/213/185
f 128/212/184 130/214/186 129/213/185
f 129/213/185 130/214/186 131/215/187
f 130/214/186 132/216/188 131/215/187
f 131/215/187 132/216/188 133/217/189
f 132/216/188 134/218/190 133/217/189
f 133/217/189 134/218/190 135/219/191
f 134/218/190 136/220/192 135/219/191
f 135/219/191 136/220/192 137/221/193
f 136/220/192 138/222/194 137/221/193
f 137/221/193 139/223/195 135/219/191
f 135/219/191 139/223/195 133/217/189
f 139/223/195 140/224/196 133/217/189
f 140/224/196 141/225/197 133/217/189
f 133/217/189 141/225/197 131/215/187
f 141/225/197 142/226/198 131/215/187
f 131/215/187 142/226/198 129/213/185
f 142/226/198 143/227/199 129/213/185
f 129/213/185 143/227/199 127/211/183
f 143/227/199 142/226/198 144/228/200
f 142/226/198 141/225/197 144/228/200
f 144/228/200 141/225/197 145/229/201
f 145/229/201 141/225/197 146/230/202
f 141/225/197 140/224/196 146/230/202
f 140/224/196 139/223/195 146/230/202
f 146/230/202 139/223/195 147/231/203
f 147/231/203 139/223/195 148/232/204
f 148/232/204 139/223/195 149/233/205
f 139/223/195 137/221/193 149/233/205
f 149/233/205 137/221/193 150/234/206
f 137/221/193 138/222/194 150/234/206
f 138/222/194 151/235/207 150/234/206
f 151/235/207 152/236/208 150/234/206
f 150/234/206 152/236/208 153/237/209
f 153/237/209 152/236/208 154/238/210
f 152/236/208 155/239/211 154/238/210
f 154/238/210 155/239/211 156/240/212
f 155/239/211 157/241/213 156/240/212
f 156/240/212 157/241/213 158/242/214
f 157/241/213 159/243/215 158/242/214
f 158/242/214 159/243/215 160/244/216
f 159/243/215 161/245/217 160/244/216
f 160/244/216 161/245/217 162/246/218
f 161/245/217 163/247/219 162/246/218
f 162/246/218 163/247/219 164/248/220
f 163/247/219 165/249/221 164/248/220
f 164/248/220 165/249/221 166/250/222
f 165/249/221 167/251/223 166/250/222
f 166/250/222 167/251/223 168/252/224
f 167/251/223 169/253/225 168/252/224
f 168/252/224 170/254/226 166/250/222
f 166/250/222 170/254/226 164/248/220
f 170/254/226 171/255/227 164/248/220
f 171/255/227 172/256/228 164/248/220
f 164/248/220 172/256/228 162/246/218
f 172/256/228 173/257/229 162/246/218
f 162/246/218 173/257/229 160/244/216
f 173/257/229 174/258/230 160/244/216
f 160/244/216 174/258/230 158/242/214
f 174/258/230 173/257/229 175/259/231
f 173/257/229 172/256/228 175/259/231
f 175/259/231 172/256/228 176/260/232
f 176/260/232 172/256/228 177/261/233
f 172/256/228 171/255/227 177/261/233
f 171/255/227 170/254/226 177/261/233
f 177/261/233 170/254/226 178/262/234
f 178/262/234 170/254/226 179/263/235
f 179/263/235 170/254/226 180/264/236
f 170/254/226 168/252/224 180/264/236
f 180/264/236 168/252/224 181/265/237
f 168/252/224 169/253/225 181/265/237
f 169/253/225 182/266/238 181/265/237
f 182/266/238 183/267/239 181/265/237
f 181/265/237 183/267/239 184/268/240
f 184/268/240 183/267/239 185/269/241
f 183/267/239 186/270/242 185/269/241
f 185/269/241 186/270/242 187/271/243
f 186/270/242 188/272/244 187/271/243
f 187/271/243 188/272/244 189/273/245
f 188/272/244 190/274/246 189/273/245
f 189/273/245 190/274/246 191/275/247
f 190/274/246 192/276/248 191/275/247
f 191/275/247 192/276/248 193/277/249
f 192/276/248 194/278/250 193/277/249
f 193/277/249 194/278/250 195/279/251
f 194/278/250 196/280/252 195/279/251
f 195/279/251 196/280/252 197/281/253
f 196/280/252 198/282/254 197/281/253
f 197/281/253 198/282/254 199/283/255
f 198/282/254 200/284/256 199/283/255
f 200/284/256 201/285/257 199/283/255
f 199/283/255 201/285/257 202/286/258
f 201/285/257 203/287/259 202/286/258
f 203/287/259 204/288/260 202/286/258
f 202/286/258 204/288/260 199/283/255
f 204/288/260 205/289/261 199/283/255
f 205/289/261 206/290/262 199/283/255
f 199/283/255 206/290/262 197/281/253
f 197/281/253 206/290/262 195/279/251
f 206/290/262 207/291/263 195/279/251
f 207/291/263 208/292/264 195/279/251
f 195/279/251 208/292/264 193/277/249
f 193/277/249 208/292/264 191/275/247
f 208/292/264 209/293/265 191/275/247
f 191/275/247 209/293/265 210/294/266
f 210/294/266 209/293/265 211/295/267
f 209/293/265 208/292/264 211/295/267
f 211/295/267 208/292/264 212/296/268
f 212/296/268 208/292/264 213/297/269
f 208/292/264 207/291/263 213/297/269
f 207/291/263 206/290/262 213/297/269
f 213/297/269 206/290/262 214/298/270
f 206/290/262 205/289/261 214/298/270
f 214/298/270 205/289/261 215/299/271
f 205/289/261 204/288/260 215/299/271
f 215/299/271 204/288/260 216/300/272
f 204/288/260 203/287/259 216/300/272
f 203/287/259 217/301/273 216/300/272
f 216/300/272 217/301/273 215/299/271
f 217/301/273 218/302/274 215/299/271
f 215/299/271 218/302/274 214/298/270
f 218/302/274 219/303/275 214/298/270
f 214/298/270 219/303/275 213/297/269
f 219/303/275 220/304/276 213/297/269
f 213/297/269 220/304/276 212/296/268
f 220/304/276 221/305/277 212/296/268
f 212/296/268 221/305/277 211/295/267
f 221/305/277 222/306/278 211/295/267
f 222/306/278 223/307/279 211/295/267
f 211/295/267 223/307/279 210/294/266
f 223/307/279 224/308/280 210/294/266
f 210/294/266 224/308/280 189/273/245
f 189/273/245 224/308/280 187/271/243
f 187/271/243 224/308/280 185/269/241
f 224/308/280 225/309/281 185/269/241
f 185/269/241 225/309/281 184/268/240
f 210/294/266 189/273/245 191/275/247
f 225/309/281 224/308/280 226/310/282
f 224/308/280 223/307/279 226/310/282
f 226/310/282 223/307/279 227/311/283
f 227/311/283 223/307/279 228/312/284
f 223/307/279 222/306/278 228/312/284
f 228/312/284 222/306/278 229/313/285
f 229/313/285 222/306/278 230/314/286
f 222/306/278 221/305/277 230/314/286
f 230/314/286 221/305/277 231/315/287
f 221/305/277 220/304/276 231/315/287
f 231/315/287 220/304/276 232/316/288
f 232/316/288 220/304/276 233/317/289
f 220/304/276 219/303/275 233/317/289
f 219/303/275 218/302/274 233/317/289
f 233/317/289 218/302/274 234/318/290
f 218/302/274 217/301/273 234/318/290
f 234/318/290 217/301/273 235/319/291
f 217/301/273 203/287/259 235/319/291
f 235/319/291 203/287/259 236/320/292
f 203/287/259 237/321/293 236/320/292
f 236/320/292 237/321/293 238/322/294
f 237/321/293 239/323/295 238/322/294
f 239/323/295 240/324/296 238/322/294
f 238/322/294 240/324/296 234/318/290
f 234/318/290 240/324/296 233/317/289
f 240/324/296 241/325/297 233/317/289
f 233/317/289 241/325/297 232/316/288
f 234/318/290 235/319/291 238/322/294
f 238/322/294 235/319/291 236/320/292
f 225/309/281 226/310/282 242/326/298
f 242/326/298 226/310/282 227/311/283
f 241/325/297 240/324/296 243/327/299
f 240/324/296 239/323/295 243/327/299
f 243/327/299 239/323/295 244/328/300
f 239/323/295 237/321/293 244/328/300
f 244/328/300 237/321/293 245/329/301
f 237/321/293 203/287/259 245/329/301
f 245/329/301 203/287/259 246/330/302
f 203/287/259 247/331/303 246/330/302
f 247/331/303 248/332/304 246/330/302
f 246/330/302 248/332/304 249/333/305
f 248/332/304 250/334/306 249/333/305
f 250/334/306 251/335/307 249/333/305
f 249/333/305 251/335/307 244/328/300
f 251/335/307 252/336/308 244/328/300
f 244/328/300 252/336/308 243/327/299
f 252/336/308 253/337/309 243/327/299
f 243/327/299 253/337/309 241/325/297
f 253/337/309 254/338/310 241/325/297
f 241/325/297 254/338/310 232/316/288
f 232/316/288 254/338/310 231/315/287
f 254/338/310 255/339/311 231/315/287
f 231/315/287 255/339/311 230/314/286
f 245/329/301 246/330/302 244/328/300
f 244/328/300 246/330/302 249/333/305
f 255/339/311 254/338/310 256/340/312
f 254/338/310 253/337/309 256/340/312
f 256/340/312 253/337/309 257/341/313
f 253/337/309 252/336/308 257/341/313
f 252/336/308 251/335/307 257/341/313
f 257/341/313 251/335/307 258/342/314
f 251/335/307 259/343/315 258/342/314
f 259/343/315 260/344/316 258/342/314
f 258/342/314 260/344/316 257/341/313
f 260/344/316 261/345/317 257/341/313
f 257/341/313 261/345/317 256/340/312
f 261/345/317 262/346/318 256/340/312
f 256/340/312 262/346/318 255/339/311
f 262/346/318 263/347/319 255/339/311
f 255/339/311 263/347/319 230/314/286
f 230/314/286 263/347/319 229/313/285
f 229/313/285 263/347/319 264/348/320
f 264/348/320 263/347/319 265/349/321
f 263/347/319 262/346/318 265/349/321
f 265/349/321 262/346/318 266/350/322
f 262/346/318 261/345/317 266/350/322
f 261/345/317 260/344/316 266/350/322
f 260/344/316 267/351/323 266/350/322
f 267/351/323 268/352/324 266/350/322
f 266/350/322 268/352/324 269/353/325
f 268/352/324 270/354/326 269/353/325
f 269/353/325 270/354/326 271/355/327
f 270/354/326 272/356/328 271/355/327
f 272/356/328 273/357/329 271/355/327
f 271/355/327 273/357/329 274/358/330
f 273/357/329 275/359/331 274/358/330
f 274/358/330 275/359/331 264/348/320
f 275/359/331 276/360/332 264/348/320
f 264/348/320 276/360/332 229/313/285
f 229/313/285 276/360/332 228/312/284
f 228/312/284 276/360/332 227/311/283
f 276/360/332 277/361/333 227/311/283
f 227/311/283 277/361/333 242/326/298
f 251/335/307 250/334/306 259/343/315
f 266/350/322 269/353/325 265/349/321
f 269/353/325 274/358/330 265/349/321
f 265/349/321 274/358/330 264/348/320
f 269/353/325 271/355/327 274/358/330
f 277/361/333 276/360/332 278/362/334
f 276/360/332 275/359/331 278/362/334
f 278/362/334 275/359/331 279/363/335
f 275/359/331 273/357/329 279/363/335
f 279/363/335 273/357/329 280/364/336
f 273/357/329 272/356/328 280/364/336
f 272/356/328 281/365/337 280/364/336
f 281/365/337 282/366/338 280/364/336
f 280/364/336 282/366/338 283/367/339
f 282/366/338 284/368/340 283/367/339
f 284/368/340 285/369/341 283/367/339
f 283/367/339 285/369/341 286/370/342
f 285/369/341 287/371/343 286/370/342
f 286/370/342 287/371/343 277/361/333
f 287/371/343 288/372/344 277/361/333
f 277/361/333 288/372/344 242/326/298
f 288/372/344 289/373/345 242/326/298
f 242/326/298 289/373/345 225/309/281
f 225/309/281 289/373/345 184/268/240
f 184/268/240 289/373/345 181/265/237
f 289/373/345 290/374/346 181/265/237
f 181/265/237 290/374/346 180/264/236
f 180/264/236 290/374/346 291/375/347
f 290/374/346 289/373/345 291/375/347
f 289/373/345 288/372/344 291/375/347
f 288/372/344 287/371/343 291/375/347
f 291/375/347 287/371/343 292/376/348
f 287/371/343 285/369/341 292/376/348
f 292/376/348 285/369/341 293/377/349
f 285/369/341 284/368/340 293/377/349
f 293/377/349 284/368/340 294/378/350
f 294/378/350 284/368/340 295/379/351
f 284/368/340 282/366/338 295/379/351
f 295/379/351 282/366/338 296/380/352
f 282/366/338 281/365/337 296/380/352
f 296/380/352 281/365/337 297/381/353
f 281/365/337 272/356/328 297/381/353
f 297/381/353 272/356/328 298/382/354
f 272/356/328 270/354/326 298/382/354
f 270/354/326 299/383/355 298/382/354
f 299/383/355 300/384/356 298/382/354
f 298/382/354 300/384/356 297/381/353
f 297/381/353 300/384/356 301/385/357
f 301/385/357 300/384/356 302/386/358
f 302/386/358 300/384/356 303/387/359
f 300/384/356 299/383/355 303/387/359
f 303/387/359 299/383/355 304/388/360
f 299/383/355 270/354/326 304/388/360
f 270/354/326 268/352/324 304/388/360
f 304/388/360 268/352/324 305/389/361
f 268/352/324 267/351/323 305/389/361
f 267/351/323 260/344/316 305/389/361
f 305/389/361 260/344/316 306/390/362
f 260/344/316 259/343/315 306/390/362
f 277/361/333 278/362/334 286/370/342
f 278/362/334 279/363/335 286/370/342
f 286/370/342 279/363/335 283/367/339
f 279/363/335 280/364/336 283/367/339
f 306/390/362 307/391/363 305/389/361
f 307/391/363 308/392/364 305/389/361
f 305/389/361 308/392/364 304/388/360
f 308/392/364 309/393/365 304/388/360
f 304/388/360 309/393/365 303/387/359
f 309/393/365 310/394/366 303/387/359
f 303/387/359 310/394/366 302/386/358
f 310/394/366 309/393/365 311/395/367
f 309/393/365 308/392/364 311/395/367
f 311/395/367 308/392/364 312/396/368
f 308/392/364 307/391/363 312/396/368
f 312/396/368 313/397/369 311/395/367
f 313/397/369 314/398/370 311/395/367
f 311/395/367 314/398/370 310/394/366
f 314/398/370 313/397/369 315/399/246
f 315/399/246 313/397/369 316/400/371
f 313/397/369 317/401/372 316/400/371
f 316/400/371 317/401/372 318/402/373
f 313/397/369 312/396/368 317/401/372
f 317/401/372 312/396/368 319/403/374
f 312/396/368 307/391/363 319/403/374
f 319/403/374 307/391/363 320/404/375
f 307/391/363 306/390/362 320/404/375
f 306/390/362 259/343/315 320/404/375
f 320/404/375 259/343/315 321/405/376
f 259/343/315 250/334/306 321/405/376
f 321/405/376 250/334/306 322/406/377
f 250/334/306 248/332/304 322/406/377
f 322/406/377 248/332/304 323/407/378
f 248/332/304 247/331/303 323/407/378
f 247/331/303 203/287/259 323/407/378
f 323/407/378 203/287/259 324/408/379
f 203/287/259 325/409/380 324/408/379
f 324/408/379 325/409/380 326/410/381
f 325/409/380 327/411/382 326/410/381
f 326/410/381 327/411/382 328/412/256
f 203/287/259 327/411/382 325/409/380
f 326/410/381 329/413/383 324/408/379
f 324/408/379 329/413/383 323/407/378
f 323/407/378 329/413/383 322/406/377
f 329/413/383 330/414/384 322/406/377
f 322/406/377 330/414/384 321/405/376
f 321/405/376 330/414/384 320/404/375
f 330/414/384 331/415/385 320/404/375
f 320/404/375 331/415/385 319/403/374
f 331/415/385 332/416/386 319/403/374
f 319/403/374 332/416/386 317/401/372
f 317/401/372 332/416/386 318/402/373
f 318/402/373 332/416/386 333/417/252
f 333/417/252 332/416/386 334/418/387
f 332/416/386 331/415/385 334/418/387
f 331/415/385 330/414/384 334/418/387
f 334/418/387 330/414/384 335/419/388
f 330/414/384 329/413/383 335/419/388
f 329/413/383 326/410/381 335/419/388
f 326/410/381 328/412/256 335/419/388
f 328/412/256 336/420/254 335/419/388
f 335/419/388 336/420/254 334/418/387
f 336/420/254 333/417/252 334/418/387
f 337/421/141 338/422/389 339/423/390
f 339/423/390 338/422/389 340/424/391
f 338/422/389 341/425/392 340/424/391
f 340/424/391 341/425/392 342/426/393
f 341/425/392 92/144/124 342/426/393
f 92/144/124 343/427/394 342/426/393
f 342/426/393 343/427/394 340/424/391
f 337/421/141 339/423/390 344/428/395
f 339/423/390 345/429/396 344/428/395
f 344/428/395 345/429/396 346/430/145
f 345/429/396 347/431/397 346/430/145
f 346/430/145 347/431/397 348/432/398
f 347/431/397 349/433/399 348/432/398
f 348/432/398 349/433/399 350/434/400
f 349/433/399 351/435/401 350/434/400
f 350/434/400 351/435/401 352/436/402
f 351/435/401 353/437/403 352/436/402
f 352/436/402 353/437/403 354/438/404
f 353/437/403 355/439/405 354/438/404
f 354/438/404 355/439/405 356/440/180
f 355/439/405 357/441/406 356/440/180
f 356/440/180 357/441/406 358/442/407
f 357/441/406 355/439/405 359/443/408
f 355/439/405 353/437/403 359/443/408
f 359/443/408 353/437/403 360/444/409
f 353/437/403 351/435/401 360/444/409
f 360/444/409 351/435/401 361/445/410
f 351/435/401 349/433/399 361/445/410
f 361/445/410 349/433/399 362/446/411
f 349/433/399 347/431/397 362/446/411
f 1976/447/412 1977/448/413 1972/449/414
f 1970/450/415 1976/447/412 1972/449/414
f 362/446/411 363/451/416 361/445/410
f 363/451/416 364/452/417 361/445/410
f 361/445/410 364/452/417 360/444/409
f 364/452/417 365/453/418 360/444/409
f 360/444/409 365/453/418 359/443/408
f 1975/454/419 1976/447/412 1970/450/415
f 1973/455/420 1975/454/419 1970/450/415
f 1925/456/421 1926/457/422 1977/448/413
f 1976/447/412 1925/456/421 1977/448/413
f 365/453/418 364/452/417 366/458/423
f 366/458/423 364/452/417 367/459/424
f 364/452/417 363/451/416 367/459/424
f 367/459/424 363/451/416 368/460/425
f 363/451/416 362/446/411 368/460/425
f 368/460/425 362/446/411 369/461/426
f 362/446/411 370/462/427 369/461/426
f 369/461/426 370/462/427 371/463/428
f 370/462/427 347/431/397 371/463/428
f 1924/464/429 1925/456/421 1976/447/412
f 347/431/397 345/429/396 371/463/428
f 1975/454/419 1924/464/429 1976/447/412
f 345/429/396 339/423/390 371/463/428
f 371/463/428 339/423/390 372/465/430
f 1923/466/431 1924/464/429 1975/454/419
f 372/465/430 339/423/390 373/467/432
f 339/423/390 340/424/391 373/467/432
f 1921/468/433 1923/466/431 1975/454/419
f 340/424/391 343/427/394 373/467/432
f 373/467/432 343/427/394 374/469/434
f 1973/455/420 1921/468/433 1975/454/419
f 374/469/434 343/427/394 375/470/435
f 343/427/394 92/144/124 375/470/435
f 1920/471/436 1921/468/433 1973/455/420
f 92/144/124 376/472/437 375/470/435
f 375/470/435 376/472/437 377/473/438
f 1974/474/439 1920/471/436 1973/455/420
f 377/473/438 376/472/437 378/475/440
f 376/472/437 92/144/124 378/475/440
f 378/475/440 92/144/124 379/476/441
f 92/144/124 380/477/442 379/476/441
f 1969/478/443 1974/474/439 1973/455/420
f 380/477/442 381/479/444 379/476/441
f 379/476/441 381/479/444 378/475/440
f 381/479/444 382/480/445 378/475/440
f 378/475/440 382/480/445 377/473/438
f 382/480/445 383/481/446 377/473/438
f 1970/450/415 1969/478/443 1973/455/420
f 383/481/446 384/482/447 377/473/438
f 377/473/438 384/482/447 374/469/434
f 1970/450/415 1972/449/414 1971/483/448
f 374/469/434 384/482/447 373/467/432
f 1969/478/443 1970/450/415 1971/483/448
f 373/467/432 384/482/447 372/465/430
f 1967/484/449 1966/485/450 1968/486/451
f 372/465/430 384/482/447 385/487/452
f 384/482/447 383/481/446 385/487/452
f 1963/488/453 1967/484/449 1962/489/454
f 1966/485/450 1967/484/449 1963/488/453
f 1964/490/455 1966/485/450 1963/488/453
f 1959/491/456 1958/492/457 1965/493/436
f 362/446/411 347/431/397 370/462/427
f 1964/490/455 1959/491/456 1965/493/436
f 1960/494/458 1959/491/456 1964/490/455
f 1963/488/453 1960/494/458 1964/490/455
f 1961/495/459 1960/494/458 1963/488/453
f 375/470/435 377/473/438 374/469/434
f 1962/489/454 1961/495/459 1963/488/453
f 1936/496/460 1961/495/459 1962/489/454
f 1935/497/461 1961/495/459 1936/496/460
f 1953/498/462 1961/495/459 1935/497/461
f 92/144/124 91/142/123 380/477/442
f 1960/494/458 1961/495/459 1953/498/462
f 1952/499/463 1960/494/458 1953/498/462
f 1959/491/456 1960/494/458 1952/499/463
f 1954/500/464 1959/491/456 1952/499/463
f 372/465/430 385/487/452 371/463/428
f 371/463/428 385/487/452 369/461/426
f 385/487/452 386/501/465 369/461/426
f 369/461/426 386/501/465 387/502/466
f 386/501/465 388/503/467 387/502/466
f 1958/492/457 1959/491/456 1954/500/464
f 388/503/467 389/504/468 387/502/466
f 387/502/466 389/504/468 390/505/469
f 389/504/468 391/506/470 390/505/469
f 390/505/469 391/506/470 367/459/424
f 391/506/470 392/507/471 367/459/424
f 367/459/424 392/507/471 366/458/423
f 1955/508/472 1958/492/457 1954/500/464
f 366/458/423 392/507/471 393/509/473
f 1957/510/474 1958/492/457 1955/508/472
f 393/509/473 392/507/471 394/511/475
f 1956/512/476 1957/510/474 1955/508/472
f 394/511/475 392/507/471 395/513/477
f 392/507/471 391/506/470 395/513/477
f 395/513/477 391/506/470 396/514/478
f 1949/515/479 1956/512/476 1955/508/472
f 396/514/478 391/506/470 397/516/480
f 391/506/470 389/504/468 397/516/480
f 1948/517/481 1949/515/479 1955/508/472
f 389/504/468 388/503/467 397/516/480
f 1954/500/464 1948/517/481 1955/508/472
f 388/503/467 398/518/482 397/516/480
f 1938/519/483 1951/520/484 1937/521/485
f 398/518/482 399/522/486 397/516/480
f 1944/523/487 1951/520/484 1938/519/483
f 399/522/486 400/524/488 397/516/480
f 397/516/480 400/524/488 396/514/478
f 400/524/488 401/525/489 396/514/478
f 396/514/478 401/525/489 395/513/477
f 401/525/489 402/526/490 395/513/477
f 395/513/477 402/526/490 394/511/475
f 402/526/490 403/527/491 394/511/475
f 1950/528/492 1954/500/464 1952/499/463
f 403/527/491 404/529/493 394/511/475
f 1948/517/481 1954/500/464 1950/528/492
f 404/529/493 405/530/494 394/511/475
f 394/511/475 405/530/494 393/509/473
f 1946/531/495 1948/517/481 1950/528/492
f 393/509/473 405/530/494 366/458/423
f 405/530/494 406/532/496 366/458/423
f 366/458/423 406/532/496 365/453/418
f 406/532/496 407/533/497 365/453/418
f 365/453/418 407/533/497 359/443/408
f 407/533/497 408/534/498 359/443/408
f 359/443/408 408/534/498 357/441/406
f 408/534/498 409/535/499 357/441/406
f 357/441/406 409/535/499 358/442/407
f 409/535/499 410/536/500 358/442/407
f 358/442/407 410/536/500 411/537/184
f 1953/498/462 1935/497/461 1937/521/485
f 1951/520/484 1953/498/462 1937/521/485
f 1952/499/463 1953/498/462 1951/520/484
f 1950/528/492 1952/499/463 1951/520/484
f 367/459/424 368/460/425 390/505/469
f 390/505/469 368/460/425 387/502/466
f 368/460/425 369/461/426 387/502/466
f 1944/523/487 1950/528/492 1951/520/484
f 1946/531/495 1950/528/492 1944/523/487
f 1943/538/501 1946/531/495 1944/523/487
f 1947/539/502 1949/515/479 1948/517/481
f 385/487/452 383/481/446 386/501/465
f 383/481/446 388/503/467 386/501/465
f 1946/531/495 1947/539/502 1948/517/481
f 1945/540/503 1947/539/502 1946/531/495
f 1943/538/501 1945/540/503 1946/531/495
f 1942/541/504 1945/540/503 1943/538/501
f 410/536/500 409/535/499 412/542/505
f 409/535/499 408/534/498 412/542/505
f 1939/543/506 1944/523/487 1938/519/483
f 408/534/498 407/533/497 412/542/505
f 412/542/505 407/533/497 413/544/507
f 407/533/497 414/545/508 413/544/507
f 413/544/507 414/545/508 415/546/509
f 414/545/508 416/547/510 415/546/509
f 1943/538/501 1944/523/487 1939/543/506
f 416/547/510 417/548/511 415/546/509
f 1940/549/512 1943/538/501 1939/543/506
f 417/548/511 418/550/513 415/546/509
f 415/546/509 418/550/513 413/544/507
f 418/550/513 419/551/514 413/544/507
f 413/544/507 419/551/514 412/542/505
f 419/551/514 420/552/515 412/542/505
f 412/542/505 420/552/515 410/536/500
f 1942/541/504 1943/538/501 1940/549/512
f 1941/553/516 1942/541/504 1940/549/512
f 1901/554/517 1903/555/518 1941/553/516
f 1940/549/512 1901/554/517 1941/553/516
f 407/533/497 406/532/496 414/545/508
f 1900/556/519 1901/554/517 1940/549/512
f 406/532/496 405/530/494 414/545/508
f 414/545/508 405/530/494 416/547/510
f 1939/543/506 1900/556/519 1940/549/512
f 1899/557/520 1900/556/519 1939/543/506
f 1938/519/483 1899/557/520 1939/543/506
f 1932/558/521 1899/557/520 1938/519/483
f 420/552/515 419/551/514 421/559/522
f 421/559/522 419/551/514 418/550/513
f 1937/521/485 1932/558/521 1938/519/483
f 1933/560/523 1932/558/521 1937/521/485
f 1935/497/461 1933/560/523 1937/521/485
f 1934/561/524 1935/497/461 1936/496/460
f 410/536/500 420/552/515 422/562/525
f 422/562/525 420/552/515 423/563/526
f 420/552/515 421/559/522 423/563/526
f 1933/560/523 1935/497/461 1934/561/524
f 1931/564/527 1933/560/523 1934/561/524
f 1930/565/528 1933/560/523 1931/564/527
f 1932/558/521 1933/560/523 1930/565/528
f 410/536/500 422/562/525 411/537/184
f 1898/566/529 1899/557/520 1932/558/521
f 411/537/184 422/562/525 424/567/530
f 1930/565/528 1898/566/529 1932/558/521
f 424/567/530 422/562/525 425/568/188
f 422/562/525 426/569/531 425/568/188
f 425/568/188 426/569/531 427/570/190
f 1897/571/532 1898/566/529 1930/565/528
f 1922/572/533 1912/573/534 1909/574/535
f 1914/575/536 1912/573/534 1922/572/533
f 1918/576/537 1914/575/536 1922/572/533
f 426/569/531 422/562/525 428/577/538
f 1929/578/539 1930/565/528 1931/564/527
f 422/562/525 423/563/526 428/577/538
f 428/577/538 423/563/526 429/579/540
f 423/563/526 421/559/522 429/579/540
f 429/579/540 421/559/522 430/580/541
f 421/559/522 418/550/513 430/580/541
f 430/580/541 418/550/513 431/581/542
f 418/550/513 417/548/511 431/581/542
f 431/581/542 417/548/511 432/582/543
f 1897/571/532 1930/565/528 1929/578/539
f 432/582/543 417/548/511 433/583/544
f 417/548/511 434/584/545 433/583/544
f 433/583/544 434/584/545 435/585/546
f 1928/586/547 1897/571/532 1929/578/539
f 435/585/546 434/584/545 436/587/548
f 434/584/545 404/529/493 436/587/548
f 436/587/548 404/529/493 403/527/491
f 1894/588/549 1897/571/532 1928/586/547
f 1927/589/550 1894/588/549 1928/586/547
f 1895/590/551 1894/588/549 1927/589/550
f 1926/457/422 1895/590/551 1927/589/550
f 417/548/511 416/547/510 434/584/545
f 1925/456/421 1895/590/551 1926/457/422
f 416/547/510 405/530/494 434/584/545
f 434/584/545 405/530/494 404/529/493
f 1896/591/552 1895/590/551 1925/456/421
f 1924/464/429 1896/591/552 1925/456/421
f 1910/592/553 1896/591/552 1924/464/429
f 1923/466/431 1910/592/553 1924/464/429
f 435/585/546 437/593/554 433/583/544
f 433/583/544 437/593/554 432/582/543
f 437/593/554 438/594/555 432/582/543
f 1909/574/535 1910/592/553 1923/466/431
f 438/594/555 439/595/556 432/582/543
f 432/582/543 439/595/556 431/581/542
f 439/595/556 440/596/557 431/581/542
f 431/581/542 440/596/557 430/580/541
f 440/596/557 441/597/558 430/580/541
f 430/580/541 441/597/558 442/598/559
f 441/597/558 443/599/560 442/598/559
f 1922/572/533 1909/574/535 1923/466/431
f 443/599/560 444/600/561 442/598/559
f 442/598/559 444/600/561 429/579/540
f 444/600/561 428/577/538 429/579/540
f 1921/468/433 1922/572/533 1923/466/431
f 1918/576/537 1922/572/533 1921/468/433
f 1920/471/436 1918/576/537 1921/468/433
f 1919/601/562 1918/576/537 1920/471/436
f 439/595/556 441/597/558 440/596/557
f 1916/602/563 1918/576/537 1919/601/562
f 1914/575/536 1918/576/537 1916/602/563
f 1912/573/534 1908/603/564 1909/574/535
f 1915/604/565 1916/602/563 1917/605/566
f 430/580/541 442/598/559 429/579/540
f 1914/575/536 1916/602/563 1915/604/565
f 1913/606/567 1914/575/536 1915/604/565
f 1912/573/534 1914/575/536 1913/606/567
f 1911/607/568 1912/573/534 1913/606/567
f 441/597/558 445/608/569 443/599/560
f 445/608/569 446/609/570 443/599/560
f 443/599/560 446/609/570 447/610/571
f 1908/603/564 1912/573/534 1911/607/568
f 447/610/571 446/609/570 448/611/572
f 1906/612/573 1908/603/564 1911/607/568
f 448/611/572 446/609/570 449/613/574
f 446/609/570 445/608/569 449/613/574
f 449/613/574 445/608/569 450/614/575
f 445/608/569 441/597/558 450/614/575
f 450/614/575 441/597/558 451/615/576
f 441/597/558 439/595/556 451/615/576
f 451/615/576 439/595/556 452/616/577
f 439/595/556 438/594/555 452/616/577
f 1905/617/578 1908/603/564 1906/612/573
f 1888/618/579 1887/619/580 1907/620/581
f 1910/592/553 1887/619/580 1896/591/552
f 1907/620/581 1887/619/580 1910/592/553
f 443/599/560 447/610/571 444/600/561
f 1909/574/535 1907/620/581 1910/592/553
f 1908/603/564 1907/620/581 1909/574/535
f 1905/617/578 1907/620/581 1908/603/564
f 1888/618/579 1907/620/581 1905/617/578
f 452/616/577 453/621/582 451/615/576
f 451/615/576 453/621/582 450/614/575
f 453/621/582 454/622/583 450/614/575
f 450/614/575 454/622/583 455/623/584
f 454/622/583 456/624/585 455/623/584
f 1902/625/586 1888/618/579 1905/617/578
f 456/624/585 457/626/587 455/623/584
f 1890/627/588 1888/618/579 1902/625/586
f 457/626/587 449/613/574 455/623/584
f 455/623/584 449/613/574 450/614/575
f 1904/628/589 1905/617/578 1906/612/573
f 1902/625/586 1905/617/578 1904/628/589
f 1903/555/518 1902/625/586 1904/628/589
f 1901/554/517 1902/625/586 1903/555/518
f 456/624/585 454/622/583 458/629/590
f 458/629/590 454/622/583 459/630/591
f 454/622/583 453/621/582 459/630/591
f 459/630/591 453/621/582 460/631/592
f 453/621/582 452/616/577 460/631/592
f 460/631/592 452/616/577 461/632/593
f 452/616/577 438/594/555 461/632/593
f 461/632/593 438/594/555 462/633/594
f 438/594/555 437/593/554 462/633/594
f 462/633/594 437/593/554 463/634/595
f 437/593/554 435/585/546 463/634/595
f 463/634/595 435/585/546 464/635/596
f 435/585/546 436/587/548 464/635/596
f 464/635/596 436/587/548 465/636/597
f 436/587/548 403/527/491 465/636/597
f 465/636/597 403/527/491 466/637/598
f 403/527/491 402/526/490 466/637/598
f 466/637/598 402/526/490 467/638/599
f 402/526/490 401/525/489 467/638/599
f 467/638/599 401/525/489 468/639/600
f 401/525/489 400/524/488 468/639/600
f 468/639/600 400/524/488 469/640/601
f 400/524/488 399/522/486 469/640/601
f 469/640/601 399/522/486 470/641/602
f 1890/627/588 1902/625/586 1901/554/517
f 470/641/602 399/522/486 471/642/603
f 399/522/486 398/518/482 471/642/603
f 471/642/603 398/518/482 472/643/604
f 398/518/482 388/503/467 472/643/604
f 472/643/604 388/503/467 473/644/605
f 388/503/467 383/481/446 473/644/605
f 1900/556/519 1890/627/588 1901/554/517
f 383/481/446 382/480/445 473/644/605
f 473/644/605 382/480/445 472/643/604
f 382/480/445 381/479/444 472/643/604
f 472/643/604 381/479/444 474/645/606
f 381/479/444 380/477/442 474/645/606
f 1891/646/607 1890/627/588 1900/556/519
f 380/477/442 91/142/123 474/645/606
f 474/645/606 91/142/123 475/647/608
f 91/142/123 90/140/121 475/647/608
f 475/647/608 90/140/121 476/648/609
f 1899/557/520 1891/646/607 1900/556/519
f 476/648/609 90/140/121 477/649/610
f 90/140/121 88/138/119 477/649/610
f 1898/566/529 1891/646/607 1899/557/520
f 88/138/119 86/136/117 477/649/610
f 1892/650/611 1891/646/607 1898/566/529
f 86/136/117 98/156/136 477/649/610
f 477/649/610 98/156/136 478/651/612
f 98/156/136 115/194/168 478/651/612
f 1897/571/532 1892/650/611 1898/566/529
f 1894/588/549 1892/650/611 1897/571/532
f 1893/652/613 1887/619/580 1889/653/614
f 1896/591/552 1887/619/580 1893/652/613
f 472/643/604 474/645/606 471/642/603
f 474/645/606 475/647/608 471/642/603
f 471/642/603 475/647/608 470/641/602
f 475/647/608 476/648/609 470/641/602
f 470/641/602 476/648/609 479/654/615
f 476/648/609 478/651/612 479/654/615
f 479/654/615 478/651/612 480/655/616
f 478/651/612 115/194/168 480/655/616
f 1895/590/551 1896/591/552 1893/652/613
f 115/194/168 114/192/167 480/655/616
f 480/655/616 114/192/167 481/656/617
f 114/192/167 116/200/172 481/656/617
f 1894/588/549 1895/590/551 1893/652/613
f 1892/650/611 1894/588/549 1893/652/613
f 1889/653/614 1892/650/611 1893/652/613
f 1891/646/607 1892/650/611 1889/653/614
f 476/648/609 477/649/610 478/651/612
f 1890/627/588 1891/646/607 1889/653/614
f 1888/618/579 1890/627/588 1889/653/614
f 1887/619/580 1888/618/579 1889/653/614
f 1831/657/618 1832/658/619 1885/659/620
f 470/641/602 479/654/615 469/640/601
f 469/640/601 479/654/615 482/660/621
f 479/654/615 480/655/616 482/660/621
f 1886/661/622 1831/657/618 1885/659/620
f 480/655/616 481/656/617 482/660/621
f 482/660/621 481/656/617 483/662/623
f 481/656/617 484/663/624 483/662/623
f 1830/664/625 1831/657/618 1886/661/622
f 484/663/624 485/665/626 483/662/623
f 483/662/623 485/665/626 467/638/599
f 485/665/626 466/637/598 467/638/599
f 1857/666/627 1830/664/625 1886/661/622
f 1885/659/620 1857/666/627 1886/661/622
f 1860/667/628 1857/666/627 1885/659/620
f 1883/668/629 1860/667/628 1885/659/620
f 469/640/601 482/660/621 468/639/600
f 482/660/621 483/662/623 468/639/600
f 468/639/600 483/662/623 467/638/599
f 1832/658/619 1883/668/629 1885/659/620
f 1884/669/630 1883/668/629 1832/658/619
f 1833/670/631 1884/669/630 1832/658/619
f 1834/671/632 1884/669/630 1833/670/631
f 481/656/617 116/200/172 484/663/624
f 1881/672/633 1884/669/630 1834/671/632
f 116/200/172 117/201/173 484/663/624
f 1882/673/634 1884/669/630 1881/672/633
f 117/201/173 486/674/635 484/663/624
f 484/663/624 486/674/635 485/665/626
f 486/674/635 487/675/636 485/665/626
f 485/665/626 487/675/636 466/637/598
f 1883/668/629 1884/669/630 1882/673/634
f 466/637/598 487/675/636 465/636/597
f 487/675/636 488/676/637 465/636/597
f 465/636/597 488/676/637 464/635/596
f 488/676/637 489/677/638 464/635/596
f 464/635/596 489/677/638 463/634/595
f 489/677/638 490/678/639 463/634/595
f 463/634/595 490/678/639 462/633/594
f 490/678/639 491/679/640 462/633/594
f 462/633/594 491/679/640 461/632/593
f 491/679/640 492/680/641 461/632/593
f 461/632/593 492/680/641 460/631/592
f 492/680/641 493/681/642 460/631/592
f 460/631/592 493/681/642 459/630/591
f 493/681/642 494/682/643 459/630/591
f 459/630/591 494/682/643 458/629/590
f 494/682/643 495/683/644 458/629/590
f 1862/684/645 1860/667/628 1883/668/629
f 495/683/644 496/685/646 458/629/590
f 458/629/590 496/685/646 456/624/585
f 496/685/646 497/686/647 456/624/585
f 456/624/585 497/686/647 457/626/587
f 497/686/647 498/687/648 457/626/587
f 457/626/587 498/687/648 499/688/649
f 498/687/648 500/689/650 499/688/649
f 499/688/649 500/689/650 501/690/651
f 1882/673/634 1862/684/645 1883/668/629
f 501/690/651 500/689/650 502/691/652
f 500/689/650 498/687/648 502/691/652
f 502/691/652 498/687/648 503/692/653
f 1864/693/654 1862/684/645 1882/673/634
f 503/692/653 498/687/648 504/694/655
f 498/687/648 497/686/647 504/694/655
f 504/694/655 497/686/647 505/695/656
f 497/686/647 496/685/646 505/695/656
f 505/695/656 496/685/646 506/696/657
f 496/685/646 495/683/644 506/696/657
f 1880/697/658 1864/693/654 1882/673/634
f 1881/672/633 1880/697/658 1882/673/634
f 1879/698/659 1880/697/658 1881/672/633
f 1836/699/660 1881/672/633 1834/671/632
f 457/626/587 499/688/649 449/613/574
f 1879/698/659 1881/672/633 1836/699/660
f 449/613/574 499/688/649 448/611/572
f 499/688/649 501/690/651 448/611/572
f 1837/700/661 1879/698/659 1836/699/660
f 1877/701/662 1879/698/659 1837/700/661
f 1878/702/663 1868/703/664 1866/704/665
f 1875/705/666 1868/703/664 1878/702/663
f 506/696/657 507/706/667 505/695/656
f 507/706/667 508/707/668 505/695/656
f 505/695/656 508/707/668 504/694/655
f 508/707/668 509/708/669 504/694/655
f 504/694/655 509/708/669 503/692/653
f 509/708/669 510/709/670 503/692/653
f 503/692/653 510/709/670 502/691/652
f 510/709/670 511/710/671 502/691/652
f 1880/697/658 1866/704/665 1864/693/654
f 511/710/671 512/711/672 502/691/652
f 1878/702/663 1866/704/665 1880/697/658
f 512/711/672 513/712/673 502/691/652
f 502/691/652 513/712/673 501/690/651
f 513/712/673 514/713/674 501/690/651
f 1879/698/659 1878/702/663 1880/697/658
f 514/713/674 515/714/675 501/690/651
f 501/690/651 515/714/675 448/611/572
f 515/714/675 516/715/676 448/611/572
f 448/611/572 516/715/676 447/610/571
f 516/715/676 517/716/677 447/610/571
f 447/610/571 517/716/677 444/600/561
f 517/716/677 518/717/678 444/600/561
f 444/600/561 518/717/678 428/577/538
f 518/717/678 519/718/679 428/577/538
f 428/577/538 519/718/679 426/569/531
f 1877/701/662 1878/702/663 1879/698/659
f 426/569/531 519/718/679 427/570/190
f 1875/705/666 1878/702/663 1877/701/662
f 427/570/190 519/718/679 520/719/680
f 519/718/679 521/720/681 520/719/680
f 520/719/680 521/720/681 522/721/682
f 1876/722/683 1875/705/666 1877/701/662
f 1874/723/684 1875/705/666 1876/722/683
f 1838/724/685 1877/701/662 1837/700/661
f 1876/722/683 1877/701/662 1838/724/685
f 518/717/678 517/716/677 519/718/679
f 519/718/679 517/716/677 521/720/681
f 517/716/677 523/725/686 521/720/681
f 521/720/681 523/725/686 524/726/687
f 1839/727/688 1876/722/683 1838/724/685
f 524/726/687 523/725/686 525/728/689
f 523/725/686 515/714/675 525/728/689
f 525/728/689 515/714/675 514/713/674
f 1850/729/690 1876/722/683 1839/727/688
f 1874/723/684 1876/722/683 1850/729/690
f 1851/730/691 1874/723/684 1850/729/690
f 1870/731/692 1868/703/664 1875/705/666
f 517/716/677 516/715/676 523/725/686
f 523/725/686 516/715/676 515/714/675
f 1874/723/684 1870/731/692 1875/705/666
f 1872/732/693 1870/731/692 1874/723/684
f 1851/730/691 1872/732/693 1874/723/684
f 1852/733/694 1872/732/693 1851/730/691
f 521/720/681 524/726/687 522/721/682
f 522/721/682 524/726/687 526/734/695
f 524/726/687 527/735/696 526/734/695
f 526/734/695 527/735/696 528/736/697
f 527/735/696 529/737/698 528/736/697
f 528/736/697 529/737/698 530/738/699
f 529/737/698 531/739/700 530/738/699
f 530/738/699 531/739/700 532/740/213
f 1873/741/701 1852/733/694 1853/742/702
f 1872/732/693 1852/733/694 1873/741/701
f 1871/743/703 1872/732/693 1873/741/701
f 1870/731/692 1872/732/693 1871/743/703
f 524/726/687 525/728/689 527/735/696
f 527/735/696 525/728/689 533/744/704
f 525/728/689 514/713/674 533/744/704
f 533/744/704 514/713/674 534/745/705
f 514/713/674 513/712/673 534/745/705
f 1869/746/706 1870/731/692 1871/743/703
f 513/712/673 512/711/672 534/745/705
f 534/745/705 512/711/672 535/747/707
f 512/711/672 536/748/708 535/747/707
f 535/747/707 536/748/708 537/749/709
f 1868/703/664 1870/731/692 1869/746/706
f 537/749/709 536/748/708 538/750/710
f 536/748/708 511/710/671 538/750/710
f 538/750/710 511/710/671 510/709/670
f 1867/751/454 1868/703/664 1869/746/706
f 1866/704/665 1868/703/664 1867/751/454
f 1865/752/449 1866/704/665 1867/751/454
f 1864/693/654 1866/704/665 1865/752/449
f 527/735/696 533/744/704 529/737/698
f 529/737/698 533/744/704 531/739/700
f 533/744/704 539/753/711 531/739/700
f 531/739/700 539/753/711 540/754/712
f 1863/755/713 1864/693/654 1865/752/449
f 540/754/712 539/753/711 541/756/714
f 539/753/711 534/745/705 541/756/714
f 1862/684/645 1864/693/654 1863/755/713
f 534/745/705 535/747/707 541/756/714
f 541/756/714 535/747/707 542/757/715
f 535/747/707 537/749/709 542/757/715
f 1861/758/716 1862/684/645 1863/755/713
f 1860/667/628 1862/684/645 1861/758/716
f 1859/759/413 1860/667/628 1861/758/716
f 1857/666/627 1860/667/628 1859/759/413
f 511/710/671 536/748/708 512/711/672
f 1858/760/422 1857/666/627 1859/759/413
f 1855/761/550 1857/666/627 1858/760/422
f 1802/762/717 1822/763/718 1819/764/719
f 1835/765/720 1818/766/721 1820/767/722
f 533/744/704 534/745/705 539/753/711
f 1817/768/723 1818/766/721 1835/765/720
f 1816/769/724 1817/768/723 1835/765/720
f 1856/770/725 1845/771/726 1830/664/625
f 1857/666/627 1856/770/725 1830/664/625
f 531/739/700 540/754/712 532/740/213
f 540/754/712 543/772/727 532/740/213
f 532/740/213 543/772/727 544/773/728
f 1855/761/550 1856/770/725 1857/666/627
f 1845/771/726 1856/770/725 1855/761/550
f 1854/774/547 1845/771/726 1855/761/550
f 1846/775/729 1845/771/726 1854/774/547
f 540/754/712 541/756/714 543/772/727
f 543/772/727 541/756/714 545/776/730
f 541/756/714 542/757/715 545/776/730
f 545/776/730 542/757/715 546/777/731
f 542/757/715 537/749/709 546/777/731
f 1853/742/702 1846/775/729 1854/774/547
f 1852/733/694 1846/775/729 1853/742/702
f 1847/778/732 1846/775/729 1852/733/694
f 1851/730/691 1847/778/732 1852/733/694
f 543/772/727 545/776/730 547/779/733
f 1848/780/734 1847/778/732 1851/730/691
f 547/779/733 545/776/730 548/781/735
f 545/776/730 546/777/731 548/781/735
f 1850/729/690 1848/780/734 1851/730/691
f 1849/782/736 1848/780/734 1850/729/690
f 1839/727/688 1849/782/736 1850/729/690
f 1840/783/737 1849/782/736 1839/727/688
f 543/772/727 547/779/733 544/773/728
f 1841/784/738 1849/782/736 1840/783/737
f 544/773/728 547/779/733 549/785/739
f 1842/786/740 1849/782/736 1841/784/738
f 549/785/739 547/779/733 550/787/219
f 547/779/733 551/788/741 550/787/219
f 550/787/219 551/788/741 552/789/221
f 1848/780/734 1849/782/736 1842/786/740
f 1843/790/742 1848/780/734 1842/786/740
f 1847/778/732 1848/780/734 1843/790/742
f 1844/791/743 1847/778/732 1843/790/742
f 551/788/741 547/779/733 553/792/744
f 1846/775/729 1847/778/732 1844/791/743
f 547/779/733 548/781/735 553/792/744
f 553/792/744 548/781/735 554/793/745
f 548/781/735 546/777/731 554/793/745
f 554/793/745 546/777/731 555/794/746
f 546/777/731 537/749/709 555/794/746
f 555/794/746 537/749/709 556/795/747
f 537/749/709 538/750/710 556/795/747
f 556/795/747 538/750/710 557/796/748
f 1845/771/726 1846/775/729 1844/791/743
f 557/796/748 538/750/710 558/797/749
f 538/750/710 510/709/670 558/797/749
f 558/797/749 510/709/670 559/798/750
f 510/709/670 509/708/669 559/798/750
f 559/798/750 509/708/669 560/799/751
f 509/708/669 508/707/668 560/799/751
f 560/799/751 508/707/668 561/800/752
f 508/707/668 507/706/667 561/800/752
f 1830/664/625 1845/771/726 1844/791/743
f 1829/801/753 1830/664/625 1844/791/743
f 1843/790/742 1829/801/753 1844/791/743
f 1828/802/754 1829/801/753 1843/790/742
f 558/797/749 559/798/750 562/803/755
f 559/798/750 563/804/756 562/803/755
f 562/803/755 563/804/756 564/805/757
f 1842/786/740 1828/802/754 1843/790/742
f 564/805/757 563/804/756 565/806/758
f 563/804/756 566/807/759 565/806/758
f 565/806/758 566/807/759 567/808/760
f 566/807/759 561/800/752 567/808/760
f 567/808/760 561/800/752 568/809/761
f 561/800/752 507/706/667 568/809/761
f 568/809/761 507/706/667 569/810/762
f 507/706/667 506/696/657 569/810/762
f 569/810/762 506/696/657 570/811/763
f 506/696/657 495/683/644 570/811/763
f 570/811/763 495/683/644 571/812/764
f 495/683/644 494/682/643 571/812/764
f 571/812/764 494/682/643 572/813/765
f 494/682/643 493/681/642 572/813/765
f 572/813/765 493/681/642 573/814/766
f 493/681/642 492/680/641 573/814/766
f 573/814/766 492/680/641 574/815/767
f 492/680/641 491/679/640 574/815/767
f 574/815/767 491/679/640 575/816/768
f 491/679/640 490/678/639 575/816/768
f 575/816/768 490/678/639 576/817/769
f 1827/818/770 1828/802/754 1842/786/740
f 576/817/769 490/678/639 577/819/771
f 490/678/639 489/677/638 577/819/771
f 1841/784/738 1827/818/770 1842/786/740
f 489/677/638 488/676/637 577/819/771
f 577/819/771 488/676/637 578/820/772
f 488/676/637 487/675/636 578/820/772
f 1826/821/773 1827/818/770 1841/784/738
f 487/675/636 486/674/635 578/820/772
f 578/820/772 486/674/635 579/822/774
f 486/674/635 117/201/173 579/822/774
f 1825/823/775 1826/821/773 1841/784/738
f 117/201/173 118/202/174 579/822/774
f 579/822/774 118/202/174 580/824/776
f 118/202/174 119/203/175 580/824/776
f 1840/783/737 1825/823/775 1841/784/738
f 119/203/175 581/825/777 580/824/776
f 580/824/776 581/825/777 579/822/774
f 1824/826/778 1825/823/775 1840/783/737
f 1823/827/779 1824/826/778 1840/783/737
f 1839/727/688 1823/827/779 1840/783/737
f 1838/724/685 1823/827/779 1839/727/688
f 561/800/752 566/807/759 560/799/751
f 1821/828/780 1823/827/779 1838/724/685
f 566/807/759 563/804/756 560/799/751
f 560/799/751 563/804/756 559/798/750
f 1837/700/661 1821/828/780 1838/724/685
f 1820/767/722 1821/828/780 1837/700/661
f 1836/699/660 1820/767/722 1837/700/661
f 1835/765/720 1820/767/722 1836/699/660
f 558/797/749 562/803/755 557/796/748
f 557/796/748 562/803/755 582/829/781
f 562/803/755 564/805/757 582/829/781
f 1834/671/632 1835/765/720 1836/699/660
f 1816/769/724 1835/765/720 1834/671/632
f 1833/670/631 1816/769/724 1834/671/632
f 1811/830/782 1816/769/724 1833/670/631
f 119/203/175 122/206/178 581/825/777
f 1810/831/783 1811/830/782 1833/670/631
f 1832/658/619 1810/831/783 1833/670/631
f 1831/657/618 1810/831/783 1832/658/619
f 1809/832/784 1810/831/783 1831/657/618
f 581/825/777 583/833/785 579/822/774
f 579/822/774 583/833/785 578/820/772
f 1815/834/786 1809/832/784 1831/657/618
f 578/820/772 583/833/785 577/819/771
f 583/833/785 584/835/787 577/819/771
f 577/819/771 584/835/787 576/817/769
f 1830/664/625 1815/834/786 1831/657/618
f 1829/801/753 1815/834/786 1830/664/625
f 1807/836/788 1815/834/786 1829/801/753
f 1828/802/754 1807/836/788 1829/801/753
f 583/833/785 581/825/777 584/835/787
f 584/835/787 581/825/777 585/837/789
f 581/825/777 122/206/178 585/837/789
f 1805/838/790 1807/836/788 1828/802/754
f 122/206/178 123/207/179 585/837/789
f 585/837/789 123/207/179 586/839/791
f 123/207/179 125/209/181 586/839/791
f 1827/818/770 1805/838/790 1828/802/754
f 125/209/181 127/211/183 586/839/791
f 1803/840/792 1805/838/790 1827/818/770
f 127/211/183 143/227/199 586/839/791
f 586/839/791 143/227/199 587/841/793
f 143/227/199 144/228/200 587/841/793
f 1826/821/773 1803/840/792 1827/818/770
f 1802/762/717 1803/840/792 1826/821/773
f 1825/823/775 1802/762/717 1826/821/773
f 1824/826/778 1802/762/717 1825/823/775
f 587/841/793 588/842/794 586/839/791
f 1822/763/718 1802/762/717 1824/826/778
f 586/839/791 588/842/794 585/837/789
f 1823/827/779 1822/763/718 1824/826/778
f 585/837/789 588/842/794 584/835/787
f 1821/828/780 1822/763/718 1823/827/779
f 584/835/787 588/842/794 576/817/769
f 588/842/794 587/841/793 576/817/769
f 576/817/769 587/841/793 575/816/768
f 1819/764/719 1822/763/718 1821/828/780
f 575/816/768 587/841/793 574/815/767
f 587/841/793 144/228/200 574/815/767
f 574/815/767 144/228/200 573/814/766
f 144/228/200 145/229/201 573/814/766
f 573/814/766 145/229/201 572/813/765
f 145/229/201 146/230/202 572/813/765
f 572/813/765 146/230/202 571/812/764
f 146/230/202 147/231/203 571/812/764
f 571/812/764 147/231/203 570/811/763
f 147/231/203 148/232/204 570/811/763
f 570/811/763 148/232/204 569/810/762
f 148/232/204 589/843/795 569/810/762
f 569/810/762 589/843/795 568/809/761
f 589/843/795 590/844/796 568/809/761
f 568/809/761 590/844/796 567/808/760
f 590/844/796 591/845/797 567/808/760
f 1820/767/722 1819/764/719 1821/828/780
f 591/845/797 592/846/798 567/808/760
f 567/808/760 592/846/798 565/806/758
f 592/846/798 593/847/799 565/806/758
f 565/806/758 593/847/799 594/848/800
f 593/847/799 595/849/801 594/848/800
f 1818/766/721 1819/764/719 1820/767/722
f 595/849/801 596/850/802 594/848/800
f 1802/762/717 1819/764/719 1818/766/721
f 596/850/802 597/851/803 594/848/800
f 594/848/800 597/851/803 564/805/757
f 597/851/803 582/829/781 564/805/757
f 1817/768/723 1802/762/717 1818/766/721
f 1813/852/804 1802/762/717 1817/768/723
f 1816/769/724 1813/852/804 1817/768/723
f 1811/830/782 1813/852/804 1816/769/724
f 589/843/795 148/232/204 149/233/205
f 1815/834/786 1807/836/788 1809/832/784
f 1814/853/805 1812/854/806 1808/855/807
f 1806/856/808 1814/853/805 1808/855/807
f 1804/857/809 1814/853/805 1806/856/808
f 594/848/800 564/805/757 565/806/758
f 1802/762/717 1814/853/805 1804/857/809
f 1812/854/806 1814/853/805 1802/762/717
f 1813/852/804 1812/854/806 1802/762/717
f 1811/830/782 1812/854/806 1813/852/804
f 595/849/801 593/847/799 598/858/810
f 593/847/799 592/846/798 598/858/810
f 598/858/810 592/846/798 599/859/811
f 592/846/798 591/845/797 599/859/811
f 1808/855/807 1812/854/806 1811/830/782
f 591/845/797 600/860/812 599/859/811
f 1810/831/783 1808/855/807 1811/830/782
f 600/860/812 601/861/813 599/859/811
f 599/859/811 601/861/813 598/858/810
f 601/861/813 174/258/230 598/858/810
f 1809/832/784 1808/855/807 1810/831/783
f 174/258/230 175/259/231 598/858/810
f 598/858/810 175/259/231 595/849/801
f 175/259/231 602/862/814 595/849/801
f 595/849/801 602/862/814 596/850/802
f 602/862/814 603/863/815 596/850/802
f 1807/836/788 1808/855/807 1809/832/784
f 603/863/815 604/864/816 596/850/802
f 596/850/802 604/864/816 597/851/803
f 604/864/816 605/865/817 597/851/803
f 597/851/803 605/865/817 582/829/781
f 605/865/817 606/866/818 582/829/781
f 582/829/781 606/866/818 557/796/748
f 1806/856/808 1808/855/807 1807/836/788
f 557/796/748 606/866/818 556/795/747
f 606/866/818 607/867/819 556/795/747
f 556/795/747 607/867/819 555/794/746
f 607/867/819 608/868/820 555/794/746
f 1805/838/790 1806/856/808 1807/836/788
f 608/868/820 609/869/821 555/794/746
f 555/794/746 609/869/821 554/793/745
f 609/869/821 610/870/822 554/793/745
f 554/793/745 610/870/822 553/792/744
f 1804/857/809 1806/856/808 1805/838/790
f 1803/840/792 1804/857/809 1805/838/790
f 1802/762/717 1804/857/809 1803/840/792
f 1798/871/823 1801/872/568 1797/873/824
f 175/259/231 176/260/232 602/862/814
f 602/862/814 176/260/232 611/874/825
f 176/260/232 177/261/233 611/874/825
f 1800/875/826 1801/872/568 1798/871/823
f 1799/876/827 1800/875/826 1798/871/823
f 1777/877/828 1776/878/829 1796/879/830
f 1778/880/831 1777/877/828 1796/879/830
f 603/863/815 602/862/814 611/874/825
f 1786/881/832 1787/882/589 1800/875/826
f 1799/876/827 1786/881/832 1800/875/826
f 1774/883/833 1786/881/832 1799/876/827
f 1798/871/823 1774/883/833 1799/876/827
f 606/866/818 608/868/820 607/867/819
f 1775/884/834 1774/883/833 1798/871/823
f 1776/878/829 1775/884/834 1798/871/823
f 1796/879/830 1776/878/829 1798/871/823
f 1797/873/824 1796/879/830 1798/871/823
f 610/870/822 609/869/821 612/885/835
f 609/869/821 608/868/820 612/885/835
f 1795/886/565 1796/879/830 1797/873/824
f 608/868/820 613/887/836 612/885/835
f 612/885/835 613/887/836 614/888/837
f 613/887/836 615/889/838 614/888/837
f 1778/880/831 1796/879/830 1795/886/565
f 615/889/838 616/890/839 614/888/837
f 1794/891/840 1778/880/831 1795/886/565
f 616/890/839 617/892/841 614/888/837
f 614/888/837 617/892/841 612/885/835
f 617/892/841 610/870/822 612/885/835
f 1779/893/842 1778/880/831 1794/891/840
f 1793/894/843 1779/893/842 1794/891/840
f 1780/895/844 1779/893/842 1793/894/843
f 1792/896/502 1780/895/844 1793/894/843
f 615/889/838 613/887/836 618/897/845
f 613/887/836 608/868/820 618/897/845
f 618/897/845 608/868/820 619/898/846
f 608/868/820 606/866/818 619/898/846
f 1781/899/847 1780/895/844 1792/896/502
f 606/866/818 605/865/817 619/898/846
f 619/898/846 605/865/817 620/900/848
f 605/865/817 604/864/816 620/900/848
f 620/900/848 604/864/816 621/901/849
f 604/864/816 603/863/815 621/901/849
f 621/901/849 603/863/815 622/902/850
f 603/863/815 611/874/825 622/902/850
f 622/902/850 611/874/825 623/903/851
f 611/874/825 177/261/233 623/903/851
f 1791/904/503 1781/899/847 1792/896/502
f 177/261/233 178/262/234 623/903/851
f 623/903/851 178/262/234 624/905/852
f 178/262/234 179/263/235 624/905/852
f 1782/906/853 1781/899/847 1791/904/503
f 1790/907/854 1782/906/853 1791/904/503
f 1783/908/855 1782/906/853 1790/907/854
f 1789/909/856 1783/908/855 1790/907/854
f 619/898/846 620/900/848 618/897/845
f 620/900/848 625/910/857 618/897/845
f 1784/911/858 1783/908/855 1789/909/856
f 625/910/857 626/912/859 618/897/845
f 618/897/845 626/912/859 615/889/838
f 1788/913/518 1784/911/858 1789/909/856
f 1785/914/860 1784/911/858 1788/913/518
f 1787/882/589 1785/914/860 1788/913/518
f 1786/881/832 1785/914/860 1787/882/589
f 620/900/848 621/901/849 625/910/857
f 625/910/857 621/901/849 627/915/861
f 621/901/849 622/902/850 627/915/861
f 627/915/861 622/902/850 628/916/862
f 622/902/850 623/903/851 628/916/862
f 1773/917/863 1786/881/832 1774/883/833
f 623/903/851 624/905/852 628/916/862
f 628/916/862 624/905/852 293/377/349
f 1785/914/860 1786/881/832 1773/917/863
f 293/377/349 624/905/852 292/376/348
f 624/905/852 179/263/235 292/376/348
f 292/376/348 179/263/235 291/375/347
f 179/263/235 180/264/236 291/375/347
f 1772/918/864 1785/914/860 1773/917/863
f 1784/911/858 1785/914/860 1772/918/864
f 1771/919/865 1784/911/858 1772/918/864
f 1783/908/855 1784/911/858 1771/919/865
f 293/377/349 294/378/350 628/916/862
f 1770/920/866 1783/908/855 1771/919/865
f 628/916/862 294/378/350 627/915/861
f 294/378/350 629/921/867 627/915/861
f 627/915/861 629/921/867 625/910/857
f 1782/906/853 1783/908/855 1770/920/866
f 625/910/857 629/921/867 626/912/859
f 629/921/867 630/922/868 626/912/859
f 626/912/859 630/922/868 615/889/838
f 630/922/868 631/923/869 615/889/838
f 615/889/838 631/923/869 616/890/839
f 1769/924/870 1782/906/853 1770/920/866
f 1781/899/847 1782/906/853 1769/924/870
f 1768/925/871 1781/899/847 1769/924/870
f 1780/895/844 1781/899/847 1768/925/871
f 294/378/350 295/379/351 629/921/867
f 629/921/867 295/379/351 630/922/868
f 295/379/351 296/380/352 630/922/868
f 630/922/868 296/380/352 631/923/869
f 296/380/352 632/926/872 631/923/869
f 631/923/869 632/926/872 633/927/873
f 1767/928/874 1780/895/844 1768/925/871
f 633/927/873 632/926/872 297/381/353
f 632/926/872 296/380/352 297/381/353
f 1779/893/842 1780/895/844 1767/928/874
f 1766/929/875 1779/893/842 1767/928/874
f 1778/880/831 1779/893/842 1766/929/875
f 1777/877/828 1778/880/831 1766/929/875
f 631/923/869 633/927/873 616/890/839
f 633/927/873 634/930/876 616/890/839
f 1765/931/877 1777/877/828 1766/929/875
f 634/930/876 635/932/878 616/890/839
f 616/890/839 635/932/878 617/892/841
f 635/932/878 636/933/879 617/892/841
f 617/892/841 636/933/879 610/870/822
f 636/933/879 637/934/880 610/870/822
f 610/870/822 637/934/880 553/792/744
f 637/934/880 638/935/881 553/792/744
f 553/792/744 638/935/881 551/788/741
f 1764/936/882 1777/877/828 1765/931/877
f 551/788/741 638/935/881 552/789/221
f 1776/878/829 1777/877/828 1764/936/882
f 552/789/221 638/935/881 639/937/223
f 638/935/881 640/938/883 639/937/223
f 639/937/223 640/938/883 641/939/225
f 1763/940/884 1776/878/829 1764/936/882
f 1775/884/834 1776/878/829 1763/940/884
f 1774/883/833 1775/884/834 1763/940/884
f 1762/941/885 1774/883/833 1763/940/884
f 637/934/880 636/933/879 638/935/881
f 638/935/881 636/933/879 640/938/883
f 636/933/879 642/942/886 640/938/883
f 640/938/883 642/942/886 643/943/887
f 642/942/886 644/944/888 643/943/887
f 1761/945/889 1774/883/833 1762/941/885
f 644/944/888 645/946/890 643/943/887
f 643/943/887 645/946/890 646/947/891
f 1773/917/863 1774/883/833 1761/945/889
f 646/947/891 645/946/890 647/948/239
f 645/946/890 648/949/892 647/948/239
f 647/948/239 648/949/892 649/950/893
f 1760/951/894 1773/917/863 1761/945/889
f 1772/918/864 1773/917/863 1760/951/894
f 1759/952/895 1772/918/864 1760/951/894
f 1771/919/865 1772/918/864 1759/952/895
f 636/933/879 635/932/878 642/942/886
f 1758/953/896 1771/919/865 1759/952/895
f 635/932/878 634/930/876 642/942/886
f 642/942/886 634/930/876 644/944/888
f 634/930/876 650/954/897 644/944/888
f 1770/920/866 1771/919/865 1758/953/896
f 650/954/897 651/955/898 644/944/888
f 644/944/888 651/955/898 645/946/890
f 651/955/898 648/949/892 645/946/890
f 1757/956/899 1770/920/866 1758/953/896
f 1769/924/870 1770/920/866 1757/956/899
f 1756/957/900 1769/924/870 1757/956/899
f 1768/925/871 1769/924/870 1756/957/900
f 640/938/883 643/943/887 641/939/225
f 643/943/887 646/947/891 641/939/225
f 1755/958/901 1768/925/871 1756/957/900
f 1767/928/874 1768/925/871 1755/958/901
f 1754/959/902 1767/928/874 1755/958/901
f 1766/929/875 1767/928/874 1754/959/902
f 634/930/876 633/927/873 650/954/897
f 633/927/873 301/385/357 650/954/897
f 1765/931/877 1766/929/875 1754/959/902
f 301/385/357 302/386/358 650/954/897
f 650/954/897 302/386/358 651/955/898
f 302/386/358 652/960/903 651/955/898
f 651/955/898 652/960/903 653/961/904
f 652/960/903 310/394/366 653/961/904
f 1753/962/905 1765/931/877 1754/959/902
f 310/394/366 314/398/370 653/961/904
f 653/961/904 314/398/370 654/963/906
f 314/398/370 315/399/246 654/963/906
f 1752/964/907 1765/931/877 1753/962/905
f 1764/936/882 1765/931/877 1752/964/907
f 1751/965/908 1764/936/882 1752/964/907
f 1763/940/884 1764/936/882 1751/965/908
f 297/381/353 301/385/357 633/927/873
f 1750/966/909 1763/940/884 1751/965/908
f 1762/941/885 1763/940/884 1750/966/909
f 1749/967/910 1762/941/885 1750/966/909
f 1761/945/889 1762/941/885 1749/967/910
f 302/386/358 310/394/366 652/960/903
f 1748/968/911 1761/945/889 1749/967/910
f 1760/951/894 1761/945/889 1748/968/911
f 1747/969/912 1760/951/894 1748/968/911
f 1759/952/895 1760/951/894 1747/969/912
f 651/955/898 653/961/904 648/949/892
f 1746/970/913 1759/952/895 1747/969/912
f 648/949/892 653/961/904 649/950/893
f 653/961/904 654/963/906 649/950/893
f 1758/953/896 1759/952/895 1746/970/913
f 1745/971/914 1758/953/896 1746/970/913
f 1757/956/899 1758/953/896 1745/971/914
f 1744/972/915 1757/956/899 1745/971/914
f 174/258/230 601/861/813 158/242/214
f 1756/957/900 1757/956/899 1744/972/915
f 158/242/214 601/861/813 156/240/212
f 1743/973/916 1756/957/900 1744/972/915
f 156/240/212 601/861/813 154/238/210
f 601/861/813 600/860/812 154/238/210
f 154/238/210 600/860/812 153/237/209
f 1755/958/901 1756/957/900 1743/973/916
f 153/237/209 600/860/812 655/974/917
f 600/860/812 591/845/797 655/974/917
f 1742/975/918 1755/958/901 1743/973/916
f 591/845/797 590/844/796 655/974/917
f 1754/959/902 1755/958/901 1742/975/918
f 590/844/796 589/843/795 655/974/917
f 655/974/917 589/843/795 656/976/919
f 589/843/795 149/233/205 656/976/919
f 1753/962/905 1754/959/902 1742/975/918
f 149/233/205 150/234/206 656/976/919
f 656/976/919 150/234/206 655/974/917
f 150/234/206 153/237/209 655/974/917
f 1741/977/920 1753/962/905 1742/975/918
f 1740/978/921 1753/962/905 1741/977/920
f 1752/964/907 1753/962/905 1740/978/921
f 1739/979/922 1752/964/907 1740/978/921
f 657/980/923 658/981/924 659/982/925
f 658/981/924 660/983/926 659/982/925
f 1751/965/908 1752/964/907 1739/979/922
f 660/983/926 661/984/927 659/982/925
f 1750/966/909 1751/965/908 1739/979/922
f 661/984/927 662/985/928 659/982/925
f 1720/986/929 1750/966/909 1739/979/922
f 662/985/928 663/987/930 659/982/925
f 659/982/925 663/987/930 657/980/923
f 663/987/930 664/988/931 657/980/923
f 1721/989/755 1750/966/909 1720/986/929
f 664/988/931 665/990/932 657/980/923
f 657/980/923 665/990/932 658/981/924
f 665/990/932 666/991/933 658/981/924
f 1749/967/910 1750/966/909 1721/989/755
f 666/991/933 667/992/934 658/981/924
f 658/981/924 667/992/934 660/983/926
f 667/992/934 668/993/935 660/983/926
f 1723/994/936 1749/967/910 1721/989/755
f 668/993/935 669/995/937 660/983/926
f 660/983/926 669/995/937 661/984/927
f 669/995/937 670/996/938 661/984/927
f 1748/968/911 1749/967/910 1723/994/936
f 670/996/938 671/997/939 661/984/927
f 661/984/927 671/997/939 662/985/928
f 671/997/939 672/998/940 662/985/928
f 662/985/928 672/998/940 673/999/941
f 672/998/940 674/1000/942 673/999/941
f 1725/1001/943 1748/968/911 1723/994/936
f 674/1000/942 675/1002/944 673/999/941
f 1747/969/912 1748/968/911 1725/1001/943
f 675/1002/944 676/1003/945 673/999/941
f 673/999/941 676/1003/945 663/987/930
f 676/1003/945 664/988/931 663/987/930
f 1727/1004/946 1747/969/912 1725/1001/943
f 1746/970/913 1747/969/912 1727/1004/946
f 1729/1005/947 1746/970/913 1727/1004/946
f 1745/971/914 1746/970/913 1729/1005/947
f 663/987/930 662/985/928 673/999/941
f 1731/1006/948 1745/971/914 1729/1005/947
f 1744/972/915 1745/971/914 1731/1006/948
f 1734/1007/949 1744/972/915 1731/1006/948
f 1743/973/916 1744/972/915 1734/1007/949
f 674/1000/942 672/998/940 677/1008/950
f 677/1008/950 672/998/940 678/1009/951
f 672/998/940 671/997/939 678/1009/951
f 678/1009/951 671/997/939 679/1010/952
f 671/997/939 670/996/938 679/1010/952
f 679/1010/952 670/996/938 680/1011/953
f 1735/1012/954 1743/973/916 1734/1007/949
f 680/1011/953 670/996/938 681/1013/955
f 670/996/938 669/995/937 681/1013/955
f 681/1013/955 669/995/937 682/1014/956
f 669/995/937 668/993/935 682/1014/956
f 682/1014/956 668/993/935 683/1015/957
f 1742/975/918 1743/973/916 1735/1012/954
f 683/1015/957 668/993/935 684/1016/958
f 668/993/935 667/992/934 684/1016/958
f 684/1016/958 667/992/934 685/1017/959
f 667/992/934 666/991/933 685/1017/959
f 685/1017/959 666/991/933 686/1018/960
f 1741/977/920 1742/975/918 1735/1012/954
f 686/1018/960 666/991/933 687/1019/961
f 666/991/933 665/990/932 687/1019/961
f 687/1019/961 665/990/932 688/1020/962
f 665/990/932 664/988/931 688/1020/962
f 688/1020/962 664/988/931 689/1021/963
f 664/988/931 676/1003/945 689/1021/963
f 689/1021/963 676/1003/945 690/1022/964
f 676/1003/945 675/1002/944 690/1022/964
f 690/1022/964 675/1002/944 691/1023/965
f 1736/1024/966 1741/977/920 1735/1012/954
f 691/1023/965 675/1002/944 692/1025/967
f 675/1002/944 674/1000/942 692/1025/967
f 692/1025/967 674/1000/942 693/1026/968
f 674/1000/942 677/1008/950 693/1026/968
f 693/1026/968 677/1008/950 694/1027/969
f 1737/1028/970 1741/977/920 1736/1024/966
f 694/1027/969 677/1008/950 695/1029/971
f 677/1008/950 678/1009/951 695/1029/971
f 695/1029/971 678/1009/951 696/1030/972
f 678/1009/951 679/1010/952 696/1030/972
f 696/1030/972 679/1010/952 697/1031/973
f 679/1010/952 680/1011/953 697/1031/973
f 697/1031/973 680/1011/953 698/1032/974
f 1740/978/921 1741/977/920 1737/1028/970
f 698/1032/974 680/1011/953 699/1033/975
f 1738/1034/976 1740/978/921 1737/1028/970
f 699/1033/975 680/1011/953 700/1035/977
f 680/1011/953 681/1013/955 700/1035/977
f 700/1035/977 681/1013/955 701/1036/978
f 681/1013/955 682/1014/956 701/1036/978
f 701/1036/978 682/1014/956 702/1037/979
f 682/1014/956 683/1015/957 702/1037/979
f 702/1037/979 683/1015/957 703/1038/980
f 1739/979/922 1740/978/921 1738/1034/976
f 703/1038/980 683/1015/957 704/1039/981
f 683/1015/957 684/1016/958 704/1039/981
f 704/1039/981 684/1016/958 705/1040/982
f 684/1016/958 685/1017/959 705/1040/982
f 705/1040/982 685/1017/959 706/1041/983
f 685/1017/959 686/1018/960 706/1041/983
f 706/1041/983 686/1018/960 707/1042/984
f 1732/1043/985 1734/1007/949 1731/1006/948
f 707/1042/984 686/1018/960 708/1044/986
f 686/1018/960 687/1019/961 708/1044/986
f 708/1044/986 687/1019/961 709/1045/987
f 687/1019/961 688/1020/962 709/1045/987
f 709/1045/987 688/1020/962 710/1046/988
f 688/1020/962 689/1021/963 710/1046/988
f 710/1046/988 689/1021/963 711/1047/989
f 689/1021/963 690/1022/964 711/1047/989
f 711/1047/989 690/1022/964 712/1048/990
f 690/1022/964 691/1023/965 712/1048/990
f 712/1048/990 691/1023/965 713/1049/991
f 1717/1050/992 1730/1051/993 1728/1052/994
f 713/1049/991 691/1023/965 714/1053/995
f 691/1023/965 692/1025/967 714/1053/995
f 714/1053/995 692/1025/967 694/1027/969
f 692/1025/967 693/1026/968 694/1027/969
f 1726/1054/996 1717/1050/992 1728/1052/994
f 1724/1055/997 1717/1050/992 1726/1054/996
f 1722/1056/998 1717/1050/992 1724/1055/997
f 1718/1057/999 1717/1050/992 1722/1056/998
f 714/1053/995 694/1027/969 715/1058/1000
f 694/1027/969 695/1029/971 715/1058/1000
f 715/1058/1000 695/1029/971 716/1059/1001
f 695/1029/971 696/1030/972 716/1059/1001
f 716/1059/1001 696/1030/972 717/1060/1002
f 696/1030/972 697/1031/973 717/1060/1002
f 717/1060/1002 697/1031/973 718/1061/1003
f 697/1031/973 698/1032/974 718/1061/1003
f 718/1061/1003 698/1032/974 719/1062/1004
f 1719/1063/1005 1720/986/929 1739/979/922
f 719/1062/1004 698/1032/974 720/1064/1006
f 698/1032/974 699/1033/975 720/1064/1006
f 720/1064/1006 699/1033/975 721/1065/1007
f 1738/1034/976 1719/1063/1005 1739/979/922
f 721/1065/1007 699/1033/975 722/1066/1008
f 699/1033/975 700/1035/977 722/1066/1008
f 722/1066/1008 700/1035/977 723/1067/1009
f 700/1035/977 701/1036/978 723/1067/1009
f 723/1067/1009 701/1036/978 724/1068/1010
f 701/1036/978 702/1037/979 724/1068/1010
f 724/1068/1010 702/1037/979 725/1069/1011
f 702/1037/979 703/1038/980 725/1069/1011
f 725/1069/1011 703/1038/980 726/1070/1012
f 1717/1050/992 1719/1063/1005 1738/1034/976
f 726/1070/1012 703/1038/980 727/1071/1013
f 703/1038/980 704/1039/981 727/1071/1013
f 1737/1028/970 1717/1050/992 1738/1034/976
f 704/1039/981 705/1040/982 727/1071/1013
f 727/1071/1013 705/1040/982 728/1072/1014
f 705/1040/982 706/1041/983 728/1072/1014
f 728/1072/1014 706/1041/983 729/1073/1015
f 706/1041/983 707/1042/984 729/1073/1015
f 1736/1024/966 1717/1050/992 1737/1028/970
f 1733/1074/1016 1717/1050/992 1736/1024/966
f 1735/1012/954 1733/1074/1016 1736/1024/966
f 1734/1007/949 1733/1074/1016 1735/1012/954
f 729/1073/1015 730/1075/1017 728/1072/1014
f 730/1075/1017 731/1076/1018 728/1072/1014
f 728/1072/1014 731/1076/1018 727/1071/1013
f 1732/1043/985 1733/1074/1016 1734/1007/949
f 727/1071/1013 731/1076/1018 726/1070/1012
f 731/1076/1018 732/1077/1019 726/1070/1012
f 726/1070/1012 732/1077/1019 733/1078/1020
f 1717/1050/992 1733/1074/1016 1732/1043/985
f 733/1078/1020 732/1077/1019 734/1079/1021
f 732/1077/1019 735/1080/1022 734/1079/1021
f 734/1079/1021 735/1080/1022 736/1081/1023
f 1730/1051/993 1717/1050/992 1732/1043/985
f 1731/1006/948 1730/1051/993 1732/1043/985
f 1729/1005/947 1730/1051/993 1731/1006/948
f 1728/1052/994 1730/1051/993 1729/1005/947
f 730/1075/1017 737/1082/1024 731/1076/1018
f 731/1076/1018 737/1082/1024 732/1077/1019
f 737/1082/1024 735/1080/1022 732/1077/1019
f 1727/1004/946 1728/1052/994 1729/1005/947
f 1726/1054/996 1728/1052/994 1727/1004/946
f 1725/1001/943 1726/1054/996 1727/1004/946
f 1724/1055/997 1726/1054/996 1725/1001/943
f 726/1070/1012 733/1078/1020 725/1069/1011
f 733/1078/1020 738/1083/1025 725/1069/1011
f 725/1069/1011 738/1083/1025 724/1068/1010
f 738/1083/1025 739/1084/1026 724/1068/1010
f 724/1068/1010 739/1084/1026 723/1067/1009
f 739/1084/1026 740/1085/1027 723/1067/1009
f 723/1067/1009 740/1085/1027 722/1066/1008
f 740/1085/1027 741/1086/1028 722/1066/1008
f 722/1066/1008 741/1086/1028 721/1065/1007
f 741/1086/1028 742/1087/1029 721/1065/1007
f 1723/994/936 1724/1055/997 1725/1001/943
f 742/1087/1029 743/1088/1030 721/1065/1007
f 721/1065/1007 743/1088/1030 720/1064/1006
f 743/1088/1030 744/1089/1031 720/1064/1006
f 720/1064/1006 744/1089/1031 719/1062/1004
f 744/1089/1031 745/1090/1032 719/1062/1004
f 1722/1056/998 1724/1055/997 1723/994/936
f 745/1090/1032 746/1091/1033 719/1062/1004
f 719/1062/1004 746/1091/1033 718/1061/1003
f 746/1091/1033 747/1092/1034 718/1061/1003
f 718/1061/1003 747/1092/1034 717/1060/1002
f 747/1092/1034 748/1093/1035 717/1060/1002
f 717/1060/1002 748/1093/1035 716/1059/1001
f 748/1093/1035 749/1094/1036 716/1059/1001
f 716/1059/1001 749/1094/1036 715/1058/1000
f 749/1094/1036 750/1095/1037 715/1058/1000
f 715/1058/1000 750/1095/1037 714/1053/995
f 750/1095/1037 713/1049/991 714/1053/995
f 1721/989/755 1722/1056/998 1723/994/936
f 1718/1057/999 1722/1056/998 1721/989/755
f 1720/986/929 1718/1057/999 1721/989/755
f 1719/1063/1005 1718/1057/999 1720/986/929
f 745/1090/1032 744/1089/1031 751/1096/1038
f 744/1089/1031 752/1097/1039 751/1096/1038
f 751/1096/1038 752/1097/1039 753/1098/1040
f 752/1097/1039 754/1099/1041 753/1098/1040
f 753/1098/1040 754/1099/1041 755/1100/1042
f 754/1099/1041 756/1101/1043 755/1100/1042
f 755/1100/1042 756/1101/1043 757/1102/1044
f 1717/1050/992 1718/1057/999 1719/1063/1005
f 1716/1103/1045 1715/1104/1046 1714/1105/1047
f 1704/1106/1048 1716/1103/1045 1714/1105/1047
f 1703/1107/1049 1716/1103/1045 1704/1106/1048
f 744/1089/1031 743/1088/1030 752/1097/1039
f 752/1097/1039 743/1088/1030 758/1108/1050
f 743/1088/1030 742/1087/1029 758/1108/1050
f 758/1108/1050 742/1087/1029 759/1109/1051
f 1687/1110/1052 1716/1103/1045 1703/1107/1049
f 759/1109/1051 742/1087/1029 760/1111/1053
f 742/1087/1029 741/1086/1028 760/1111/1053
f 760/1111/1053 741/1086/1028 761/1112/1054
f 741/1086/1028 740/1085/1027 761/1112/1054
f 761/1112/1054 740/1085/1027 762/1113/1055
f 740/1085/1027 739/1084/1026 762/1113/1055
f 762/1113/1055 739/1084/1026 763/1114/1056
f 739/1084/1026 738/1083/1025 763/1114/1056
f 763/1114/1056 738/1083/1025 764/1115/1057
f 738/1083/1025 733/1078/1020 764/1115/1057
f 1688/1116/1058 1716/1103/1045 1687/1110/1052
f 733/1078/1020 734/1079/1021 764/1115/1057
f 764/1115/1057 734/1079/1021 765/1117/1059
f 734/1079/1021 736/1081/1023 765/1117/1059
f 1715/1104/1046 1716/1103/1045 1688/1116/1058
f 736/1081/1023 766/1118/1060 765/1117/1059
f 765/1117/1059 766/1118/1060 767/1119/1061
f 766/1118/1060 768/1120/1062 767/1119/1061
f 1689/1121/1063 1715/1104/1046 1688/1116/1058
f 1711/1122/1064 1715/1104/1046 1689/1121/1063
f 1712/1123/1065 1715/1104/1046 1711/1122/1064
f 1714/1105/1047 1715/1104/1046 1712/1123/1065
f 752/1097/1039 758/1108/1050 754/1099/1041
f 758/1108/1050 769/1124/1066 754/1099/1041
f 754/1099/1041 769/1124/1066 756/1101/1043
f 1713/1125/1067 1714/1105/1047 1712/1123/1065
f 1705/1126/1068 1704/1106/1048 1714/1105/1047
f 1713/1125/1067 1705/1126/1068 1714/1105/1047
f 1706/1127/1069 1705/1126/1068 1713/1125/1067
f 759/1109/1051 769/1124/1066 758/1108/1050
f 1707/1128/1070 1706/1127/1069 1713/1125/1067
f 1708/1129/1071 1707/1128/1070 1713/1125/1067
f 1712/1123/1065 1708/1129/1071 1713/1125/1067
f 1709/1130/1072 1708/1129/1071 1712/1123/1065
f 767/1119/1061 770/1131/1073 765/1117/1059
f 1711/1122/1064 1709/1130/1072 1712/1123/1065
f 765/1117/1059 770/1131/1073 764/1115/1057
f 1710/1132/1074 1709/1130/1072 1711/1122/1064
f 764/1115/1057 770/1131/1073 763/1114/1056
f 770/1131/1073 771/1133/1075 763/1114/1056
f 763/1114/1056 771/1133/1075 762/1113/1055
f 771/1133/1075 772/1134/1076 762/1113/1055
f 762/1113/1055 772/1134/1076 761/1112/1054
f 772/1134/1076 773/1135/1077 761/1112/1054
f 761/1112/1054 773/1135/1077 760/1111/1053
f 773/1135/1077 774/1136/1078 760/1111/1053
f 760/1111/1053 774/1136/1078 759/1109/1051
f 774/1136/1078 775/1137/1079 759/1109/1051
f 759/1109/1051 775/1137/1079 769/1124/1066
f 775/1137/1079 776/1138/1080 769/1124/1066
f 769/1124/1066 776/1138/1080 756/1101/1043
f 776/1138/1080 777/1139/1081 756/1101/1043
f 756/1101/1043 777/1139/1081 757/1102/1044
f 1690/1140/1082 1711/1122/1064 1689/1121/1063
f 757/1102/1044 777/1139/1081 778/1141/1083
f 777/1139/1081 779/1142/1084 778/1141/1083
f 778/1141/1083 779/1142/1084 780/1143/1085
f 1710/1132/1074 1711/1122/1064 1690/1140/1082
f 1691/1144/1086 1710/1132/1074 1690/1140/1082
f 1692/1145/1087 1710/1132/1074 1691/1144/1086
f 1693/1146/1088 1710/1132/1074 1692/1145/1087
f 779/1142/1084 777/1139/1081 781/1147/1089
f 1709/1130/1072 1710/1132/1074 1693/1146/1088
f 777/1139/1081 776/1138/1080 781/1147/1089
f 781/1147/1089 776/1138/1080 782/1148/1090
f 776/1138/1080 775/1137/1079 782/1148/1090
f 782/1148/1090 775/1137/1079 783/1149/1091
f 775/1137/1079 774/1136/1078 783/1149/1091
f 783/1149/1091 774/1136/1078 784/1150/1092
f 774/1136/1078 773/1135/1077 784/1150/1092
f 784/1150/1092 773/1135/1077 785/1151/1093
f 773/1135/1077 772/1134/1076 785/1151/1093
f 785/1151/1093 772/1134/1076 786/1152/1094
f 772/1134/1076 771/1133/1075 786/1152/1094
f 786/1152/1094 771/1133/1075 787/1153/1095
f 771/1133/1075 770/1131/1073 787/1153/1095
f 1694/1154/1096 1709/1130/1072 1693/1146/1088
f 770/1131/1073 767/1119/1061 787/1153/1095
f 787/1153/1095 767/1119/1061 788/1155/1097
f 767/1119/1061 768/1120/1062 788/1155/1097
f 1708/1129/1071 1709/1130/1072 1694/1154/1096
f 768/1120/1062 789/1156/1098 788/1155/1097
f 788/1155/1097 789/1156/1098 790/1157/1099
f 789/1156/1098 791/1158/1100 790/1157/1099
f 1695/1159/1101 1708/1129/1071 1694/1154/1096
f 1707/1128/1070 1708/1129/1071 1695/1159/1101
f 1696/1160/1102 1707/1128/1070 1695/1159/1101
f 1697/1161/1103 1707/1128/1070 1696/1160/1102
f 790/1157/1099 792/1162/1104 788/1155/1097
f 1706/1127/1069 1707/1128/1070 1697/1161/1103
f 788/1155/1097 792/1162/1104 787/1153/1095
f 1698/1163/1105 1706/1127/1069 1697/1161/1103
f 787/1153/1095 792/1162/1104 786/1152/1094
f 792/1162/1104 793/1164/1106 786/1152/1094
f 786/1152/1094 793/1164/1106 785/1151/1093
f 793/1164/1106 794/1165/1107 785/1151/1093
f 785/1151/1093 794/1165/1107 784/1150/1092
f 794/1165/1107 795/1166/1108 784/1150/1092
f 784/1150/1092 795/1166/1108 783/1149/1091
f 795/1166/1108 796/1167/1109 783/1149/1091
f 783/1149/1091 796/1167/1109 782/1148/1090
f 796/1167/1109 797/1168/1110 782/1148/1090
f 782/1148/1090 797/1168/1110 781/1147/1089
f 797/1168/1110 798/1169/1111 781/1147/1089
f 781/1147/1089 798/1169/1111 779/1142/1084
f 798/1169/1111 799/1170/1112 779/1142/1084
f 779/1142/1084 799/1170/1112 780/1143/1085
f 1699/1171/1113 1706/1127/1069 1698/1163/1105
f 780/1143/1085 799/1170/1112 800/1172/1114
f 799/1170/1112 801/1173/1115 800/1172/1114
f 800/1172/1114 801/1173/1115 802/1174/1116
f 1705/1126/1068 1706/1127/1069 1699/1171/1113
f 1700/1175/1117 1705/1126/1068 1699/1171/1113
f 1704/1106/1048 1705/1126/1068 1700/1175/1117
f 1701/1176/1118 1704/1106/1048 1700/1175/1117
f 801/1173/1115 799/1170/1112 803/1177/1119
f 1703/1107/1049 1704/1106/1048 1701/1176/1118
f 799/1170/1112 798/1169/1111 803/1177/1119
f 803/1177/1119 798/1169/1111 804/1178/1120
f 798/1169/1111 797/1168/1110 804/1178/1120
f 804/1178/1120 797/1168/1110 805/1179/1121
f 797/1168/1110 796/1167/1109 805/1179/1121
f 805/1179/1121 796/1167/1109 806/1180/1122
f 796/1167/1109 795/1166/1108 806/1180/1122
f 806/1180/1122 795/1166/1108 807/1181/1123
f 795/1166/1108 794/1165/1107 807/1181/1123
f 807/1181/1123 794/1165/1107 808/1182/1124
f 794/1165/1107 793/1164/1106 808/1182/1124
f 808/1182/1124 793/1164/1106 809/1183/1125
f 793/1164/1106 792/1162/1104 809/1183/1125
f 1702/1184/1126 1703/1107/1049 1701/1176/1118
f 792/1162/1104 790/1157/1099 809/1183/1125
f 809/1183/1125 790/1157/1099 810/1185/1127
f 790/1157/1099 791/1158/1100 810/1185/1127
f 1686/1186/1128 1687/1110/1052 1703/1107/1049
f 791/1158/1100 811/1187/1129 810/1185/1127
f 810/1185/1127 811/1187/1129 812/1188/1130
f 811/1187/1129 813/1189/1131 812/1188/1130
f 1702/1184/1126 1686/1186/1128 1703/1107/1049
f 1685/1190/1132 1686/1186/1128 1702/1184/1126
f 1701/1176/1118 1685/1190/1132 1702/1184/1126
f 1684/1191/1133 1685/1190/1132 1701/1176/1118
f 812/1188/1130 814/1192/1134 810/1185/1127
f 1700/1175/1117 1684/1191/1133 1701/1176/1118
f 810/1185/1127 814/1192/1134 809/1183/1125
f 1683/1193/1135 1684/1191/1133 1700/1175/1117
f 809/1183/1125 814/1192/1134 808/1182/1124
f 814/1192/1134 815/1194/1136 808/1182/1124
f 808/1182/1124 815/1194/1136 807/1181/1123
f 815/1194/1136 816/1195/1137 807/1181/1123
f 807/1181/1123 816/1195/1137 806/1180/1122
f 816/1195/1137 817/1196/1138 806/1180/1122
f 806/1180/1122 817/1196/1138 805/1179/1121
f 817/1196/1138 818/1197/1139 805/1179/1121
f 805/1179/1121 818/1197/1139 804/1178/1120
f 818/1197/1139 819/1198/1140 804/1178/1120
f 804/1178/1120 819/1198/1140 803/1177/1119
f 819/1198/1140 820/1199/1141 803/1177/1119
f 803/1177/1119 820/1199/1141 801/1173/1115
f 820/1199/1141 821/1200/1142 801/1173/1115
f 801/1173/1115 821/1200/1142 802/1174/1116
f 1699/1171/1113 1683/1193/1135 1700/1175/1117
f 802/1174/1116 821/1200/1142 822/1201/1143
f 821/1200/1142 823/1202/1144 822/1201/1143
f 822/1201/1143 823/1202/1144 824/1203/1145
f 1682/1204/1146 1683/1193/1135 1699/1171/1113
f 1698/1163/1105 1682/1204/1146 1699/1171/1113
f 1681/1205/1147 1682/1204/1146 1698/1163/1105
f 1697/1161/1103 1681/1205/1147 1698/1163/1105
f 823/1202/1144 821/1200/1142 825/1206/1148
f 1680/1207/1149 1681/1205/1147 1697/1161/1103
f 821/1200/1142 820/1199/1141 825/1206/1148
f 825/1206/1148 820/1199/1141 826/1208/1150
f 820/1199/1141 819/1198/1140 826/1208/1150
f 826/1208/1150 819/1198/1140 827/1209/1151
f 819/1198/1140 818/1197/1139 827/1209/1151
f 827/1209/1151 818/1197/1139 828/1210/1152
f 818/1197/1139 817/1196/1138 828/1210/1152
f 828/1210/1152 817/1196/1138 829/1211/1153
f 817/1196/1138 816/1195/1137 829/1211/1153
f 829/1211/1153 816/1195/1137 830/1212/1154
f 816/1195/1137 815/1194/1136 830/1212/1154
f 830/1212/1154 815/1194/1136 831/1213/1155
f 815/1194/1136 814/1192/1134 831/1213/1155
f 1696/1160/1102 1680/1207/1149 1697/1161/1103
f 814/1192/1134 812/1188/1130 831/1213/1155
f 831/1213/1155 812/1188/1130 832/1214/1156
f 812/1188/1130 813/1189/1131 832/1214/1156
f 1679/1215/1157 1680/1207/1149 1696/1160/1102
f 813/1189/1131 833/1216/1158 832/1214/1156
f 832/1214/1156 833/1216/1158 834/1217/1159
f 833/1216/1158 835/1218/1160 834/1217/1159
f 1676/1219/1161 1679/1215/1157 1696/1160/1102
f 1695/1159/1101 1676/1219/1161 1696/1160/1102
f 1675/1220/1162 1676/1219/1161 1695/1159/1101
f 1694/1154/1096 1675/1220/1162 1695/1159/1101
f 834/1217/1159 836/1221/1163 832/1214/1156
f 1674/1222/1164 1675/1220/1162 1694/1154/1096
f 832/1214/1156 836/1221/1163 831/1213/1155
f 1693/1146/1088 1674/1222/1164 1694/1154/1096
f 831/1213/1155 836/1221/1163 830/1212/1154
f 836/1221/1163 837/1223/1165 830/1212/1154
f 830/1212/1154 837/1223/1165 829/1211/1153
f 837/1223/1165 838/1224/1166 829/1211/1153
f 829/1211/1153 838/1224/1166 828/1210/1152
f 838/1224/1166 839/1225/1167 828/1210/1152
f 828/1210/1152 839/1225/1167 827/1209/1151
f 839/1225/1167 840/1226/1168 827/1209/1151
f 827/1209/1151 840/1226/1168 826/1208/1150
f 840/1226/1168 841/1227/1169 826/1208/1150
f 826/1208/1150 841/1227/1169 825/1206/1148
f 841/1227/1169 842/1228/1170 825/1206/1148
f 825/1206/1148 842/1228/1170 823/1202/1144
f 842/1228/1170 843/1229/1171 823/1202/1144
f 823/1202/1144 843/1229/1171 824/1203/1145
f 1673/1230/1172 1674/1222/1164 1693/1146/1088
f 824/1203/1145 843/1229/1171 844/1231/1173
f 843/1229/1171 845/1232/1174 844/1231/1173
f 844/1231/1173 845/1232/1174 846/1233/1175
f 1692/1145/1087 1673/1230/1172 1693/1146/1088
f 1672/1234/1176 1673/1230/1172 1692/1145/1087
f 1671/1235/1177 1672/1234/1176 1692/1145/1087
f 1691/1144/1086 1671/1235/1177 1692/1145/1087
f 845/1232/1174 843/1229/1171 847/1236/1178
f 1670/1237/1179 1671/1235/1177 1691/1144/1086
f 843/1229/1171 842/1228/1170 847/1236/1178
f 847/1236/1178 842/1228/1170 848/1238/1180
f 842/1228/1170 841/1227/1169 848/1238/1180
f 848/1238/1180 841/1227/1169 849/1239/1181
f 841/1227/1169 840/1226/1168 849/1239/1181
f 1690/1140/1082 1670/1237/1179 1691/1144/1086
f 1669/1240/1182 1670/1237/1179 1690/1140/1082
f 1689/1121/1063 1669/1240/1182 1690/1140/1082
f 1668/1241/1183 1669/1240/1182 1689/1121/1063
f 848/1238/1180 849/1239/1181 847/1236/1178
f 849/1239/1181 850/1242/1184 847/1236/1178
f 847/1236/1178 850/1242/1184 845/1232/1174
f 850/1242/1184 851/1243/1185 845/1232/1174
f 845/1232/1174 851/1243/1185 846/1233/1175
f 1688/1116/1058 1668/1241/1183 1689/1121/1063
f 846/1233/1175 851/1243/1185 852/1244/1186
f 851/1243/1185 853/1245/1187 852/1244/1186
f 852/1244/1186 853/1245/1187 854/1246/1188
f 1667/1247/1189 1668/1241/1183 1688/1116/1058
f 1687/1110/1052 1667/1247/1189 1688/1116/1058
f 1666/1248/1190 1667/1247/1189 1687/1110/1052
f 1665/1249/1191 1666/1248/1190 1687/1110/1052
f 853/1245/1187 851/1243/1185 855/1250/1192
f 1686/1186/1128 1665/1249/1191 1687/1110/1052
f 851/1243/1185 850/1242/1184 855/1250/1192
f 855/1250/1192 850/1242/1184 856/1251/1193
f 850/1242/1184 849/1239/1181 856/1251/1193
f 1664/1252/1194 1665/1249/1191 1686/1186/1128
f 849/1239/1181 840/1226/1168 856/1251/1193
f 1685/1190/1132 1664/1252/1194 1686/1186/1128
f 840/1226/1168 839/1225/1167 856/1251/1193
f 856/1251/1193 839/1225/1167 857/1253/1195
f 839/1225/1167 838/1224/1166 857/1253/1195
f 857/1253/1195 838/1224/1166 858/1254/1196
f 838/1224/1166 837/1223/1165 858/1254/1196
f 1684/1191/1133 1664/1252/1194 1685/1190/1132
f 1663/1255/1197 1664/1252/1194 1684/1191/1133
f 1683/1193/1135 1663/1255/1197 1684/1191/1133
f 1662/1256/1198 1663/1255/1197 1683/1193/1135
f 856/1251/1193 857/1253/1195 855/1250/1192
f 857/1253/1195 859/1257/1199 855/1250/1192
f 855/1250/1192 859/1257/1199 853/1245/1187
f 859/1257/1199 860/1258/1200 853/1245/1187
f 853/1245/1187 860/1258/1200 854/1246/1188
f 1661/1259/1201 1662/1256/1198 1683/1193/1135
f 854/1246/1188 860/1258/1200 835/1218/1160
f 1682/1204/1146 1661/1259/1201 1683/1193/1135
f 835/1218/1160 860/1258/1200 834/1217/1159
f 860/1258/1200 861/1260/1202 834/1217/1159
f 834/1217/1159 861/1260/1202 836/1221/1163
f 1660/1261/1203 1661/1259/1201 1682/1204/1146
f 836/1221/1163 861/1260/1202 837/1223/1165
f 1681/1205/1147 1660/1261/1203 1682/1204/1146
f 837/1223/1165 861/1260/1202 858/1254/1196
f 861/1260/1202 859/1257/1199 858/1254/1196
f 858/1254/1196 859/1257/1199 857/1253/1195
f 1659/1262/1204 1660/1261/1203 1681/1205/1147
f 1680/1207/1149 1659/1262/1204 1681/1205/1147
f 1679/1215/1157 1659/1262/1204 1680/1207/1149
f 1658/1263/1205 1659/1262/1204 1679/1215/1157
f 861/1260/1202 860/1258/1200 859/1257/1199
f 1679/1215/1157 1676/1219/1161 1677/1264/1206
f 1678/1265/1207 1679/1215/1157 1677/1264/1206
f 1658/1263/1205 1679/1215/1157 1678/1265/1207
f 1657/1266/1208 1658/1263/1205 1678/1265/1207
f 862/1267/1158 863/1268/1209 864/1269/1210
f 863/1268/1209 865/1270/1211 864/1269/1210
f 864/1269/1210 865/1270/1211 866/1271/1212
f 1655/1272/1213 1656/1273/1214 1657/1266/1208
f 1678/1265/1207 1655/1272/1213 1657/1266/1208
f 1654/1274/1215 1655/1272/1213 1678/1265/1207
f 1677/1264/1206 1654/1274/1215 1678/1265/1207
f 862/1267/1158 864/1269/1210 867/1275/1160
f 1653/1276/1216 1654/1274/1215 1677/1264/1206
f 1652/1277/1217 1653/1276/1216 1677/1264/1206
f 1676/1219/1161 1652/1277/1217 1677/1264/1206
f 1675/1220/1162 1652/1277/1217 1676/1219/1161
f 862/1267/1158 868/1278/1131 863/1268/1209
f 868/1278/1131 869/1279/1218 863/1268/1209
f 863/1268/1209 869/1279/1218 870/1280/1219
f 1651/1281/1220 1652/1277/1217 1675/1220/1162
f 870/1280/1219 869/1279/1218 871/1282/1221
f 869/1279/1218 872/1283/1222 871/1282/1221
f 1674/1222/1164 1651/1281/1220 1675/1220/1162
f 872/1283/1222 873/1284/1100 871/1282/1221
f 871/1282/1221 873/1284/1100 874/1285/1223
f 873/1284/1100 875/1286/1098 874/1285/1223
f 874/1285/1223 875/1286/1098 876/1287/1224
f 875/1286/1098 877/1288/1062 876/1287/1224
f 876/1287/1224 877/1288/1062 878/1289/1225
f 877/1288/1062 879/1290/1060 878/1289/1225
f 878/1289/1225 879/1290/1060 880/1291/1226
f 879/1290/1060 881/1292/1227 880/1291/1226
f 880/1291/1226 881/1292/1227 882/1293/1228
f 881/1292/1227 883/1294/1022 882/1293/1228
f 882/1293/1228 883/1294/1022 884/1295/1229
f 883/1294/1022 885/1296/1024 884/1295/1229
f 884/1295/1229 885/1296/1024 886/1297/1230
f 885/1296/1024 887/1298/1231 886/1297/1230
f 886/1297/1230 887/1298/1231 888/1299/1232
f 887/1298/1231 889/1300/1233 888/1299/1232
f 888/1299/1232 889/1300/1233 890/1301/1234
f 889/1300/1233 891/1302/1235 890/1301/1234
f 890/1301/1234 891/1302/1235 892/1303/1236
f 891/1302/1235 893/1304/986 892/1303/1236
f 892/1303/1236 893/1304/986 894/1305/1237
f 893/1304/986 895/1306/1238 894/1305/1237
f 894/1305/1237 895/1306/1238 896/1307/1239
f 895/1306/1238 897/1308/988 896/1307/1239
f 896/1307/1239 897/1308/988 898/1309/1240
f 897/1308/988 899/1310/989 898/1309/1240
f 898/1309/1240 899/1310/989 900/1311/1241
f 899/1310/989 901/1312/1242 900/1311/1241
f 900/1311/1241 901/1312/1242 902/1313/1243
f 901/1312/1242 903/1314/1244 902/1313/1243
f 902/1313/1243 903/1314/1244 904/1315/1245
f 903/1314/1244 905/1316/1037 904/1315/1245
f 904/1315/1245 905/1316/1037 906/1317/1246
f 905/1316/1037 907/1318/1036 906/1317/1246
f 906/1317/1246 907/1318/1036 908/1319/1247
f 907/1318/1036 909/1320/1035 908/1319/1247
f 908/1319/1247 909/1320/1035 910/1321/1248
f 909/1320/1035 911/1322/1249 910/1321/1248
f 910/1321/1248 911/1322/1249 912/1323/1250
f 911/1322/1249 913/1324/1033 912/1323/1250
f 912/1323/1250 913/1324/1033 914/1325/1250
f 913/1324/1033 915/1326/1251 914/1325/1250
f 914/1325/1250 915/1326/1251 916/1327/1252
f 915/1326/1251 917/1328/1038 916/1327/1252
f 916/1327/1252 917/1328/1038 918/1329/1253
f 917/1328/1038 919/1330/1254 918/1329/1253
f 918/1329/1253 919/1330/1254 920/1331/1255
f 919/1330/1254 921/1332/1256 920/1331/1255
f 920/1331/1255 921/1332/1256 922/1333/1257
f 921/1332/1256 923/1334/1044 922/1333/1257
f 922/1333/1257 923/1334/1044 924/1335/1258
f 923/1334/1044 925/1336/1083 924/1335/1258
f 924/1335/1258 925/1336/1083 926/1337/1259
f 925/1336/1083 927/1338/1085 926/1337/1259
f 926/1337/1259 927/1338/1085 928/1339/1260
f 927/1338/1085 929/1340/1261 928/1339/1260
f 928/1339/1260 929/1340/1261 930/1341/1262
f 929/1340/1261 931/1342/1263 930/1341/1262
f 930/1341/1262 931/1342/1263 932/1343/1264
f 931/1342/1263 933/1344/1143 932/1343/1264
f 932/1343/1264 933/1344/1143 934/1345/1265
f 933/1344/1143 935/1346/1266 934/1345/1265
f 934/1345/1265 935/1346/1266 936/1347/1265
f 935/1346/1266 937/1348/1173 936/1347/1265
f 936/1347/1265 937/1348/1173 938/1349/1267
f 937/1348/1173 939/1350/1268 938/1349/1267
f 938/1349/1267 939/1350/1268 940/1351/1269
f 939/1350/1268 941/1352/1186 940/1351/1269
f 940/1351/1269 941/1352/1186 942/1353/1270
f 941/1352/1186 943/1354/1271 942/1353/1270
f 942/1353/1270 943/1354/1271 944/1355/1272
f 943/1354/1271 867/1275/1160 944/1355/1272
f 1650/1356/1273 1651/1281/1220 1674/1222/1164
f 867/1275/1160 864/1269/1210 944/1355/1272
f 944/1355/1272 864/1269/1210 945/1357/1274
f 864/1269/1210 866/1271/1212 945/1357/1274
f 1673/1230/1172 1650/1356/1273 1674/1222/1164
f 1649/1358/1275 1650/1356/1273 1673/1230/1172
f 1672/1234/1176 1649/1358/1275 1673/1230/1172
f 1648/1359/1276 1649/1358/1275 1672/1234/1176
f 872/1283/1222 869/1279/1218 868/1278/1131
f 1623/1360/1277 1648/1359/1276 1672/1234/1176
f 1671/1235/1177 1623/1360/1277 1672/1234/1176
f 1622/1361/1278 1623/1360/1277 1671/1235/1177
f 1670/1237/1179 1622/1361/1278 1671/1235/1177
f 870/1280/1219 865/1270/1211 863/1268/1209
f 1501/1362/1279 1622/1361/1278 1670/1237/1179
f 1669/1240/1182 1501/1362/1279 1670/1237/1179
f 1500/1363/1280 1501/1362/1279 1669/1240/1182
f 1668/1241/1183 1500/1363/1280 1669/1240/1182
f 944/1355/1272 945/1357/1274 942/1353/1270
f 945/1357/1274 946/1364/1281 942/1353/1270
f 1499/1365/1282 1500/1363/1280 1668/1241/1183
f 946/1364/1281 947/1366/1283 942/1353/1270
f 942/1353/1270 947/1366/1283 940/1351/1269
f 1498/1367/1284 1499/1365/1282 1668/1241/1183
f 940/1351/1269 947/1366/1283 938/1349/1267
f 947/1366/1283 948/1368/1285 938/1349/1267
f 1667/1247/1189 1498/1367/1284 1668/1241/1183
f 948/1368/1285 949/1369/1286 938/1349/1267
f 938/1349/1267 949/1369/1286 936/1347/1265
f 1497/1370/1287 1498/1367/1284 1667/1247/1189
f 936/1347/1265 949/1369/1286 934/1345/1265
f 949/1369/1286 950/1371/1288 934/1345/1265
f 934/1345/1265 950/1371/1288 951/1372/1289
f 950/1371/1288 952/1373/1290 951/1372/1289
f 951/1372/1289 952/1373/1290 953/1374/1291
f 952/1373/1290 954/1375/1292 953/1374/1291
f 1666/1248/1190 1497/1370/1287 1667/1247/1189
f 954/1375/1292 955/1376/1293 953/1374/1291
f 953/1374/1291 955/1376/1293 930/1341/1262
f 1665/1249/1191 1497/1370/1287 1666/1248/1190
f 930/1341/1262 955/1376/1293 928/1339/1260
f 1496/1377/1294 1497/1370/1287 1665/1249/1191
f 928/1339/1260 955/1376/1293 926/1337/1259
f 955/1376/1293 956/1378/1295 926/1337/1259
f 1664/1252/1194 1496/1377/1294 1665/1249/1191
f 956/1378/1295 957/1379/1296 926/1337/1259
f 926/1337/1259 957/1379/1296 924/1335/1258
f 1495/1380/1297 1496/1377/1294 1664/1252/1194
f 924/1335/1258 957/1379/1296 922/1333/1257
f 957/1379/1296 958/1381/1298 922/1333/1257
f 1494/1382/1299 1495/1380/1297 1664/1252/1194
f 958/1381/1298 959/1383/1300 922/1333/1257
f 922/1333/1257 959/1383/1300 920/1331/1255
f 1663/1255/1197 1494/1382/1299 1664/1252/1194
f 920/1331/1255 959/1383/1300 918/1329/1253
f 959/1383/1300 960/1384/1301 918/1329/1253
f 1493/1385/1302 1494/1382/1299 1663/1255/1197
f 960/1384/1301 961/1386/1303 918/1329/1253
f 918/1329/1253 961/1386/1303 916/1327/1252
f 1662/1256/1198 1493/1385/1302 1663/1255/1197
f 916/1327/1252 961/1386/1303 914/1325/1250
f 1661/1259/1201 1493/1385/1302 1662/1256/1198
f 914/1325/1250 961/1386/1303 962/1387/1304
f 961/1386/1303 963/1388/1305 962/1387/1304
f 1492/1389/1306 1493/1385/1302 1661/1259/1201
f 963/1388/1305 964/1390/1307 962/1387/1304
f 1660/1261/1203 1492/1389/1306 1661/1259/1201
f 964/1390/1307 965/1391/1308 962/1387/1304
f 962/1387/1304 965/1391/1308 914/1325/1250
f 1491/1392/1309 1492/1389/1306 1660/1261/1203
f 914/1325/1250 965/1391/1308 912/1323/1250
f 1659/1262/1204 1491/1392/1309 1660/1261/1203
f 912/1323/1250 965/1391/1308 910/1321/1248
f 965/1391/1308 966/1393/1310 910/1321/1248
f 1490/1394/1311 1491/1392/1309 1659/1262/1204
f 966/1393/1310 967/1395/1312 910/1321/1248
f 910/1321/1248 967/1395/1312 908/1319/1247
f 1658/1263/1205 1490/1394/1311 1659/1262/1204
f 908/1319/1247 967/1395/1312 906/1317/1246
f 967/1395/1312 968/1396/1313 906/1317/1246
f 1489/1397/1314 1490/1394/1311 1658/1263/1205
f 968/1396/1313 969/1398/1315 906/1317/1246
f 906/1317/1246 969/1398/1315 904/1315/1245
f 1657/1266/1208 1489/1397/1314 1658/1263/1205
f 904/1315/1245 969/1398/1315 902/1313/1243
f 969/1398/1315 970/1399/1316 902/1313/1243
f 1487/1400/1317 1489/1397/1314 1657/1266/1208
f 970/1399/1316 971/1401/1318 902/1313/1243
f 902/1313/1243 971/1401/1318 900/1311/1241
f 971/1401/1318 972/1402/1319 900/1311/1241
f 900/1311/1241 972/1402/1319 898/1309/1240
f 1656/1273/1214 1487/1400/1317 1657/1266/1208
f 898/1309/1240 972/1402/1319 896/1307/1239
f 972/1402/1319 973/1403/1320 896/1307/1239
f 1488/1404/1321 1487/1400/1317 1656/1273/1214
f 973/1403/1320 974/1405/1322 896/1307/1239
f 896/1307/1239 974/1405/1322 894/1305/1237
f 1639/1406/1323 1488/1404/1321 1656/1273/1214
f 894/1305/1237 974/1405/1322 892/1303/1236
f 974/1405/1322 975/1407/1324 892/1303/1236
f 1638/1408/1325 1639/1406/1323 1656/1273/1214
f 975/1407/1324 976/1409/1326 892/1303/1236
f 892/1303/1236 976/1409/1326 890/1301/1234
f 1640/1410/1327 1638/1408/1325 1656/1273/1214
f 890/1301/1234 976/1409/1326 888/1299/1232
f 1655/1272/1213 1640/1410/1327 1656/1273/1214
f 888/1299/1232 976/1409/1326 977/1411/1328
f 1641/1412/1329 1640/1410/1327 1655/1272/1213
f 977/1411/1328 976/1409/1326 978/1413/1330
f 976/1409/1326 975/1407/1324 978/1413/1330
f 978/1413/1330 975/1407/1324 979/1414/1331
f 1654/1274/1215 1641/1412/1329 1655/1272/1213
f 979/1414/1331 975/1407/1324 980/1415/1332
f 975/1407/1324 974/1405/1322 980/1415/1332
f 980/1415/1332 974/1405/1322 981/1416/1333
f 974/1405/1322 973/1403/1320 981/1416/1333
f 1653/1276/1216 1641/1412/1329 1654/1274/1215
f 973/1403/1320 972/1402/1319 981/1416/1333
f 981/1416/1333 972/1402/1319 982/1417/1334
f 1642/1418/1335 1641/1412/1329 1653/1276/1216
f 982/1417/1334 972/1402/1319 983/1419/1336
f 972/1402/1319 971/1401/1318 983/1419/1336
f 983/1419/1336 971/1401/1318 984/1420/1337
f 971/1401/1318 970/1399/1316 984/1420/1337
f 984/1420/1337 970/1399/1316 985/1421/1338
f 970/1399/1316 969/1398/1315 985/1421/1338
f 985/1421/1338 969/1398/1315 986/1422/1339
f 969/1398/1315 968/1396/1313 986/1422/1339
f 986/1422/1339 968/1396/1313 987/1423/1340
f 968/1396/1313 967/1395/1312 987/1423/1340
f 987/1423/1340 967/1395/1312 988/1424/1341
f 967/1395/1312 966/1393/1310 988/1424/1341
f 1643/1425/1342 1642/1418/1335 1653/1276/1216
f 966/1393/1310 965/1391/1308 988/1424/1341
f 988/1424/1341 965/1391/1308 989/1426/1343
f 965/1391/1308 964/1390/1307 989/1426/1343
f 989/1426/1343 964/1390/1307 990/1427/1344
f 964/1390/1307 963/1388/1305 990/1427/1344
f 1652/1277/1217 1643/1425/1342 1653/1276/1216
f 1651/1281/1220 1643/1425/1342 1652/1277/1217
f 1644/1428/1345 1643/1425/1342 1651/1281/1220
f 1650/1356/1273 1644/1428/1345 1651/1281/1220
f 934/1345/1265 951/1372/1289 932/1343/1264
f 1645/1429/1346 1644/1428/1345 1650/1356/1273
f 932/1343/1264 951/1372/1289 930/1341/1262
f 951/1372/1289 953/1374/1291 930/1341/1262
f 1649/1358/1275 1645/1429/1346 1650/1356/1273
f 1646/1430/1347 1645/1429/1346 1649/1358/1275
f 1648/1359/1276 1646/1430/1347 1649/1358/1275
f 1647/1431/1348 1646/1430/1347 1648/1359/1276
f 963/1388/1305 961/1386/1303 960/1384/1301
f 1624/1432/1349 1648/1359/1276 1623/1360/1277
f 1647/1431/1348 1648/1359/1276 1624/1432/1349
f 1625/1433/1350 1647/1431/1348 1624/1432/1349
f 1626/1434/1351 1647/1431/1348 1625/1433/1350
f 988/1424/1341 989/1426/1343 991/1435/1352
f 991/1435/1352 989/1426/1343 992/1436/1353
f 989/1426/1343 990/1427/1344 992/1436/1353
f 1627/1437/1354 1647/1431/1348 1626/1434/1351
f 1646/1430/1347 1647/1431/1348 1627/1437/1354
f 1628/1438/1355 1646/1430/1347 1627/1437/1354
f 1645/1429/1346 1646/1430/1347 1628/1438/1355
f 988/1424/1341 991/1435/1352 987/1423/1340
f 991/1435/1352 993/1439/1356 987/1423/1340
f 1629/1440/1357 1645/1429/1346 1628/1438/1355
f 993/1439/1356 994/1441/1358 987/1423/1340
f 987/1423/1340 994/1441/1358 986/1422/1339
f 1644/1428/1345 1645/1429/1346 1629/1440/1357
f 986/1422/1339 994/1441/1358 985/1421/1338
f 994/1441/1358 995/1442/1359 985/1421/1338
f 985/1421/1338 995/1442/1359 984/1420/1337
f 995/1442/1359 996/1443/1360 984/1420/1337
f 984/1420/1337 996/1443/1360 983/1419/1336
f 996/1443/1360 997/1444/1361 983/1419/1336
f 983/1419/1336 997/1444/1361 982/1417/1334
f 997/1444/1361 998/1445/1362 982/1417/1334
f 1630/1446/1363 1644/1428/1345 1629/1440/1357
f 998/1445/1362 999/1447/1364 982/1417/1334
f 982/1417/1334 999/1447/1364 981/1416/1333
f 1643/1425/1342 1644/1428/1345 1630/1446/1363
f 981/1416/1333 999/1447/1364 980/1415/1332
f 999/1447/1364 1000/1448/1365 980/1415/1332
f 980/1415/1332 1000/1448/1365 979/1414/1331
f 1000/1448/1365 1001/1449/1366 979/1414/1331
f 1642/1418/1335 1643/1425/1342 1630/1446/1363
f 1001/1449/1366 1002/1450/1367 979/1414/1331
f 979/1414/1331 1002/1450/1367 978/1413/1330
f 1002/1450/1367 1003/1451/1368 978/1413/1330
f 978/1413/1330 1003/1451/1368 977/1411/1328
f 1003/1451/1368 1004/1452/1369 977/1411/1328
f 977/1411/1328 1004/1452/1369 888/1299/1232
f 1631/1453/1370 1642/1418/1335 1630/1446/1363
f 888/1299/1232 1004/1452/1369 886/1297/1230
f 1641/1412/1329 1642/1418/1335 1631/1453/1370
f 886/1297/1230 1004/1452/1369 884/1295/1229
f 1632/1454/1371 1641/1412/1329 1631/1453/1370
f 884/1295/1229 1004/1452/1369 1005/1455/1372
f 1640/1410/1327 1641/1412/1329 1632/1454/1371
f 1005/1455/1372 1004/1452/1369 1006/1456/1373
f 1004/1452/1369 1003/1451/1368 1006/1456/1373
f 1006/1456/1373 1003/1451/1368 1007/1457/1374
f 1003/1451/1368 1002/1450/1367 1007/1457/1374
f 1007/1457/1374 1002/1450/1367 1008/1458/1375
f 1633/1459/1376 1640/1410/1327 1632/1454/1371
f 1008/1458/1375 1002/1450/1367 1009/1460/1377
f 1002/1450/1367 1001/1449/1366 1009/1460/1377
f 1009/1460/1377 1001/1449/1366 1010/1461/1378
f 1001/1449/1366 1000/1448/1365 1010/1461/1378
f 1010/1461/1378 1000/1448/1365 1011/1462/1379
f 1000/1448/1365 999/1447/1364 1011/1462/1379
f 1011/1462/1379 999/1447/1364 1012/1463/1380
f 999/1447/1364 998/1445/1362 1012/1463/1380
f 1012/1463/1380 998/1445/1362 1013/1464/1381
f 998/1445/1362 997/1444/1361 1013/1464/1381
f 1013/1464/1381 997/1444/1361 1014/1465/1382
f 997/1444/1361 996/1443/1360 1014/1465/1382
f 1014/1465/1382 996/1443/1360 1015/1466/1383
f 996/1443/1360 995/1442/1359 1015/1466/1383
f 1015/1466/1383 995/1442/1359 1016/1467/1384
f 995/1442/1359 994/1441/1358 1016/1467/1384
f 1016/1467/1384 994/1441/1358 1017/1468/1385
f 994/1441/1358 993/1439/1356 1017/1468/1385
f 1017/1468/1385 993/1439/1356 1018/1469/1386
f 993/1439/1356 991/1435/1352 1018/1469/1386
f 1018/1469/1386 991/1435/1352 1019/1470/1387
f 991/1435/1352 992/1436/1353 1019/1470/1387
f 1019/1470/1387 992/1436/1353 1020/1471/1388
f 992/1436/1353 990/1427/1344 1020/1471/1388
f 1020/1471/1388 990/1427/1344 1021/1472/1389
f 1638/1408/1325 1640/1410/1327 1633/1459/1376
f 1021/1472/1389 990/1427/1344 1022/1473/1390
f 990/1427/1344 963/1388/1305 1022/1473/1390
f 1022/1473/1390 963/1388/1305 1023/1474/1391
f 963/1388/1305 960/1384/1301 1023/1474/1391
f 1023/1474/1391 960/1384/1301 1024/1475/1392
f 960/1384/1301 959/1383/1300 1024/1475/1392
f 1024/1475/1392 959/1383/1300 1025/1476/1393
f 959/1383/1300 958/1381/1298 1025/1476/1393
f 1025/1476/1393 958/1381/1298 1026/1477/1394
f 958/1381/1298 957/1379/1296 1026/1477/1394
f 1026/1477/1394 957/1379/1296 1027/1478/1395
f 957/1379/1296 956/1378/1295 1027/1478/1395
f 1635/1479/1396 1638/1408/1325 1633/1459/1376
f 956/1378/1295 955/1376/1293 1027/1478/1395
f 1027/1478/1395 955/1376/1293 1028/1480/1397
f 955/1376/1293 954/1375/1292 1028/1480/1397
f 1634/1481/1398 1552/1482/1399 1636/1483/1400
f 1551/1484/1401 1552/1482/1399 1634/1481/1398
f 1611/1485/1402 1551/1484/1401 1634/1481/1398
f 1637/1486/1403 1639/1406/1323 1638/1408/1325
f 1028/1480/1397 1029/1487/1404 1027/1478/1395
f 1635/1479/1396 1637/1486/1403 1638/1408/1325
f 1027/1478/1395 1029/1487/1404 1026/1477/1394
f 1029/1487/1404 1030/1488/1405 1026/1477/1394
f 1026/1477/1394 1030/1488/1405 1025/1476/1393
f 1030/1488/1405 1031/1489/1406 1025/1476/1393
f 1025/1476/1393 1031/1489/1406 1024/1475/1392
f 1031/1489/1406 1032/1490/1407 1024/1475/1392
f 1024/1475/1392 1032/1490/1407 1023/1474/1391
f 1032/1490/1407 1033/1491/1408 1023/1474/1391
f 1023/1474/1391 1033/1491/1408 1022/1473/1390
f 1033/1491/1408 1034/1492/1409 1022/1473/1390
f 1022/1473/1390 1034/1492/1409 1021/1472/1389
f 1636/1483/1400 1637/1486/1403 1635/1479/1396
f 1634/1481/1398 1636/1483/1400 1635/1479/1396
f 1633/1459/1376 1634/1481/1398 1635/1479/1396
f 1611/1485/1402 1634/1481/1398 1633/1459/1376
f 1034/1492/1409 1033/1491/1408 1035/1493/1410
f 1632/1454/1371 1611/1485/1402 1633/1459/1376
f 1033/1491/1408 1032/1490/1407 1035/1493/1410
f 1035/1493/1410 1032/1490/1407 1036/1494/1411
f 1032/1490/1407 1031/1489/1406 1036/1494/1411
f 1036/1494/1411 1031/1489/1406 1037/1495/1412
f 1031/1489/1406 1030/1488/1405 1037/1495/1412
f 1037/1495/1412 1030/1488/1405 1038/1496/1413
f 1030/1488/1405 1029/1487/1404 1038/1496/1413
f 1038/1496/1413 1029/1487/1404 1039/1497/1414
f 1610/1498/1415 1611/1485/1402 1632/1454/1371
f 1039/1497/1414 1029/1487/1404 1040/1499/1416
f 1029/1487/1404 1028/1480/1397 1040/1499/1416
f 1040/1499/1416 1028/1480/1397 1041/1500/1417
f 1028/1480/1397 954/1375/1292 1041/1500/1417
f 1041/1500/1417 954/1375/1292 1042/1501/1418
f 954/1375/1292 952/1373/1290 1042/1501/1418
f 1042/1501/1418 952/1373/1290 1043/1502/1419
f 952/1373/1290 950/1371/1288 1043/1502/1419
f 1043/1502/1419 950/1371/1288 1044/1503/1420
f 950/1371/1288 949/1369/1286 1044/1503/1420
f 1044/1503/1420 949/1369/1286 1045/1504/1421
f 949/1369/1286 948/1368/1285 1045/1504/1421
f 1045/1504/1421 948/1368/1285 1046/1505/1422
f 948/1368/1285 947/1366/1283 1046/1505/1422
f 1046/1505/1422 947/1366/1283 1047/1506/1423
f 947/1366/1283 946/1364/1281 1047/1506/1423
f 1047/1506/1423 946/1364/1281 1048/1507/1424
f 946/1364/1281 945/1357/1274 1048/1507/1424
f 1048/1507/1424 945/1357/1274 1049/1508/1425
f 945/1357/1274 866/1271/1212 1049/1508/1425
f 1049/1508/1425 866/1271/1212 1050/1509/1426
f 866/1271/1212 865/1270/1211 1050/1509/1426
f 1050/1509/1426 865/1270/1211 1051/1510/1427
f 865/1270/1211 870/1280/1219 1051/1510/1427
f 1051/1510/1427 870/1280/1219 1052/1511/1428
f 1631/1453/1370 1610/1498/1415 1632/1454/1371
f 1052/1511/1428 870/1280/1219 1053/1512/1429
f 870/1280/1219 871/1282/1221 1053/1512/1429
f 1053/1512/1429 871/1282/1221 1054/1513/1430
f 871/1282/1221 874/1285/1223 1054/1513/1430
f 1612/1514/1431 1610/1498/1415 1631/1453/1370
f 874/1285/1223 876/1287/1224 1054/1513/1430
f 1613/1515/1432 1612/1514/1431 1631/1453/1370
f 876/1287/1224 1055/1516/1433 1054/1513/1430
f 1630/1446/1363 1613/1515/1432 1631/1453/1370
f 1055/1516/1433 1056/1517/1434 1054/1513/1430
f 1054/1513/1430 1056/1517/1434 1053/1512/1429
f 1629/1440/1357 1613/1515/1432 1630/1446/1363
f 1053/1512/1429 1056/1517/1434 1052/1511/1428
f 1056/1517/1434 1057/1518/1435 1052/1511/1428
f 1614/1519/1436 1613/1515/1432 1629/1440/1357
f 1057/1518/1435 1058/1520/1437 1052/1511/1428
f 1052/1511/1428 1058/1520/1437 1051/1510/1427
f 1058/1520/1437 1059/1521/1438 1051/1510/1427
f 1051/1510/1427 1059/1521/1438 1050/1509/1426
f 1059/1521/1438 1060/1522/1439 1050/1509/1426
f 1050/1509/1426 1060/1522/1439 1049/1508/1425
f 1060/1522/1439 1061/1523/1440 1049/1508/1425
f 1049/1508/1425 1061/1523/1440 1048/1507/1424
f 1061/1523/1440 1062/1524/1441 1048/1507/1424
f 1048/1507/1424 1062/1524/1441 1047/1506/1423
f 1062/1524/1441 1063/1525/1442 1047/1506/1423
f 1047/1506/1423 1063/1525/1442 1046/1505/1422
f 1063/1525/1442 1064/1526/1443 1046/1505/1422
f 1046/1505/1422 1064/1526/1443 1045/1504/1421
f 1064/1526/1443 1065/1527/1444 1045/1504/1421
f 1045/1504/1421 1065/1527/1444 1044/1503/1420
f 1065/1527/1444 1066/1528/1445 1044/1503/1420
f 1044/1503/1420 1066/1528/1445 1043/1502/1419
f 1066/1528/1445 1067/1529/1446 1043/1502/1419
f 1043/1502/1419 1067/1529/1446 1042/1501/1418
f 1628/1438/1355 1614/1519/1436 1629/1440/1357
f 1042/1501/1418 1067/1529/1446 1068/1530/1447
f 1615/1531/1448 1614/1519/1436 1628/1438/1355
f 1068/1530/1447 1067/1529/1446 1069/1532/1449
f 1067/1529/1446 1066/1528/1445 1069/1532/1449
f 1069/1532/1449 1066/1528/1445 1070/1533/1450
f 1066/1528/1445 1065/1527/1444 1070/1533/1450
f 1070/1533/1450 1065/1527/1444 1071/1534/1451
f 1065/1527/1444 1064/1526/1443 1071/1534/1451
f 1071/1534/1451 1064/1526/1443 1072/1535/1452
f 1064/1526/1443 1063/1525/1442 1072/1535/1452
f 1072/1535/1452 1063/1525/1442 1073/1536/1453
f 1063/1525/1442 1062/1524/1441 1073/1536/1453
f 1073/1536/1453 1062/1524/1441 1074/1537/1454
f 1062/1524/1441 1061/1523/1440 1074/1537/1454
f 1074/1537/1454 1061/1523/1440 1075/1538/1455
f 1061/1523/1440 1060/1522/1439 1075/1538/1455
f 1075/1538/1455 1060/1522/1439 1076/1539/1456
f 1060/1522/1439 1059/1521/1438 1076/1539/1456
f 1076/1539/1456 1059/1521/1438 1077/1540/1457
f 1059/1521/1438 1058/1520/1437 1077/1540/1457
f 1077/1540/1457 1058/1520/1437 1078/1541/1458
f 1058/1520/1437 1057/1518/1435 1078/1541/1458
f 1627/1437/1354 1615/1531/1448 1628/1438/1355
f 1616/1542/1459 1615/1531/1448 1627/1437/1354
f 1626/1434/1351 1616/1542/1459 1627/1437/1354
f 1617/1543/1460 1616/1542/1459 1626/1434/1351
f 1078/1541/1458 1079/1544/1461 1077/1540/1457
f 1079/1544/1461 1080/1545/1462 1077/1540/1457
f 1077/1540/1457 1080/1545/1462 1076/1539/1456
f 1080/1545/1462 1081/1546/1463 1076/1539/1456
f 1076/1539/1456 1081/1546/1463 1075/1538/1455
f 1618/1547/1464 1617/1543/1460 1626/1434/1351
f 1625/1433/1350 1618/1547/1464 1626/1434/1351
f 1619/1548/1465 1618/1547/1464 1625/1433/1350
f 1624/1432/1349 1619/1548/1465 1625/1433/1350
f 1081/1546/1463 1080/1545/1462 1082/1549/1466
f 1620/1550/1467 1619/1548/1465 1624/1432/1349
f 1080/1545/1462 1079/1544/1461 1082/1549/1466
f 1082/1549/1466 1079/1544/1461 1083/1551/1468
f 1623/1360/1277 1620/1550/1467 1624/1432/1349
f 1083/1551/1468 1079/1544/1461 1084/1552/1469
f 1079/1544/1461 1078/1541/1458 1084/1552/1469
f 1084/1552/1469 1078/1541/1458 1085/1553/1470
f 1078/1541/1458 1057/1518/1435 1085/1553/1470
f 1085/1553/1470 1057/1518/1435 1086/1554/1471
f 1057/1518/1435 1087/1555/1472 1086/1554/1471
f 1086/1554/1471 1087/1555/1472 1088/1556/1473
f 1621/1557/1474 1620/1550/1467 1623/1360/1277
f 1088/1556/1473 1087/1555/1472 1089/1558/1475
f 1622/1361/1278 1621/1557/1474 1623/1360/1277
f 1089/1558/1475 1087/1555/1472 1055/1516/1433
f 1502/1559/1476 1622/1361/1278 1501/1362/1279
f 1055/1516/1433 1087/1555/1472 1056/1517/1434
f 1087/1555/1472 1057/1518/1435 1056/1517/1434
f 1621/1557/1474 1622/1361/1278 1502/1559/1476
f 1503/1560/1477 1621/1557/1474 1502/1559/1476
f 1504/1561/1478 1621/1557/1474 1503/1560/1477
f 1620/1550/1467 1621/1557/1474 1504/1561/1478
f 1088/1556/1473 1090/1562/1479 1086/1554/1471
f 1505/1563/1480 1620/1550/1467 1504/1561/1478
f 1086/1554/1471 1090/1562/1479 1085/1553/1470
f 1090/1562/1479 1091/1564/1481 1085/1553/1470
f 1085/1553/1470 1091/1564/1481 1084/1552/1469
f 1091/1564/1481 1092/1565/1482 1084/1552/1469
f 1084/1552/1469 1092/1565/1482 1083/1551/1468
f 1619/1548/1465 1620/1550/1467 1505/1563/1480
f 1594/1566/1483 1619/1548/1465 1505/1563/1480
f 1618/1547/1464 1619/1548/1465 1594/1566/1483
f 1595/1567/1484 1618/1547/1464 1594/1566/1483
f 1092/1565/1482 1091/1564/1481 1093/1568/1485
f 1093/1568/1485 1091/1564/1481 1094/1569/1486
f 1091/1564/1481 1090/1562/1479 1094/1569/1486
f 1094/1569/1486 1090/1562/1479 1095/1570/1487
f 1090/1562/1479 1088/1556/1473 1095/1570/1487
f 1095/1570/1487 1088/1556/1473 1096/1571/1488
f 1088/1556/1473 1089/1558/1475 1096/1571/1488
f 1617/1543/1460 1618/1547/1464 1595/1567/1484
f 1602/1572/1489 1595/1567/1484 1596/1573/1490
f 1617/1543/1460 1595/1567/1484 1602/1572/1489
f 1603/1574/1491 1617/1543/1460 1602/1572/1489
f 1094/1569/1486 1095/1570/1487 1097/1575/1492
f 1616/1542/1459 1617/1543/1460 1603/1574/1491
f 1097/1575/1492 1095/1570/1487 1098/1576/1493
f 1095/1570/1487 1096/1571/1488 1098/1576/1493
f 1604/1577/1494 1616/1542/1459 1603/1574/1491
f 1615/1531/1448 1616/1542/1459 1604/1577/1494
f 1605/1578/1495 1615/1531/1448 1604/1577/1494
f 1614/1519/1436 1615/1531/1448 1605/1578/1495
f 1094/1569/1486 1097/1575/1492 1093/1568/1485
f 1097/1575/1492 1099/1579/1496 1093/1568/1485
f 1606/1580/1497 1614/1519/1436 1605/1578/1495
f 1099/1579/1496 1100/1581/1498 1093/1568/1485
f 1093/1568/1485 1100/1581/1498 1092/1565/1482
f 1100/1581/1498 1101/1582/1499 1092/1565/1482
f 1092/1565/1482 1101/1582/1499 1083/1551/1468
f 1101/1582/1499 1102/1583/1500 1083/1551/1468
f 1083/1551/1468 1102/1583/1500 1082/1549/1466
f 1102/1583/1500 1103/1584/1501 1082/1549/1466
f 1082/1549/1466 1103/1584/1501 1081/1546/1463
f 1103/1584/1501 1104/1585/1502 1081/1546/1463
f 1081/1546/1463 1104/1585/1502 1075/1538/1455
f 1613/1515/1432 1614/1519/1436 1606/1580/1497
f 1075/1538/1455 1104/1585/1502 1074/1537/1454
f 1104/1585/1502 1105/1586/1503 1074/1537/1454
f 1074/1537/1454 1105/1586/1503 1073/1536/1453
f 1105/1586/1503 1106/1587/1504 1073/1536/1453
f 1073/1536/1453 1106/1587/1504 1072/1535/1452
f 1106/1587/1504 1107/1588/1505 1072/1535/1452
f 1072/1535/1452 1107/1588/1505 1071/1534/1451
f 1612/1514/1431 1613/1515/1432 1606/1580/1497
f 1607/1589/1506 1612/1514/1431 1606/1580/1497
f 1608/1590/1507 1612/1514/1431 1607/1589/1506
f 1610/1498/1415 1612/1514/1431 1608/1590/1507
f 1106/1587/1504 1105/1586/1503 1107/1588/1505
f 1107/1588/1505 1105/1586/1503 1108/1591/1508
f 1105/1586/1503 1104/1585/1502 1108/1591/1508
f 1609/1592/1509 1578/1593/1510 1554/1594/1511
f 1104/1585/1502 1103/1584/1501 1108/1591/1508
f 1108/1591/1508 1103/1584/1501 1109/1595/1512
f 1103/1584/1501 1102/1583/1500 1109/1595/1512
f 1109/1595/1512 1102/1583/1500 1110/1596/1513
f 1102/1583/1500 1101/1582/1499 1110/1596/1513
f 1110/1596/1513 1101/1582/1499 1111/1597/1514
f 1101/1582/1499 1100/1581/1498 1111/1597/1514
f 1111/1597/1514 1100/1581/1498 1112/1598/1515
f 1100/1581/1498 1099/1579/1496 1112/1598/1515
f 1112/1598/1515 1099/1579/1496 1113/1599/1516
f 1551/1484/1401 1609/1592/1509 1554/1594/1511
f 1113/1599/1516 1099/1579/1496 1114/1600/1517
f 1099/1579/1496 1097/1575/1492 1114/1600/1517
f 1611/1485/1402 1609/1592/1509 1551/1484/1401
f 1097/1575/1492 1098/1576/1493 1114/1600/1517
f 1114/1600/1517 1098/1576/1493 1115/1601/1518
f 1098/1576/1493 1116/1602/1519 1115/1601/1518
f 1115/1601/1518 1116/1602/1519 1117/1603/1520
f 1610/1498/1415 1609/1592/1509 1611/1485/1402
f 1117/1603/1520 1116/1602/1519 1118/1604/1521
f 1608/1590/1507 1609/1592/1509 1610/1498/1415
f 1118/1604/1521 1116/1602/1519 1096/1571/1488
f 1116/1602/1519 1098/1576/1493 1096/1571/1488
f 1578/1593/1510 1609/1592/1509 1608/1590/1507
f 1607/1589/1506 1578/1593/1510 1608/1590/1507
f 1577/1605/1506 1578/1593/1510 1607/1589/1506
f 1579/1606/1522 1577/1605/1506 1607/1589/1506
f 1114/1600/1517 1115/1601/1518 1119/1607/1523
f 1606/1580/1497 1579/1606/1522 1607/1589/1506
f 1119/1607/1523 1115/1601/1518 1120/1608/1524
f 1115/1601/1518 1117/1603/1520 1120/1608/1524
f 1605/1578/1495 1579/1606/1522 1606/1580/1497
f 1580/1609/1525 1579/1606/1522 1605/1578/1495
f 1604/1577/1494 1580/1609/1525 1605/1578/1495
f 1581/1610/1526 1580/1609/1525 1604/1577/1494
f 1114/1600/1517 1119/1607/1523 1113/1599/1516
f 1119/1607/1523 1121/1611/1527 1113/1599/1516
f 1603/1574/1491 1581/1610/1526 1604/1577/1494
f 1121/1611/1527 1122/1612/1528 1113/1599/1516
f 1113/1599/1516 1122/1612/1528 1112/1598/1515
f 1122/1612/1528 1123/1613/1529 1112/1598/1515
f 1112/1598/1515 1123/1613/1529 1111/1597/1514
f 1123/1613/1529 1124/1614/1530 1111/1597/1514
f 1111/1597/1514 1124/1614/1530 1110/1596/1513
f 1124/1614/1530 1125/1615/1531 1110/1596/1513
f 1110/1596/1513 1125/1615/1531 1109/1595/1512
f 1125/1615/1531 1126/1616/1532 1109/1595/1512
f 1109/1595/1512 1126/1616/1532 1108/1591/1508
f 1582/1617/1533 1581/1610/1526 1603/1574/1491
f 1108/1591/1508 1126/1616/1532 1107/1588/1505
f 1602/1572/1489 1582/1617/1533 1603/1574/1491
f 1107/1588/1505 1126/1616/1532 1071/1534/1451
f 1583/1618/1534 1582/1617/1533 1602/1572/1489
f 1071/1534/1451 1126/1616/1532 1070/1533/1450
f 1126/1616/1532 1125/1615/1531 1070/1533/1450
f 1070/1533/1450 1125/1615/1531 1069/1532/1449
f 1125/1615/1531 1124/1614/1530 1069/1532/1449
f 1069/1532/1449 1124/1614/1530 1068/1530/1447
f 1598/1619/1535 1599/1620/1536 1600/1621/1537
f 1068/1530/1447 1124/1614/1530 1127/1622/1538
f 1124/1614/1530 1123/1613/1529 1127/1622/1538
f 1127/1622/1538 1123/1613/1529 1128/1623/1539
f 1123/1613/1529 1122/1612/1528 1128/1623/1539
f 1128/1623/1539 1122/1612/1528 1129/1624/1540
f 1122/1612/1528 1121/1611/1527 1129/1624/1540
f 1129/1624/1540 1121/1611/1527 1130/1625/1541
f 1121/1611/1527 1131/1626/1542 1130/1625/1541
f 1130/1625/1541 1131/1626/1542 1132/1627/1543
f 1601/1628/1544 1598/1619/1535 1600/1621/1537
f 1132/1627/1543 1131/1626/1542 1133/1629/1545
f 1597/1630/1546 1598/1619/1535 1601/1628/1544
f 1133/1629/1545 1131/1626/1542 1120/1608/1524
f 1596/1573/1490 1597/1630/1546 1601/1628/1544
f 1120/1608/1524 1131/1626/1542 1119/1607/1523
f 1131/1626/1542 1121/1611/1527 1119/1607/1523
f 1602/1572/1489 1596/1573/1490 1601/1628/1544
f 1583/1618/1534 1602/1572/1489 1601/1628/1544
f 1600/1621/1537 1583/1618/1534 1601/1628/1544
f 1584/1631/1547 1583/1618/1534 1600/1621/1537
f 1132/1627/1543 1134/1632/1548 1130/1625/1541
f 1134/1632/1548 1135/1633/1549 1130/1625/1541
f 1130/1625/1541 1135/1633/1549 1129/1624/1540
f 1135/1633/1549 1136/1634/1550 1129/1624/1540
f 1129/1624/1540 1136/1634/1550 1128/1623/1539
f 1136/1634/1550 1137/1635/1551 1128/1623/1539
f 1128/1623/1539 1137/1635/1551 1127/1622/1538
f 1137/1635/1551 1138/1636/1552 1127/1622/1538
f 1127/1622/1538 1138/1636/1552 1068/1530/1447
f 1585/1637/1553 1584/1631/1547 1600/1621/1537
f 1068/1530/1447 1138/1636/1552 1042/1501/1418
f 1599/1620/1536 1585/1637/1553 1600/1621/1537
f 1042/1501/1418 1138/1636/1552 1041/1500/1417
f 1138/1636/1552 1139/1638/1554 1041/1500/1417
f 1041/1500/1417 1139/1638/1554 1040/1499/1416
f 1586/1639/1555 1585/1637/1553 1599/1620/1536
f 1040/1499/1416 1139/1638/1554 1039/1497/1414
f 1587/1640/1556 1586/1639/1555 1599/1620/1536
f 1039/1497/1414 1139/1638/1554 1140/1641/1557
f 1139/1638/1554 1137/1635/1551 1140/1641/1557
f 1589/1642/1558 1587/1640/1556 1599/1620/1536
f 1137/1635/1551 1136/1634/1550 1140/1641/1557
f 1140/1641/1557 1136/1634/1550 1141/1643/1559
f 1136/1634/1550 1135/1633/1549 1141/1643/1559
f 1141/1643/1559 1135/1633/1549 1142/1644/1560
f 1135/1633/1549 1134/1632/1548 1142/1644/1560
f 1142/1644/1560 1134/1632/1548 1143/1645/1561
f 1598/1619/1535 1589/1642/1558 1599/1620/1536
f 1143/1645/1561 1134/1632/1548 1144/1646/1562
f 1134/1632/1548 1132/1627/1543 1144/1646/1562
f 1144/1646/1562 1132/1627/1543 1008/1458/1375
f 1132/1627/1543 1133/1629/1545 1008/1458/1375
f 1008/1458/1375 1133/1629/1545 1007/1457/1374
f 1133/1629/1545 1145/1647/1563 1007/1457/1374
f 1007/1457/1374 1145/1647/1563 1006/1456/1373
f 1145/1647/1563 1146/1648/1521 1006/1456/1373
f 1006/1456/1373 1146/1648/1521 1005/1455/1372
f 1146/1648/1521 1147/1649/1564 1005/1455/1372
f 1005/1455/1372 1147/1649/1564 884/1295/1229
f 1590/1650/1565 1589/1642/1558 1598/1619/1535
f 884/1295/1229 1147/1649/1564 882/1293/1228
f 1597/1630/1546 1590/1650/1565 1598/1619/1535
f 882/1293/1228 1147/1649/1564 880/1291/1226
f 1591/1651/1566 1590/1650/1565 1597/1630/1546
f 880/1291/1226 1147/1649/1564 1148/1652/1567
f 1596/1573/1490 1591/1651/1566 1597/1630/1546
f 1148/1652/1567 1147/1649/1564 1149/1653/1568
f 1147/1649/1564 1118/1604/1521 1149/1653/1568
f 1592/1654/1569 1591/1651/1566 1596/1573/1490
f 1118/1604/1521 1096/1571/1488 1149/1653/1568
f 1595/1567/1484 1592/1654/1569 1596/1573/1490
f 1096/1571/1488 1089/1558/1475 1149/1653/1568
f 1593/1655/1570 1592/1654/1569 1595/1567/1484
f 1089/1558/1475 1150/1656/1571 1149/1653/1568
f 1149/1653/1568 1150/1656/1571 1148/1652/1567
f 1594/1566/1483 1593/1655/1570 1595/1567/1484
f 1148/1652/1567 1150/1656/1571 880/1291/1226
f 1587/1640/1556 1589/1642/1558 1588/1657/1572
f 880/1291/1226 1150/1656/1571 878/1289/1225
f 1506/1658/1573 1594/1566/1483 1505/1563/1480
f 878/1289/1225 1150/1656/1571 876/1287/1224
f 1593/1655/1570 1594/1566/1483 1506/1658/1573
f 876/1287/1224 1150/1656/1571 1055/1516/1433
f 1150/1656/1571 1089/1558/1475 1055/1516/1433
f 1507/1659/1574 1593/1655/1570 1506/1658/1573
f 1508/1660/1575 1593/1655/1570 1507/1659/1574
f 1592/1654/1569 1593/1655/1570 1508/1660/1575
f 1509/1661/1576 1592/1654/1569 1508/1660/1575
f 1138/1636/1552 1137/1635/1551 1139/1638/1554
f 1591/1651/1566 1592/1654/1569 1509/1661/1576
f 1534/1662/1577 1591/1651/1566 1509/1661/1576
f 1590/1650/1565 1591/1651/1566 1534/1662/1577
f 1535/1663/1578 1590/1650/1565 1534/1662/1577
f 1133/1629/1545 1120/1608/1524 1145/1647/1563
f 1589/1642/1558 1590/1650/1565 1535/1663/1578
f 1120/1608/1524 1117/1603/1520 1145/1647/1563
f 1145/1647/1563 1117/1603/1520 1146/1648/1521
f 1117/1603/1520 1118/1604/1521 1146/1648/1521
f 1146/1648/1521 1118/1604/1521 1147/1649/1564
f 1588/1657/1572 1589/1642/1558 1535/1663/1578
f 1536/1664/1579 1588/1657/1572 1535/1663/1578
f 1587/1640/1556 1588/1657/1572 1536/1664/1579
f 1537/1665/1580 1587/1640/1556 1536/1664/1579
f 1035/1493/1410 1152/1666/1581 1151/1667/1582
f 1586/1639/1555 1587/1640/1556 1537/1665/1580
f 1152/1666/1581 1153/1668/1583 1151/1667/1582
f 1538/1669/1584 1586/1639/1555 1537/1665/1580
f 1153/1668/1583 1154/1670/1585 1151/1667/1582
f 1569/1671/1586 1586/1639/1555 1538/1669/1584
f 1154/1670/1585 1155/1672/1587 1151/1667/1582
f 1151/1667/1582 1155/1672/1587 1034/1492/1409
f 1585/1637/1553 1586/1639/1555 1569/1671/1586
f 1034/1492/1409 1155/1672/1587 1021/1472/1389
f 1155/1672/1587 1156/1673/1588 1021/1472/1389
f 1021/1472/1389 1156/1673/1588 1020/1471/1388
f 1570/1674/1589 1585/1637/1553 1569/1671/1586
f 1584/1631/1547 1585/1637/1553 1570/1674/1589
f 1571/1675/1590 1584/1631/1547 1570/1674/1589
f 1572/1676/1591 1584/1631/1547 1571/1675/1590
f 1035/1493/1410 1151/1667/1582 1034/1492/1409
f 1583/1618/1534 1584/1631/1547 1572/1676/1591
f 1582/1617/1533 1583/1618/1534 1572/1676/1591
f 1573/1677/1592 1582/1617/1533 1572/1676/1591
f 1581/1610/1526 1582/1617/1533 1573/1677/1592
f 1036/1494/1411 1152/1666/1581 1035/1493/1410
f 1574/1678/1593 1581/1610/1526 1573/1677/1592
f 1580/1609/1525 1581/1610/1526 1574/1678/1593
f 1575/1679/1594 1580/1609/1525 1574/1678/1593
f 1579/1606/1522 1580/1609/1525 1575/1679/1594
f 1156/1673/1588 1155/1672/1587 1157/1680/1595
f 1577/1605/1506 1579/1606/1522 1575/1679/1594
f 1155/1672/1587 1154/1670/1585 1157/1680/1595
f 1157/1680/1595 1154/1670/1585 1158/1681/1596
f 1576/1682/1597 1556/1683/1598 1555/1684/1599
f 1158/1681/1596 1154/1670/1585 1159/1685/1600
f 1154/1670/1585 1153/1668/1583 1159/1685/1600
f 1159/1685/1600 1153/1668/1583 1160/1686/1601
f 1564/1687/1602 1556/1683/1598 1576/1682/1597
f 1160/1686/1601 1153/1668/1583 1161/1688/1603
f 1153/1668/1583 1152/1666/1581 1161/1688/1603
f 1161/1688/1603 1152/1666/1581 1162/1689/1604
f 1152/1666/1581 1036/1494/1411 1162/1689/1604
f 1563/1690/1605 1564/1687/1602 1576/1682/1597
f 1036/1494/1411 1037/1495/1412 1162/1689/1604
f 1162/1689/1604 1037/1495/1412 1163/1691/1606
f 1037/1495/1412 1038/1496/1413 1163/1691/1606
f 1163/1691/1606 1038/1496/1413 1164/1692/1607
f 1038/1496/1413 1039/1497/1414 1164/1692/1607
f 1578/1593/1510 1555/1684/1599 1554/1594/1511
f 1039/1497/1414 1140/1641/1557 1164/1692/1607
f 1576/1682/1597 1555/1684/1599 1578/1593/1510
f 1140/1641/1557 1141/1643/1559 1164/1692/1607
f 1164/1692/1607 1141/1643/1559 1165/1693/1608
f 1141/1643/1559 1142/1644/1560 1165/1693/1608
f 1577/1605/1506 1576/1682/1597 1578/1593/1510
f 1575/1679/1594 1576/1682/1597 1577/1605/1506
f 1563/1690/1605 1576/1682/1597 1575/1679/1594
f 1574/1678/1593 1563/1690/1605 1575/1679/1594
f 1164/1692/1607 1165/1693/1608 1163/1691/1606
f 1165/1693/1608 1166/1694/1609 1163/1691/1606
f 1163/1691/1606 1166/1694/1609 1162/1689/1604
f 1562/1695/1610 1563/1690/1605 1574/1678/1593
f 1162/1689/1604 1166/1694/1609 1161/1688/1603
f 1166/1694/1609 1167/1696/1611 1161/1688/1603
f 1161/1688/1603 1167/1696/1611 1160/1686/1601
f 1573/1677/1592 1562/1695/1610 1574/1678/1593
f 1566/1697/1612 1562/1695/1610 1573/1677/1592
f 1572/1676/1591 1566/1697/1612 1573/1677/1592
f 1571/1675/1590 1566/1697/1612 1572/1676/1591
f 1167/1696/1611 1166/1694/1609 1168/1698/1613
f 1565/1699/1614 1566/1697/1612 1571/1675/1590
f 1166/1694/1609 1165/1693/1608 1168/1698/1613
f 1567/1700/1615 1565/1699/1614 1571/1675/1590
f 1165/1693/1608 1142/1644/1560 1168/1698/1613
f 1570/1674/1589 1567/1700/1615 1571/1675/1590
f 1142/1644/1560 1143/1645/1561 1168/1698/1613
f 1568/1701/1616 1567/1700/1615 1570/1674/1589
f 1143/1645/1561 1169/1702/1617 1168/1698/1613
f 1168/1698/1613 1169/1702/1617 1167/1696/1611
f 1169/1702/1617 1170/1703/1618 1167/1696/1611
f 1167/1696/1611 1170/1703/1618 1160/1686/1601
f 1170/1703/1618 1171/1704/1619 1160/1686/1601
f 1160/1686/1601 1171/1704/1619 1159/1685/1600
f 1171/1704/1619 1172/1705/1620 1159/1685/1600
f 1159/1685/1600 1172/1705/1620 1158/1681/1596
f 1569/1671/1586 1568/1701/1616 1570/1674/1589
f 1539/1706/1621 1569/1671/1586 1538/1669/1584
f 1568/1701/1616 1569/1671/1586 1539/1706/1621
f 1540/1707/1622 1568/1701/1616 1539/1706/1621
f 1143/1645/1561 1173/1708/1623 1169/1702/1617
f 1567/1700/1615 1568/1701/1616 1540/1707/1622
f 1173/1708/1623 1174/1709/1624 1169/1702/1617
f 1169/1702/1617 1174/1709/1624 1170/1703/1618
f 1174/1709/1624 1175/1710/1625 1170/1703/1618
f 1170/1703/1618 1175/1710/1625 1171/1704/1619
f 1175/1710/1625 1176/1711/1626 1171/1704/1619
f 1171/1704/1619 1176/1711/1626 1172/1705/1620
f 1541/1712/1627 1567/1700/1615 1540/1707/1622
f 1565/1699/1614 1567/1700/1615 1541/1712/1627
f 1560/1713/1628 1562/1695/1610 1566/1697/1612
f 1565/1699/1614 1560/1713/1628 1566/1697/1612
f 1143/1645/1561 1144/1646/1562 1173/1708/1623
f 1173/1708/1623 1144/1646/1562 1009/1460/1377
f 1144/1646/1562 1008/1458/1375 1009/1460/1377
f 1559/1714/1629 1560/1713/1628 1565/1699/1614
f 1541/1712/1627 1559/1714/1629 1565/1699/1614
f 1542/1715/1630 1559/1714/1629 1541/1712/1627
f 1564/1687/1602 1557/1716/1631 1556/1683/1598
f 1009/1460/1377 1010/1461/1378 1173/1708/1623
f 1558/1717/1632 1557/1716/1631 1564/1687/1602
f 1173/1708/1623 1010/1461/1378 1174/1709/1624
f 1010/1461/1378 1011/1462/1379 1174/1709/1624
f 1174/1709/1624 1011/1462/1379 1175/1710/1625
f 1011/1462/1379 1012/1463/1380 1175/1710/1625
f 1175/1710/1625 1012/1463/1380 1176/1711/1626
f 1012/1463/1380 1013/1464/1381 1176/1711/1626
f 1176/1711/1626 1013/1464/1381 1177/1718/1633
f 1013/1464/1381 1014/1465/1382 1177/1718/1633
f 1177/1718/1633 1014/1465/1382 1178/1719/1634
f 1014/1465/1382 1015/1466/1383 1178/1719/1634
f 1561/1720/1635 1558/1717/1632 1564/1687/1602
f 1563/1690/1605 1561/1720/1635 1564/1687/1602
f 1562/1695/1610 1561/1720/1635 1563/1690/1605
f 1560/1713/1628 1561/1720/1635 1562/1695/1610
f 1176/1711/1626 1177/1718/1633 1172/1705/1620
f 1177/1718/1633 1179/1721/1636 1172/1705/1620
f 1172/1705/1620 1179/1721/1636 1158/1681/1596
f 1179/1721/1636 1180/1722/1637 1158/1681/1596
f 1158/1681/1596 1180/1722/1637 1157/1680/1595
f 1180/1722/1637 1181/1723/1638 1157/1680/1595
f 1157/1680/1595 1181/1723/1638 1156/1673/1588
f 1181/1723/1638 1182/1724/1639 1156/1673/1588
f 1156/1673/1588 1182/1724/1639 1020/1471/1388
f 1558/1717/1632 1561/1720/1635 1560/1713/1628
f 1020/1471/1388 1182/1724/1639 1019/1470/1387
f 1182/1724/1639 1183/1725/1640 1019/1470/1387
f 1019/1470/1387 1183/1725/1640 1018/1469/1386
f 1183/1725/1640 1184/1726/1641 1018/1469/1386
f 1018/1469/1386 1184/1726/1641 1017/1468/1385
f 1184/1726/1641 1185/1727/1642 1017/1468/1385
f 1017/1468/1385 1185/1727/1642 1016/1467/1384
f 1559/1714/1629 1558/1717/1632 1560/1713/1628
f 1016/1467/1384 1185/1727/1642 1186/1728/1643
f 1185/1727/1642 1180/1722/1637 1186/1728/1643
f 1542/1715/1630 1558/1717/1632 1559/1714/1629
f 1180/1722/1637 1179/1721/1636 1186/1728/1643
f 1186/1728/1643 1179/1721/1636 1178/1719/1634
f 1179/1721/1636 1177/1718/1633 1178/1719/1634
f 1557/1716/1631 1558/1717/1632 1542/1715/1630
f 1543/1729/1644 1557/1716/1631 1542/1715/1630
f 1556/1683/1598 1557/1716/1631 1543/1729/1644
f 1544/1730/1645 1556/1683/1598 1543/1729/1644
f 1183/1725/1640 1182/1724/1639 1184/1726/1641
f 1182/1724/1639 1181/1723/1638 1184/1726/1641
f 1184/1726/1641 1181/1723/1638 1185/1727/1642
f 1181/1723/1638 1180/1722/1637 1185/1727/1642
f 1555/1684/1599 1556/1683/1598 1544/1730/1645
f 1546/1731/1646 1555/1684/1599 1544/1730/1645
f 1554/1594/1511 1555/1684/1599 1546/1731/1646
f 1548/1732/1647 1554/1594/1511 1546/1731/1646
f 1178/1719/1634 1015/1466/1383 1186/1728/1643
f 1015/1466/1383 1016/1467/1384 1186/1728/1643
f 1551/1484/1401 1554/1594/1511 1548/1732/1647
f 1553/1733/1648 1549/1734/1649 1547/1735/1650
f 1545/1736/1651 1553/1733/1648 1547/1735/1650
f 1524/1737/1652 1553/1733/1648 1545/1736/1651
f 1187/1738/1653 1188/1739/1654 1189/1740/1655
f 1188/1739/1654 1190/1741/1656 1189/1740/1655
f 1523/1742/1657 1524/1737/1652 1545/1736/1651
f 1190/1741/1656 1191/1743/1658 1189/1740/1655
f 1550/1744/1659 1552/1482/1399 1551/1484/1401
f 1191/1743/1658 1192/1745/1660 1189/1740/1655
f 1548/1732/1647 1550/1744/1659 1551/1484/1401
f 1192/1745/1660 1193/1746/1661 1189/1740/1655
f 1189/1740/1655 1193/1746/1661 1187/1738/1653
f 1193/1746/1661 1194/1747/1662 1187/1738/1653
f 1549/1734/1649 1550/1744/1659 1548/1732/1647
f 1194/1747/1662 1195/1748/1663 1187/1738/1653
f 1187/1738/1653 1195/1748/1663 1188/1739/1654
f 1195/1748/1663 1196/1749/1664 1188/1739/1654
f 1547/1735/1650 1549/1734/1649 1548/1732/1647
f 1196/1749/1664 1197/1750/1665 1188/1739/1654
f 1188/1739/1654 1197/1750/1665 1190/1741/1656
f 1197/1750/1665 1198/1751/1666 1190/1741/1656
f 1546/1731/1646 1547/1735/1650 1548/1732/1647
f 1198/1751/1666 1199/1752/1667 1190/1741/1656
f 1190/1741/1656 1199/1752/1667 1191/1743/1658
f 1199/1752/1667 1200/1753/1668 1191/1743/1658
f 1545/1736/1651 1547/1735/1650 1546/1731/1646
f 1200/1753/1668 1201/1754/1669 1191/1743/1658
f 1191/1743/1658 1201/1754/1669 1192/1745/1660
f 1201/1754/1669 1202/1755/1670 1192/1745/1660
f 1192/1745/1660 1202/1755/1670 1203/1756/1671
f 1202/1755/1670 1204/1757/1672 1203/1756/1671
f 1544/1730/1645 1545/1736/1651 1546/1731/1646
f 1204/1757/1672 1205/1758/1673 1203/1756/1671
f 1523/1742/1657 1545/1736/1651 1544/1730/1645
f 1205/1758/1673 1206/1759/1674 1203/1756/1671
f 1203/1756/1671 1206/1759/1674 1193/1746/1661
f 1206/1759/1674 1194/1747/1662 1193/1746/1661
f 1543/1729/1644 1523/1742/1657 1544/1730/1645
f 1526/1760/1675 1523/1742/1657 1543/1729/1644
f 1542/1715/1630 1526/1760/1675 1543/1729/1644
f 1527/1761/1676 1526/1760/1675 1542/1715/1630
f 1193/1746/1661 1192/1745/1660 1203/1756/1671
f 1541/1712/1627 1527/1761/1676 1542/1715/1630
f 1528/1762/1677 1527/1761/1676 1541/1712/1627
f 1540/1707/1622 1528/1762/1677 1541/1712/1627
f 1529/1763/1678 1528/1762/1677 1540/1707/1622
f 1204/1757/1672 1202/1755/1670 1207/1764/1679
f 1207/1764/1679 1202/1755/1670 1208/1765/1680
f 1202/1755/1670 1201/1754/1669 1208/1765/1680
f 1208/1765/1680 1201/1754/1669 1209/1766/1681
f 1201/1754/1669 1200/1753/1668 1209/1766/1681
f 1209/1766/1681 1200/1753/1668 1210/1767/1682
f 1539/1706/1621 1529/1763/1678 1540/1707/1622
f 1210/1767/1682 1200/1753/1668 1211/1768/1683
f 1200/1753/1668 1199/1752/1667 1211/1768/1683
f 1211/1768/1683 1199/1752/1667 1212/1769/1684
f 1199/1752/1667 1198/1751/1666 1212/1769/1684
f 1212/1769/1684 1198/1751/1666 1213/1770/1685
f 1530/1771/1686 1529/1763/1678 1539/1706/1621
f 1213/1770/1685 1198/1751/1666 1214/1772/1687
f 1198/1751/1666 1197/1750/1665 1214/1772/1687
f 1214/1772/1687 1197/1750/1665 1215/1773/1688
f 1197/1750/1665 1196/1749/1664 1215/1773/1688
f 1215/1773/1688 1196/1749/1664 1216/1774/1689
f 1538/1669/1584 1530/1771/1686 1539/1706/1621
f 1216/1774/1689 1196/1749/1664 1217/1775/1690
f 1196/1749/1664 1195/1748/1663 1217/1775/1690
f 1217/1775/1690 1195/1748/1663 1218/1776/1691
f 1195/1748/1663 1194/1747/1662 1218/1776/1691
f 1218/1776/1691 1194/1747/1662 1219/1777/1692
f 1194/1747/1662 1206/1759/1674 1219/1777/1692
f 1219/1777/1692 1206/1759/1674 1220/1778/1693
f 1206/1759/1674 1205/1758/1673 1220/1778/1693
f 1220/1778/1693 1205/1758/1673 1221/1779/1694
f 1531/1780/1695 1530/1771/1686 1538/1669/1584
f 1221/1779/1694 1205/1758/1673 1222/1781/1696
f 1205/1758/1673 1204/1757/1672 1222/1781/1696
f 1222/1781/1696 1204/1757/1672 1223/1782/1697
f 1204/1757/1672 1207/1764/1679 1223/1782/1697
f 1223/1782/1697 1207/1764/1679 1224/1783/1698
f 1537/1665/1580 1531/1780/1695 1538/1669/1584
f 1224/1783/1698 1207/1764/1679 1225/1784/1699
f 1207/1764/1679 1208/1765/1680 1225/1784/1699
f 1225/1784/1699 1208/1765/1680 1226/1785/1700
f 1208/1765/1680 1209/1766/1681 1226/1785/1700
f 1226/1785/1700 1209/1766/1681 1227/1786/1701
f 1209/1766/1681 1210/1767/1682 1227/1786/1701
f 1227/1786/1701 1210/1767/1682 1228/1787/1702
f 1536/1664/1579 1531/1780/1695 1537/1665/1580
f 1228/1787/1702 1210/1767/1682 1229/1788/1703
f 1532/1789/1704 1531/1780/1695 1536/1664/1579
f 1229/1788/1703 1210/1767/1682 1230/1790/1705
f 1210/1767/1682 1211/1768/1683 1230/1790/1705
f 1230/1790/1705 1211/1768/1683 1231/1791/1706
f 1211/1768/1683 1212/1769/1684 1231/1791/1706
f 1231/1791/1706 1212/1769/1684 1232/1792/1707
f 1212/1769/1684 1213/1770/1685 1232/1792/1707
f 1232/1792/1707 1213/1770/1685 1233/1793/1708
f 1535/1663/1578 1532/1789/1704 1536/1664/1579
f 1233/1793/1708 1213/1770/1685 1234/1794/1709
f 1213/1770/1685 1214/1772/1687 1234/1794/1709
f 1234/1794/1709 1214/1772/1687 1235/1795/1710
f 1214/1772/1687 1215/1773/1688 1235/1795/1710
f 1235/1795/1710 1215/1773/1688 1236/1796/1711
f 1215/1773/1688 1216/1774/1689 1236/1796/1711
f 1236/1796/1711 1216/1774/1689 1237/1797/1712
f 1533/1798/1713 1532/1789/1704 1535/1663/1578
f 1237/1797/1712 1216/1774/1689 1238/1799/1714
f 1216/1774/1689 1217/1775/1690 1238/1799/1714
f 1238/1799/1714 1217/1775/1690 1239/1800/1715
f 1217/1775/1690 1218/1776/1691 1239/1800/1715
f 1239/1800/1715 1218/1776/1691 1240/1801/1716
f 1218/1776/1691 1219/1777/1692 1240/1801/1716
f 1240/1801/1716 1219/1777/1692 1241/1802/1717
f 1219/1777/1692 1220/1778/1693 1241/1802/1717
f 1241/1802/1717 1220/1778/1693 1242/1803/1718
f 1220/1778/1693 1221/1779/1694 1242/1803/1718
f 1242/1803/1718 1221/1779/1694 1243/1804/1719
f 1534/1662/1577 1533/1798/1713 1535/1663/1578
f 1243/1804/1719 1221/1779/1694 1244/1805/1720
f 1221/1779/1694 1222/1781/1696 1244/1805/1720
f 1244/1805/1720 1222/1781/1696 1224/1783/1698
f 1222/1781/1696 1223/1782/1697 1224/1783/1698
f 1510/1806/1721 1534/1662/1577 1509/1661/1576
f 1533/1798/1713 1534/1662/1577 1510/1806/1721
f 1511/1807/1722 1533/1798/1713 1510/1806/1721
f 1512/1808/1723 1533/1798/1713 1511/1807/1722
f 1244/1805/1720 1224/1783/1698 1245/1809/1724
f 1224/1783/1698 1225/1784/1699 1245/1809/1724
f 1245/1809/1724 1225/1784/1699 1246/1810/1725
f 1225/1784/1699 1226/1785/1700 1246/1810/1725
f 1246/1810/1725 1226/1785/1700 1247/1811/1726
f 1226/1785/1700 1227/1786/1701 1247/1811/1726
f 1247/1811/1726 1227/1786/1701 1248/1812/1727
f 1227/1786/1701 1228/1787/1702 1248/1812/1727
f 1248/1812/1727 1228/1787/1702 1249/1813/1728
f 1532/1789/1704 1533/1798/1713 1512/1808/1723
f 1249/1813/1728 1228/1787/1702 1250/1814/1729
f 1228/1787/1702 1229/1788/1703 1250/1814/1729
f 1250/1814/1729 1229/1788/1703 1251/1815/1730
f 1513/1816/1731 1532/1789/1704 1512/1808/1723
f 1251/1815/1730 1229/1788/1703 1252/1817/1732
f 1229/1788/1703 1230/1790/1705 1252/1817/1732
f 1252/1817/1732 1230/1790/1705 1253/1818/1733
f 1230/1790/1705 1231/1791/1706 1253/1818/1733
f 1253/1818/1733 1231/1791/1706 1254/1819/1734
f 1231/1791/1706 1232/1792/1707 1254/1819/1734
f 1254/1819/1734 1232/1792/1707 1255/1820/1735
f 1232/1792/1707 1233/1793/1708 1255/1820/1735
f 1255/1820/1735 1233/1793/1708 1256/1821/1736
f 1531/1780/1695 1532/1789/1704 1513/1816/1731
f 1256/1821/1736 1233/1793/1708 1257/1822/1737
f 1233/1793/1708 1234/1794/1709 1257/1822/1737
f 1530/1771/1686 1531/1780/1695 1513/1816/1731
f 1234/1794/1709 1235/1795/1710 1257/1822/1737
f 1257/1822/1737 1235/1795/1710 1258/1823/1738
f 1235/1795/1710 1236/1796/1711 1258/1823/1738
f 1258/1823/1738 1236/1796/1711 1259/1824/1739
f 1236/1796/1711 1237/1797/1712 1259/1824/1739
f 1259/1824/1739 1237/1797/1712 1260/1825/1403
f 1514/1826/1740 1530/1771/1686 1513/1816/1731
f 1260/1825/1403 1237/1797/1712 1261/1827/1323
f 1237/1797/1712 1238/1799/1714 1261/1827/1323
f 1261/1827/1323 1238/1799/1714 1262/1828/1741
f 1238/1799/1714 1239/1800/1715 1262/1828/1741
f 1262/1828/1741 1239/1800/1715 1263/1829/1742
f 1239/1800/1715 1240/1801/1716 1263/1829/1742
f 1263/1829/1742 1240/1801/1716 1264/1830/1743
f 1240/1801/1716 1241/1802/1717 1264/1830/1743
f 1264/1830/1743 1241/1802/1717 1265/1831/1744
f 1241/1802/1717 1242/1803/1718 1265/1831/1744
f 1265/1831/1744 1242/1803/1718 1266/1832/1745
f 1242/1803/1718 1243/1804/1719 1266/1832/1745
f 1266/1832/1745 1243/1804/1719 1267/1833/1746
f 1529/1763/1678 1530/1771/1686 1514/1826/1740
f 1267/1833/1746 1243/1804/1719 1268/1834/1747
f 1243/1804/1719 1244/1805/1720 1268/1834/1747
f 1515/1835/1748 1529/1763/1678 1514/1826/1740
f 1244/1805/1720 1245/1809/1724 1268/1834/1747
f 1268/1834/1747 1245/1809/1724 1269/1836/1749
f 1245/1809/1724 1246/1810/1725 1269/1836/1749
f 1269/1836/1749 1246/1810/1725 1270/1837/1750
f 1246/1810/1725 1247/1811/1726 1270/1837/1750
f 1270/1837/1750 1247/1811/1726 1271/1838/1751
f 1247/1811/1726 1248/1812/1727 1271/1838/1751
f 1271/1838/1751 1248/1812/1727 1272/1839/1752
f 1248/1812/1727 1249/1813/1728 1272/1839/1752
f 1272/1839/1752 1249/1813/1728 1273/1840/1753
f 1528/1762/1677 1529/1763/1678 1515/1835/1748
f 1273/1840/1753 1249/1813/1728 1274/1841/1754
f 1249/1813/1728 1250/1814/1729 1274/1841/1754
f 1274/1841/1754 1250/1814/1729 1275/1842/1755
f 1250/1814/1729 1251/1815/1730 1275/1842/1755
f 1275/1842/1755 1251/1815/1730 1276/1843/1756
f 1516/1844/1757 1528/1762/1677 1515/1835/1748
f 1276/1843/1756 1251/1815/1730 1277/1845/1758
f 1251/1815/1730 1252/1817/1732 1277/1845/1758
f 1277/1845/1758 1252/1817/1732 1278/1846/1759
f 1252/1817/1732 1253/1818/1733 1278/1846/1759
f 1278/1846/1759 1253/1818/1733 1279/1847/1760
f 1253/1818/1733 1254/1819/1734 1279/1847/1760
f 1279/1847/1760 1254/1819/1734 1280/1848/1761
f 1254/1819/1734 1255/1820/1735 1280/1848/1761
f 1280/1848/1761 1255/1820/1735 1281/1849/1762
f 1255/1820/1735 1256/1821/1736 1281/1849/1762
f 1281/1849/1762 1256/1821/1736 1282/1850/1763
f 1527/1761/1676 1528/1762/1677 1516/1844/1757
f 1282/1850/1763 1256/1821/1736 1283/1851/1764
f 1256/1821/1736 1257/1822/1737 1283/1851/1764
f 1518/1852/1765 1527/1761/1676 1516/1844/1757
f 1257/1822/1737 1258/1823/1738 1283/1851/1764
f 1283/1851/1764 1258/1823/1738 1284/1853/1766
f 1258/1823/1738 1259/1824/1739 1284/1853/1766
f 1284/1853/1766 1259/1824/1739 1285/1854/1767
f 1259/1824/1739 1260/1825/1403 1285/1854/1767
f 1526/1760/1675 1527/1761/1676 1518/1852/1765
f 1520/1855/1768 1526/1760/1675 1518/1852/1765
f 1523/1742/1657 1526/1760/1675 1520/1855/1768
f 1525/1856/1769 1521/1857/1770 1519/1858/1771
f 1285/1854/1767 1286/1859/1399 1284/1853/1766
f 1286/1859/1399 1287/1860/1772 1284/1853/1766
f 1284/1853/1766 1287/1860/1772 1283/1851/1764
f 1517/1861/1773 1525/1856/1769 1519/1858/1771
f 1283/1851/1764 1287/1860/1772 1282/1850/1763
f 1287/1860/1772 1288/1862/1774 1282/1850/1763
f 1282/1850/1763 1288/1862/1774 1289/1863/1775
f 1435/1864/1776 1525/1856/1769 1517/1861/1773
f 1289/1863/1775 1288/1862/1774 1290/1865/1777
f 1288/1862/1774 1291/1866/1649 1290/1865/1777
f 1290/1865/1777 1291/1866/1649 1292/1867/1648
f 1433/1868/1778 1435/1864/1776 1517/1861/1773
f 1522/1869/1779 1524/1737/1652 1523/1742/1657
f 1520/1855/1768 1522/1869/1779 1523/1742/1657
f 1521/1857/1770 1522/1869/1779 1520/1855/1768
f 1286/1859/1399 1293/1870/1659 1287/1860/1772
f 1287/1860/1772 1293/1870/1659 1288/1862/1774
f 1293/1870/1659 1291/1866/1649 1288/1862/1774
f 1519/1858/1771 1521/1857/1770 1520/1855/1768
f 1518/1852/1765 1519/1858/1771 1520/1855/1768
f 1517/1861/1773 1519/1858/1771 1518/1852/1765
f 1516/1844/1757 1517/1861/1773 1518/1852/1765
f 1282/1850/1763 1289/1863/1775 1281/1849/1762
f 1289/1863/1775 1294/1871/1780 1281/1849/1762
f 1281/1849/1762 1294/1871/1780 1280/1848/1761
f 1294/1871/1780 1295/1872/1781 1280/1848/1761
f 1280/1848/1761 1295/1872/1781 1279/1847/1760
f 1295/1872/1781 1296/1873/1782 1279/1847/1760
f 1279/1847/1760 1296/1873/1782 1278/1846/1759
f 1296/1873/1782 1297/1874/1783 1278/1846/1759
f 1278/1846/1759 1297/1874/1783 1277/1845/1758
f 1297/1874/1783 1298/1875/1784 1277/1845/1758
f 1277/1845/1758 1298/1875/1784 1276/1843/1756
f 1298/1875/1784 1299/1876/1785 1276/1843/1756
f 1433/1868/1778 1517/1861/1773 1516/1844/1757
f 1299/1876/1785 1300/1877/1786 1276/1843/1756
f 1276/1843/1756 1300/1877/1786 1275/1842/1755
f 1300/1877/1786 1301/1878/1787 1275/1842/1755
f 1275/1842/1755 1301/1878/1787 1274/1841/1754
f 1301/1878/1787 1302/1879/1788 1274/1841/1754
f 1274/1841/1754 1302/1879/1788 1273/1840/1753
f 1302/1879/1788 1303/1880/1789 1273/1840/1753
f 1515/1835/1748 1433/1868/1778 1516/1844/1757
f 1303/1880/1789 1304/1881/1790 1273/1840/1753
f 1273/1840/1753 1304/1881/1790 1272/1839/1752
f 1304/1881/1790 1305/1882/1791 1272/1839/1752
f 1272/1839/1752 1305/1882/1791 1271/1838/1751
f 1305/1882/1791 1306/1883/1792 1271/1838/1751
f 1271/1838/1751 1306/1883/1792 1270/1837/1750
f 1306/1883/1792 1307/1884/1793 1270/1837/1750
f 1270/1837/1750 1307/1884/1793 1269/1836/1749
f 1307/1884/1793 1308/1885/1794 1269/1836/1749
f 1269/1836/1749 1308/1885/1794 1268/1834/1747
f 1308/1885/1794 1267/1833/1746 1268/1834/1747
f 1432/1886/1795 1433/1868/1778 1515/1835/1748
f 1514/1826/1740 1432/1886/1795 1515/1835/1748
f 1437/1887/1796 1432/1886/1795 1514/1826/1740
f 1513/1816/1731 1437/1887/1796 1514/1826/1740
f 1303/1880/1789 1302/1879/1788 1309/1888/1797
f 1302/1879/1788 1310/1889/1798 1309/1888/1797
f 1309/1888/1797 1310/1889/1798 1311/1890/1799
f 1310/1889/1798 1312/1891/1800 1311/1890/1799
f 1311/1890/1799 1312/1891/1800 1313/1892/1801
f 1512/1808/1723 1437/1887/1796 1513/1816/1731
f 1439/1893/1802 1437/1887/1796 1512/1808/1723
f 1441/1894/1803 1439/1893/1802 1512/1808/1723
f 1511/1807/1722 1441/1894/1803 1512/1808/1723
f 1302/1879/1788 1301/1878/1787 1310/1889/1798
f 1310/1889/1798 1301/1878/1787 1314/1895/1804
f 1301/1878/1787 1300/1877/1786 1314/1895/1804
f 1314/1895/1804 1300/1877/1786 1315/1896/1524
f 1300/1877/1786 1299/1876/1785 1315/1896/1524
f 1443/1897/1805 1441/1894/1803 1511/1807/1722
f 1510/1806/1721 1443/1897/1805 1511/1807/1722
f 1445/1898/1806 1443/1897/1805 1510/1806/1721
f 1509/1661/1576 1445/1898/1806 1510/1806/1721
f 1310/1889/1798 1314/1895/1804 1312/1891/1800
f 1314/1895/1804 1316/1899/1807 1312/1891/1800
f 1312/1891/1800 1316/1899/1807 1317/1900/1808
f 1316/1899/1807 1318/1901/1809 1317/1900/1808
f 1508/1660/1575 1445/1898/1806 1509/1661/1576
f 1318/1901/1809 1319/1902/1810 1317/1900/1808
f 1317/1900/1808 1319/1902/1810 1320/1903/1811
f 1319/1902/1810 1321/1904/1812 1320/1903/1811
f 1447/1905/1813 1445/1898/1806 1508/1660/1575
f 1449/1906/1814 1447/1905/1813 1508/1660/1575
f 1507/1659/1574 1449/1906/1814 1508/1660/1575
f 1451/1907/1815 1449/1906/1814 1507/1659/1574
f 1314/1895/1804 1315/1896/1524 1316/1899/1807
f 1315/1896/1524 1322/1908/1816 1316/1899/1807
f 1316/1899/1807 1322/1908/1816 1318/1901/1809
f 1506/1658/1573 1451/1907/1815 1507/1659/1574
f 1453/1909/1817 1451/1907/1815 1506/1658/1573
f 1505/1563/1480 1453/1909/1817 1506/1658/1573
f 1504/1561/1478 1453/1909/1817 1505/1563/1480
f 1312/1891/1800 1317/1900/1808 1313/1892/1801
f 1313/1892/1801 1317/1900/1808 1320/1903/1811
f 1455/1910/1818 1453/1909/1817 1504/1561/1478
f 1457/1911/1819 1455/1910/1818 1504/1561/1478
f 1503/1560/1477 1457/1911/1819 1504/1561/1478
f 1459/1912/1820 1457/1911/1819 1503/1560/1477
f 1322/1908/1816 1315/1896/1524 1323/1913/1821
f 1502/1559/1476 1459/1912/1820 1503/1560/1477
f 1315/1896/1524 1299/1876/1785 1323/1913/1821
f 1323/1913/1821 1299/1876/1785 1324/1914/1822
f 1299/1876/1785 1298/1875/1784 1324/1914/1822
f 1324/1914/1822 1298/1875/1784 1325/1915/1823
f 1298/1875/1784 1297/1874/1783 1325/1915/1823
f 1325/1915/1823 1297/1874/1783 1326/1916/1824
f 1297/1874/1783 1296/1873/1782 1326/1916/1824
f 1326/1916/1824 1296/1873/1782 1327/1917/1825
f 1296/1873/1782 1295/1872/1781 1327/1917/1825
f 1327/1917/1825 1295/1872/1781 1328/1918/1826
f 1295/1872/1781 1294/1871/1780 1328/1918/1826
f 1328/1918/1826 1294/1871/1780 1329/1919/1827
f 1294/1871/1780 1289/1863/1775 1329/1919/1827
f 1461/1920/1828 1459/1912/1820 1502/1559/1476
f 1289/1863/1775 1290/1865/1777 1329/1919/1827
f 1329/1919/1827 1290/1865/1777 1330/1921/1829
f 1290/1865/1777 1292/1867/1648 1330/1921/1829
f 1501/1362/1279 1461/1920/1828 1502/1559/1476
f 1292/1867/1648 1331/1922/1652 1330/1921/1829
f 1330/1921/1829 1331/1922/1652 1332/1923/1830
f 1331/1922/1652 1333/1924/1779 1332/1923/1830
f 1500/1363/1280 1461/1920/1828 1501/1362/1279
f 1463/1925/1831 1461/1920/1828 1500/1363/1280
f 1465/1926/1832 1463/1925/1831 1500/1363/1280
f 1499/1365/1282 1465/1926/1832 1500/1363/1280
f 1332/1923/1830 1334/1927/1833 1330/1921/1829
f 1467/1928/1834 1465/1926/1832 1499/1365/1282
f 1330/1921/1829 1334/1927/1833 1329/1919/1827
f 1498/1367/1284 1467/1928/1834 1499/1365/1282
f 1329/1919/1827 1334/1927/1833 1328/1918/1826
f 1334/1927/1833 1335/1929/1835 1328/1918/1826
f 1328/1918/1826 1335/1929/1835 1327/1917/1825
f 1335/1929/1835 1336/1930/1836 1327/1917/1825
f 1327/1917/1825 1336/1930/1836 1326/1916/1824
f 1336/1930/1836 1337/1931/1837 1326/1916/1824
f 1326/1916/1824 1337/1931/1837 1325/1915/1823
f 1337/1931/1837 1338/1932/1838 1325/1915/1823
f 1325/1915/1823 1338/1932/1838 1324/1914/1822
f 1338/1932/1838 1339/1933/1839 1324/1914/1822
f 1324/1914/1822 1339/1933/1839 1323/1913/1821
f 1339/1933/1839 1340/1934/1840 1323/1913/1821
f 1323/1913/1821 1340/1934/1840 1322/1908/1816
f 1340/1934/1840 1341/1935/1841 1322/1908/1816
f 1322/1908/1816 1341/1935/1841 1318/1901/1809
f 1341/1935/1841 1342/1936/1842 1318/1901/1809
f 1318/1901/1809 1342/1936/1842 1319/1902/1810
f 1342/1936/1842 1343/1937/1843 1319/1902/1810
f 1319/1902/1810 1343/1937/1843 1321/1904/1812
f 1469/1938/1844 1467/1928/1834 1498/1367/1284
f 1321/1904/1812 1343/1937/1843 1344/1939/1845
f 1343/1937/1843 1345/1940/1846 1344/1939/1845
f 1344/1939/1845 1345/1940/1846 1346/1941/1847
f 1497/1370/1287 1469/1938/1844 1498/1367/1284
f 1496/1377/1294 1469/1938/1844 1497/1370/1287
f 1471/1942/1848 1469/1938/1844 1496/1377/1294
f 1473/1943/1849 1471/1942/1848 1496/1377/1294
f 1345/1940/1846 1343/1937/1843 1347/1944/1850
f 1495/1380/1297 1473/1943/1849 1496/1377/1294
f 1343/1937/1843 1342/1936/1842 1347/1944/1850
f 1347/1944/1850 1342/1936/1842 1348/1945/1851
f 1342/1936/1842 1341/1935/1841 1348/1945/1851
f 1348/1945/1851 1341/1935/1841 1349/1946/1852
f 1341/1935/1841 1340/1934/1840 1349/1946/1852
f 1349/1946/1852 1340/1934/1840 1350/1947/1853
f 1340/1934/1840 1339/1933/1839 1350/1947/1853
f 1350/1947/1853 1339/1933/1839 1351/1948/1854
f 1339/1933/1839 1338/1932/1838 1351/1948/1854
f 1351/1948/1854 1338/1932/1838 1352/1949/1855
f 1338/1932/1838 1337/1931/1837 1352/1949/1855
f 1352/1949/1855 1337/1931/1837 1353/1950/1856
f 1337/1931/1837 1336/1930/1836 1353/1950/1856
f 1353/1950/1856 1336/1930/1836 1354/1951/1857
f 1336/1930/1836 1335/1929/1835 1354/1951/1857
f 1354/1951/1857 1335/1929/1835 1355/1952/1858
f 1335/1929/1835 1334/1927/1833 1355/1952/1858
f 1475/1953/1859 1473/1943/1849 1495/1380/1297
f 1334/1927/1833 1332/1923/1830 1355/1952/1858
f 1355/1952/1858 1332/1923/1830 1356/1954/1860
f 1332/1923/1830 1333/1924/1779 1356/1954/1860
f 1494/1382/1299 1475/1953/1859 1495/1380/1297
f 1333/1924/1779 1357/1955/1770 1356/1954/1860
f 1356/1954/1860 1357/1955/1770 1358/1956/1861
f 1357/1955/1770 1359/1957/1769 1358/1956/1861
f 1477/1958/1862 1475/1953/1859 1494/1382/1299
f 1493/1385/1302 1477/1958/1862 1494/1382/1299
f 1492/1389/1306 1477/1958/1862 1493/1385/1302
f 1479/1959/1863 1477/1958/1862 1492/1389/1306
f 1358/1956/1861 1360/1960/1864 1356/1954/1860
f 1481/1961/1865 1479/1959/1863 1492/1389/1306
f 1356/1954/1860 1360/1960/1864 1355/1952/1858
f 1491/1392/1309 1481/1961/1865 1492/1389/1306
f 1355/1952/1858 1360/1960/1864 1354/1951/1857
f 1360/1960/1864 1361/1962/1866 1354/1951/1857
f 1354/1951/1857 1361/1962/1866 1353/1950/1856
f 1361/1962/1866 1362/1963/1867 1353/1950/1856
f 1353/1950/1856 1362/1963/1867 1352/1949/1855
f 1362/1963/1867 1363/1964/1868 1352/1949/1855
f 1352/1949/1855 1363/1964/1868 1351/1948/1854
f 1363/1964/1868 1364/1965/1869 1351/1948/1854
f 1351/1948/1854 1364/1965/1869 1350/1947/1853
f 1364/1965/1869 1365/1966/1870 1350/1947/1853
f 1350/1947/1853 1365/1966/1870 1349/1946/1852
f 1365/1966/1870 1366/1967/1871 1349/1946/1852
f 1349/1946/1852 1366/1967/1871 1348/1945/1851
f 1366/1967/1871 1367/1968/1872 1348/1945/1851
f 1348/1945/1851 1367/1968/1872 1347/1944/1850
f 1367/1968/1872 1368/1969/1873 1347/1944/1850
f 1347/1944/1850 1368/1969/1873 1345/1940/1846
f 1368/1969/1873 1369/1970/1874 1345/1940/1846
f 1345/1940/1846 1369/1970/1874 1346/1941/1847
f 1490/1394/1311 1481/1961/1865 1491/1392/1309
f 1346/1941/1847 1369/1970/1874 1370/1971/1875
f 1369/1970/1874 1371/1972/1876 1370/1971/1875
f 1370/1971/1875 1371/1972/1876 1372/1973/1877
f 1483/1974/1878 1481/1961/1865 1490/1394/1311
f 1489/1397/1314 1483/1974/1878 1490/1394/1311
f 1485/1975/1879 1483/1974/1878 1489/1397/1314
f 1487/1400/1317 1485/1975/1879 1489/1397/1314
f 1371/1972/1876 1369/1970/1874 1373/1976/1880
f 1486/1977/1742 1487/1400/1317 1488/1404/1321
f 1369/1970/1874 1368/1969/1873 1373/1976/1880
f 1373/1976/1880 1368/1969/1873 1374/1978/1881
f 1368/1969/1873 1367/1968/1872 1374/1978/1881
f 1374/1978/1881 1367/1968/1872 1375/1979/1882
f 1367/1968/1872 1366/1967/1871 1375/1979/1882
f 1375/1979/1882 1366/1967/1871 1376/1980/1883
f 1366/1967/1871 1365/1966/1870 1376/1980/1883
f 1376/1980/1883 1365/1966/1870 1377/1981/1884
f 1365/1966/1870 1364/1965/1869 1377/1981/1884
f 1377/1981/1884 1364/1965/1869 1378/1982/1885
f 1364/1965/1869 1363/1964/1868 1378/1982/1885
f 1378/1982/1885 1363/1964/1868 1379/1983/1886
f 1363/1964/1868 1362/1963/1867 1379/1983/1886
f 1379/1983/1886 1362/1963/1867 1380/1984/1887
f 1362/1963/1867 1361/1962/1866 1380/1984/1887
f 1380/1984/1887 1361/1962/1866 1381/1985/1888
f 1361/1962/1866 1360/1960/1864 1381/1985/1888
f 1485/1975/1879 1487/1400/1317 1486/1977/1742
f 1360/1960/1864 1358/1956/1861 1381/1985/1888
f 1381/1985/1888 1358/1956/1861 1382/1986/1889
f 1358/1956/1861 1359/1957/1769 1382/1986/1889
f 1484/1987/1743 1485/1975/1879 1486/1977/1742
f 1359/1957/1769 1383/1988/1890 1382/1986/1889
f 1382/1986/1889 1383/1988/1890 1384/1989/1891
f 1383/1988/1890 1385/1990/1892 1384/1989/1891
f 1483/1974/1878 1485/1975/1879 1484/1987/1743
f 1482/1991/1744 1483/1974/1878 1484/1987/1743
f 1481/1961/1865 1483/1974/1878 1482/1991/1744
f 1480/1992/1893 1481/1961/1865 1482/1991/1744
f 1384/1989/1891 1386/1993/1894 1382/1986/1889
f 1479/1959/1863 1481/1961/1865 1480/1992/1893
f 1382/1986/1889 1386/1993/1894 1381/1985/1888
f 1478/1994/1746 1479/1959/1863 1480/1992/1893
f 1381/1985/1888 1386/1993/1894 1380/1984/1887
f 1386/1993/1894 1387/1995/1895 1380/1984/1887
f 1380/1984/1887 1387/1995/1895 1379/1983/1886
f 1387/1995/1895 1388/1996/1896 1379/1983/1886
f 1379/1983/1886 1388/1996/1896 1378/1982/1885
f 1388/1996/1896 1389/1997/1897 1378/1982/1885
f 1378/1982/1885 1389/1997/1897 1377/1981/1884
f 1389/1997/1897 1390/1998/1898 1377/1981/1884
f 1377/1981/1884 1390/1998/1898 1376/1980/1883
f 1390/1998/1898 1391/1999/1899 1376/1980/1883
f 1376/1980/1883 1391/1999/1899 1375/1979/1882
f 1391/1999/1899 1392/2000/1900 1375/1979/1882
f 1375/1979/1882 1392/2000/1900 1374/1978/1881
f 1392/2000/1900 1393/2001/1901 1374/1978/1881
f 1374/1978/1881 1393/2001/1901 1373/1976/1880
f 1393/2001/1901 1394/2002/1902 1373/1976/1880
f 1373/1976/1880 1394/2002/1902 1371/1972/1876
f 1394/2002/1902 1395/2003/1903 1371/1972/1876
f 1371/1972/1876 1395/2003/1903 1372/1973/1877
f 1477/1958/1862 1479/1959/1863 1478/1994/1746
f 1372/1973/1877 1395/2003/1903 1396/2004/1904
f 1395/2003/1903 1397/2005/1905 1396/2004/1904
f 1396/2004/1904 1397/2005/1905 1398/2006/1906
f 1476/2007/1794 1477/1958/1862 1478/1994/1746
f 1475/1953/1859 1477/1958/1862 1476/2007/1794
f 1474/2008/1907 1475/1953/1859 1476/2007/1794
f 1473/1943/1849 1475/1953/1859 1474/2008/1907
f 1397/2005/1905 1395/2003/1903 1399/2009/1908
f 1472/2010/1792 1473/1943/1849 1474/2008/1907
f 1395/2003/1903 1394/2002/1902 1399/2009/1908
f 1399/2009/1908 1394/2002/1902 1400/2011/1607
f 1394/2002/1902 1393/2001/1901 1400/2011/1607
f 1400/2011/1607 1393/2001/1901 1401/2012/1909
f 1393/2001/1901 1392/2000/1900 1401/2012/1909
f 1401/2012/1909 1392/2000/1900 1402/2013/1910
f 1392/2000/1900 1391/1999/1899 1402/2013/1910
f 1402/2013/1910 1391/1999/1899 1403/2014/1911
f 1391/1999/1899 1390/1998/1898 1403/2014/1911
f 1403/2014/1911 1390/1998/1898 1404/2015/1912
f 1390/1998/1898 1389/1997/1897 1404/2015/1912
f 1404/2015/1912 1389/1997/1897 1405/2016/1913
f 1389/1997/1897 1388/1996/1896 1405/2016/1913
f 1405/2016/1913 1388/1996/1896 1406/2017/1914
f 1388/1996/1896 1387/1995/1895 1406/2017/1914
f 1406/2017/1914 1387/1995/1895 1407/2018/1915
f 1387/1995/1895 1386/1993/1894 1407/2018/1915
f 1471/1942/1848 1473/1943/1849 1472/2010/1792
f 1386/1993/1894 1384/1989/1891 1407/2018/1915
f 1407/2018/1915 1384/1989/1891 1408/2019/1916
f 1384/1989/1891 1385/1990/1892 1408/2019/1916
f 1470/2020/1791 1471/1942/1848 1472/2010/1792
f 1385/1990/1892 1409/2021/1917 1408/2019/1916
f 1408/2019/1916 1409/2021/1917 1410/2022/1918
f 1409/2021/1917 1411/2023/1919 1410/2022/1918
f 1469/1938/1844 1471/1942/1848 1470/2020/1791
f 1468/2024/1790 1469/1938/1844 1470/2020/1791
f 1467/1928/1834 1469/1938/1844 1468/2024/1790
f 1466/2025/1789 1467/1928/1834 1468/2024/1790
f 1410/2022/1918 1412/2026/1920 1408/2019/1916
f 1465/1926/1832 1467/1928/1834 1466/2025/1789
f 1408/2019/1916 1412/2026/1920 1407/2018/1915
f 1464/2027/1797 1465/1926/1832 1466/2025/1789
f 1407/2018/1915 1412/2026/1920 1406/2017/1914
f 1412/2026/1920 1413/2028/1921 1406/2017/1914
f 1406/2017/1914 1413/2028/1921 1405/2016/1913
f 1413/2028/1921 1414/2029/1922 1405/2016/1913
f 1405/2016/1913 1414/2029/1922 1404/2015/1912
f 1414/2029/1922 1415/2030/1923 1404/2015/1912
f 1404/2015/1912 1415/2030/1923 1403/2014/1911
f 1415/2030/1923 1416/2031/1924 1403/2014/1911
f 1403/2014/1911 1416/2031/1924 1402/2013/1910
f 1416/2031/1924 1417/2032/1925 1402/2013/1910
f 1402/2013/1910 1417/2032/1925 1401/2012/1909
f 1417/2032/1925 1418/2033/1926 1401/2012/1909
f 1401/2012/1909 1418/2033/1926 1400/2011/1607
f 1418/2033/1926 1419/2034/1927 1400/2011/1607
f 1400/2011/1607 1419/2034/1927 1399/2009/1908
f 1463/1925/1831 1465/1926/1832 1464/2027/1797
f 1462/2035/1799 1463/1925/1831 1464/2027/1797
f 1461/1920/1828 1463/1925/1831 1462/2035/1799
f 1460/2036/1801 1461/1920/1828 1462/2035/1799
f 1418/2033/1926 1417/2032/1925 1419/2034/1927
f 1419/2034/1927 1417/2032/1925 1420/2037/1928
f 1417/2032/1925 1416/2031/1924 1420/2037/1928
f 1420/2037/1928 1416/2031/1924 1421/2038/1929
f 1416/2031/1924 1415/2030/1923 1421/2038/1929
f 1421/2038/1929 1415/2030/1923 1422/2039/1930
f 1415/2030/1923 1414/2029/1922 1422/2039/1930
f 1459/1912/1820 1461/1920/1828 1460/2036/1801
f 1414/2029/1922 1413/2028/1921 1422/2039/1930
f 1422/2039/1930 1413/2028/1921 1423/2040/1931
f 1413/2028/1921 1412/2026/1920 1423/2040/1931
f 1458/2041/1811 1459/1912/1820 1460/2036/1801
f 1412/2026/1920 1410/2022/1918 1423/2040/1931
f 1423/2040/1931 1410/2022/1918 1424/2042/1932
f 1410/2022/1918 1411/2023/1919 1424/2042/1932
f 1457/1911/1819 1459/1912/1820 1458/2041/1811
f 1411/2023/1919 1425/2043/1933 1424/2042/1932
f 1424/2042/1932 1425/2043/1933 1426/2044/1934
f 1425/2043/1933 1427/2045/1935 1426/2044/1934
f 1456/2046/1936 1457/1911/1819 1458/2041/1811
f 1455/1910/1818 1457/1911/1819 1456/2046/1936
f 1454/2047/1937 1455/1910/1818 1456/2046/1936
f 1453/1909/1817 1455/1910/1818 1454/2047/1937
f 1426/2044/1934 1428/2048/1938 1424/2042/1932
f 1452/2049/1939 1453/1909/1817 1454/2047/1937
f 1424/2042/1932 1428/2048/1938 1423/2040/1931
f 1451/1907/1815 1453/1909/1817 1452/2049/1939
f 1423/2040/1931 1428/2048/1938 1422/2039/1930
f 1450/2050/1875 1451/1907/1815 1452/2049/1939
f 1422/2039/1930 1428/2048/1938 1421/2038/1929
f 1428/2048/1938 1429/2051/1940 1421/2038/1929
f 1421/2038/1929 1429/2051/1940 1420/2037/1928
f 1449/1906/1814 1451/1907/1815 1450/2050/1875
f 1448/2052/1877 1449/1906/1814 1450/2050/1875
f 1447/1905/1813 1449/1906/1814 1448/2052/1877
f 1446/2053/1904 1447/1905/1813 1448/2052/1877
f 1428/2048/1938 1426/2044/1934 1429/2051/1940
f 1429/2051/1940 1426/2044/1934 1430/2054/1941
f 1426/2044/1934 1427/2045/1935 1430/2054/1941
f 1445/1898/1806 1447/1905/1813 1446/2053/1904
f 1427/2045/1935 1398/2006/1906 1430/2054/1941
f 1444/2055/1906 1445/1898/1806 1446/2053/1904
f 1398/2006/1906 1397/2005/1905 1430/2054/1941
f 1430/2054/1941 1397/2005/1905 1431/2056/1942
f 1397/2005/1905 1399/2009/1908 1431/2056/1942
f 1443/1897/1805 1445/1898/1806 1444/2055/1906
f 1399/2009/1908 1419/2034/1927 1431/2056/1942
f 1442/2057/1943 1443/1897/1805 1444/2055/1906
f 1419/2034/1927 1420/2037/1928 1431/2056/1942
f 1441/1894/1803 1443/1897/1805 1442/2057/1943
f 1420/2037/1928 1429/2051/1940 1431/2056/1942
f 1431/2056/1942 1429/2051/1940 1430/2054/1941
f 1440/2058/1933 1441/1894/1803 1442/2057/1943
f 1439/1893/1802 1441/1894/1803 1440/2058/1933
f 1438/2059/1919 1439/1893/1802 1440/2058/1933
f 1437/1887/1796 1439/1893/1802 1438/2059/1919
f 1432/1886/1795 1434/2060/1944 1433/1868/1778
f 1433/1868/1778 1434/2060/1944 1435/1864/1776
f 1436/2061/1917 1437/1887/1796 1438/2059/1919
f 1432/1886/1795 1437/1887/1796 1436/2061/1917
f 1434/2060/1944 1432/1886/1795 1436/2061/1917
