# Blender 5.1.2
# www.blender.org
mtllib raygun.mtl
o LP_RayGun
v -4.167451 6.425394 -9.011849
v -4.167451 6.062728 -8.945350
v -4.167451 6.510809 -8.604101
v -4.167451 6.148143 -8.537602
v -4.167451 6.671875 -8.601980
v -4.167451 5.998796 -8.478562
v -4.167451 6.470454 -8.043161
v -4.167451 6.388436 -8.028121
v 4.167449 6.425394 -9.011849
v 4.167449 6.062728 -8.945350
v 4.167449 6.510809 -8.604101
v 4.167449 6.148143 -8.537602
v 4.167449 6.671875 -8.601980
v 4.167449 5.998796 -8.478562
v 4.167449 6.470454 -8.043161
v 4.167449 6.388436 -8.028121
v -0.046321 12.426308 14.739629
v -0.046321 10.317774 14.739629
v 1.007941 11.372046 14.739629
v -1.100584 11.372046 14.739629
v 0.025616 11.443983 14.739629
v 0.025616 11.300110 14.739629
v -0.118258 11.443983 14.739629
v -0.118258 11.300110 14.739629
v 0.000002 5.281249 22.893105
v -0.386311 5.000579 22.597984
v 0.147557 4.827112 22.597984
v 0.477514 5.281250 22.597984
v 0.147557 5.735385 22.597984
v -0.386311 5.561918 22.597984
v -0.147554 4.827112 22.120468
v 0.386315 5.000579 22.120468
v 0.386315 5.561918 22.120468
v -0.147554 5.735385 22.120468
v -0.477511 5.281250 22.120468
v 0.000002 5.281242 21.825340
v -0.148379 5.429630 22.125715
v -0.209840 5.281249 22.125715
v -0.148379 5.132867 22.125715
v -0.556331 5.837582 8.890047
v -0.556331 4.724922 8.890043
v -0.278165 4.609703 8.890043
v -0.671550 5.003088 8.890043
v -0.671550 5.559419 8.890043
v -0.278203 5.947948 8.890047
v -0.786770 5.281250 14.862336
v -1.031777 7.772189 6.236913
v -1.038551 2.737979 6.249775
v -1.918993 3.326271 6.249775
v -2.507286 4.206715 6.249775
v -1.160994 7.946906 6.742772
v -2.097045 7.321456 6.742770
v -2.722496 6.385403 6.742771
v -2.942124 5.281254 6.742770
v -2.722495 4.177104 6.742768
v -2.097045 3.241052 6.742768
v -1.160993 2.615602 6.742768
v -0.845477 7.322420 8.012042
v -1.562238 6.843495 8.012042
v -2.041163 6.126734 8.012045
v -2.209339 5.281254 8.012042
v -2.041163 4.435774 8.012042
v -1.562238 3.719012 8.012042
v -0.845476 3.240088 8.012042
v -0.516758 6.528821 8.752914
v -0.954844 6.236096 8.752914
v -1.247565 5.798010 8.752914
v -1.350354 5.281253 8.752913
v -1.247565 4.764495 8.752913
v -0.954844 4.326406 8.752913
v -0.516757 4.033686 8.752913
v -0.786770 5.281253 8.890043
v -1.138765 8.030481 6.221290
v -2.104164 7.385422 6.221290
v -2.975738 5.281254 6.221289
v -2.749223 4.142487 6.251087
v -2.104164 3.177087 6.251087
v -1.138764 2.532028 6.251087
v -2.749223 6.420021 6.221290
v -1.502930 3.778310 19.683825
v -0.556330 4.724919 14.862336
v -1.359936 6.641188 19.858585
v -1.359936 3.921304 19.858585
v -2.125465 5.281249 19.683825
v -1.923241 5.281250 19.858585
v -1.502930 6.784182 19.683825
v -0.793194 6.074445 14.938123
v -0.556330 5.837581 14.862336
v -1.121746 5.281250 14.938123
v -0.793194 4.488055 14.938123
v -0.209841 5.281246 17.734474
v -0.148379 5.429627 17.734474
v -0.143506 9.558731 6.970727
v -0.143506 5.933103 12.105474
v -0.143506 5.933103 10.219193
v -0.143506 8.833222 9.546071
v -0.143506 6.267064 14.193426
v -0.143506 7.133372 8.221381
v -0.143506 8.232180 7.971283
v -0.143506 9.558733 8.261709
v -0.143506 5.933101 14.193426
v -0.143506 9.285185 6.970727
v -0.143506 5.933103 8.764622
v -0.143506 6.578673 12.105474
v -1.174855 5.382638 13.866657
v -1.327882 5.382638 14.027431
v -1.480909 5.382638 13.866657
v -1.327882 5.382638 13.700663
v -0.830747 6.213387 13.866657
v -0.938954 6.321594 14.027431
v -1.047161 6.429800 13.866665
v -0.938954 6.321594 13.700663
v -0.830747 4.551890 13.866657
v -0.938954 4.443681 14.027431
v -1.047161 4.335474 13.866657
v -0.938954 4.443681 13.700663
v -1.174855 5.382639 12.276365
v -1.327882 5.382639 12.437140
v -1.480909 5.382639 12.276365
v -1.327882 5.382639 12.110370
v -0.830747 6.213387 12.276365
v -0.938954 6.321594 12.437140
v -1.047161 6.429801 12.276365
v -0.938954 6.321594 12.110370
v -0.830747 4.551890 12.276365
v -0.938954 4.443681 12.437140
v -1.047161 4.335474 12.276365
v -0.938954 4.443681 12.110370
v -0.163385 6.019009 14.729866
v -0.163385 10.059420 14.729866
v -1.174855 11.425776 14.729897
v -1.327882 11.425776 14.890671
v -1.480910 11.425776 14.729897
v -1.327882 11.425776 14.563902
v -0.830747 12.256523 14.729897
v -0.938954 12.364730 14.890673
v -1.047161 12.472939 14.729897
v -0.938954 12.364730 14.563902
v -0.830747 10.595027 14.729897
v -0.938954 10.486820 14.890671
v -1.047161 10.378614 14.729897
v -0.938954 10.486820 14.563902
v -0.779642 6.012376 17.543301
v -1.082487 5.281246 17.543301
v -0.779642 4.550117 17.543301
v -0.148379 5.132865 17.734474
v -0.148379 5.429631 20.563875
v -0.209841 5.281250 20.563875
v -0.148379 5.132869 20.563875
v -0.148379 5.429631 20.341738
v -0.209841 5.281250 20.341738
v -0.148379 5.132869 20.341738
v -0.155575 5.478764 20.452806
v -0.237387 5.281249 20.452806
v -0.155575 5.083736 20.452806
v -0.148379 5.429621 21.019001
v -0.209841 5.281242 21.019001
v -0.148379 5.132861 21.019001
v -0.148379 5.429624 20.796864
v -0.209841 5.281242 20.796864
v -0.155575 5.478754 20.907932
v -0.237387 5.281241 20.907932
v -0.155575 5.083735 20.907932
v -0.148379 5.132861 20.796864
v 0.000002 5.491092 22.125715
v 0.148383 5.429630 22.125715
v 0.209844 5.281249 22.125715
v 0.148383 5.132867 22.125715
v 0.000002 5.071408 22.125715
v 0.556332 5.837582 8.890047
v 0.000001 4.494483 8.890043
v 0.000001 6.058313 8.890047
v 0.556332 4.724922 8.890043
v 0.278166 4.609703 8.890043
v 0.671552 5.003088 8.890043
v 0.671552 5.559419 8.890043
v 0.278204 5.947948 8.890047
v 0.000001 6.022642 14.862336
v 0.786772 5.281250 14.862336
v 0.000000 7.868016 5.022727
v -2.713866 5.245267 6.222600
v -1.918993 7.164265 6.222600
v 0.000000 2.395974 6.742768
v 0.000000 8.166533 6.742771
v 1.160995 7.946906 6.742772
v 2.097046 7.321456 6.742770
v 2.722497 6.385403 6.742770
v 2.942125 5.281254 6.742769
v 2.722496 4.177104 6.742767
v 2.097046 3.241052 6.742768
v 1.160994 2.615602 6.742768
v 0.000001 3.071912 8.012042
v 0.000001 7.490596 8.012042
v 0.845478 7.322420 8.012042
v 1.562239 6.843495 8.012042
v 2.041164 6.126734 8.012045
v 2.209340 5.281254 8.012042
v 2.041164 4.435774 8.012042
v 1.562239 3.719012 8.012042
v 0.845477 3.240088 8.012042
v 0.000001 3.930897 8.752913
v 0.000001 6.631611 8.752914
v 0.516759 6.528821 8.752914
v 0.954845 6.236096 8.752914
v 1.247566 5.798010 8.752914
v 1.350355 5.281253 8.752913
v 1.247566 4.764495 8.752913
v 0.954845 4.326406 8.752913
v 0.516758 4.033686 8.752913
v 0.786772 5.281253 8.890043
v 0.000000 2.305513 6.251087
v 0.000000 8.256995 6.251091
v 1.138766 8.030481 6.221290
v 2.104165 7.385422 6.221290
v 2.975739 5.281254 6.221288
v 2.749224 4.142487 6.251086
v 2.104165 3.177087 6.251087
v 1.138765 2.532028 6.251087
v 0.000000 8.256996 5.022727
v 2.749224 6.420021 6.221290
v 0.000002 7.406716 19.683825
v 1.502933 3.778310 19.683825
v 0.556332 4.724919 14.862336
v 0.000002 3.155775 19.683825
v 0.000001 4.494479 14.862336
v 0.000001 4.159501 14.938123
v 0.000002 7.204492 19.858585
v 1.359939 6.641188 19.858585
v 1.359939 3.921304 19.858585
v 0.000002 3.357999 19.858585
v 0.000001 6.402997 14.938123
v 2.125468 5.281249 19.683825
v 1.923244 5.281250 19.858585
v 1.502933 6.784182 19.683825
v 0.793196 6.074445 14.938123
v 0.556332 5.837581 14.862336
v 1.121748 5.281250 14.938123
v 0.793196 4.488055 14.938123
v 0.209844 5.281246 17.734474
v 0.148382 5.429627 17.734474
v 0.000001 5.071405 17.734474
v 0.143507 9.558731 6.970727
v 0.143508 5.933103 12.105474
v 0.143507 5.933103 10.219193
v 0.143507 8.833222 9.546071
v 0.143508 6.267064 14.193426
v 0.000001 5.933103 8.764622
v 0.143507 7.133372 8.221381
v 0.000001 5.933101 14.193426
v 0.000001 9.558733 8.261709
v 0.000001 8.232180 7.971283
v 0.143507 8.232180 7.971283
v 0.000001 8.833222 9.546071
v 0.143507 9.558733 8.261709
v 0.143508 5.933101 14.193426
v 0.000001 7.133372 8.221381
v 0.143507 9.285185 6.970727
v 0.000000 9.558731 6.970727
v 0.143507 5.933103 8.764622
v 0.000001 6.578673 12.105474
v 0.143508 6.578673 12.105474
v 0.000000 9.285185 6.970727
v 0.000001 6.267064 14.193426
v 1.174857 5.382638 13.866657
v 1.327884 5.382638 14.027431
v 1.480911 5.382638 13.866657
v 1.327884 5.382638 13.700663
v 0.830749 6.213387 13.866657
v 0.938956 6.321594 14.027431
v 1.047163 6.429800 13.866665
v 0.938956 6.321594 13.700663
v 0.000001 6.557495 13.866657
v 0.000001 6.710522 14.027436
v 0.000001 6.863550 13.866661
v 0.000001 6.710522 13.700666
v 0.000001 4.054754 14.027431
v 0.830749 4.551890 13.866657
v 0.938956 4.443681 14.027431
v 1.047163 4.335474 13.866657
v 0.938956 4.443681 13.700663
v 0.000001 3.901726 13.866657
v 0.000001 4.207781 13.866657
v 0.000001 4.054754 13.700663
v 1.174857 5.382639 12.276365
v 1.327884 5.382639 12.437140
v 1.480911 5.382639 12.276365
v 1.327884 5.382639 12.110370
v 0.830749 6.213387 12.276365
v 0.938956 6.321594 12.437140
v 1.047163 6.429801 12.276365
v 0.938956 6.321594 12.110370
v 0.000001 6.557498 12.276365
v 0.000001 6.710525 12.437141
v 0.000001 6.863552 12.276365
v 0.000001 6.710525 12.110371
v 0.000001 4.054754 12.437140
v 0.830749 4.551890 12.276365
v 0.938955 4.443681 12.437140
v 1.047163 4.335474 12.276365
v 0.938955 4.443681 12.110370
v 0.000001 4.207781 12.276365
v 0.000001 3.901726 12.276365
v 0.000001 4.054754 12.110370
v 0.000001 6.019011 14.893252
v 0.000001 10.097885 14.839014
v 0.163387 6.019009 14.729866
v 0.163387 10.059420 14.729866
v 0.000001 6.019011 14.566481
v 0.000001 10.097885 14.613648
v 1.174857 11.425776 14.729897
v 1.327884 11.425776 14.890671
v 1.480912 11.425776 14.729897
v 1.327884 11.425776 14.563902
v 0.830749 12.256523 14.729897
v 0.938956 12.364730 14.890673
v 1.047163 12.472939 14.729897
v 0.938956 12.364730 14.563902
v 0.000001 12.600631 14.729897
v 0.000001 12.753660 14.890671
v 0.000001 12.906686 14.729897
v 0.000001 12.753660 14.563902
v 0.830749 10.595027 14.729897
v 0.938956 10.486820 14.890671
v 1.047163 10.378614 14.729897
v 0.938956 10.486820 14.563902
v 0.000001 9.944857 14.729897
v 0.000001 10.250911 14.729897
v 0.000001 10.097883 14.563902
v 0.000001 10.097883 14.890671
v 0.000001 6.315220 17.543301
v 0.779645 6.012376 17.543301
v 1.082489 5.281246 17.543301
v 0.000001 4.247272 17.543301
v 0.779645 4.550117 17.543301
v 0.148382 5.132865 17.734474
v 0.000001 5.491087 17.734474
v 0.000002 5.071406 20.563875
v 0.148382 5.429631 20.563875
v 0.209844 5.281250 20.563875
v 0.148382 5.132869 20.563875
v 0.000002 5.491091 20.563875
v 0.000002 5.491091 20.341738
v 0.000002 5.071406 20.341738
v 0.148382 5.429631 20.341738
v 0.209844 5.281250 20.341738
v 0.148382 5.132869 20.341738
v 0.000002 5.001925 20.452806
v 0.155578 5.478764 20.452806
v 0.237391 5.281249 20.452806
v 0.155578 5.083736 20.452806
v 0.000002 5.560575 20.452806
v 0.148383 5.429621 21.019001
v 0.209844 5.281242 21.019001
v 0.148383 5.132861 21.019001
v 0.000002 5.491083 21.019001
v 0.148383 5.429624 20.796864
v 0.209844 5.281242 20.796864
v 0.000002 5.001924 20.907932
v 0.155578 5.478754 20.907932
v 0.237391 5.281241 20.907932
v 0.155578 5.083735 20.907932
v 0.000002 5.560568 20.907932
v 0.000002 5.071406 20.796864
v 0.000002 5.491083 20.796864
v 0.148383 5.132861 20.796864
v 0.000002 5.071408 21.019001
v -0.302802 0.109253 -7.216068
v 0.230374 -2.083991 -4.333076
v 0.259699 1.248712 -4.643172
v -0.236608 -1.461604 -7.216068
v -0.207282 -2.083991 -4.333075
v 0.259699 -0.794029 -4.685862
v -0.236607 -0.794029 -4.685862
v -0.302801 0.897207 -6.565048
v -0.236607 1.248712 -4.643172
v 0.259699 -1.461604 -7.216068
v 0.259699 0.109254 -7.216068
v 0.259699 0.897207 -6.565048
v -0.515660 2.494622 6.523649
v -0.515660 2.312939 6.448393
v -0.515660 2.237683 6.266710
v -0.515660 2.312939 6.085027
v -0.515660 2.494622 6.009772
v -0.515660 2.676305 6.085027
v -0.515660 2.751560 6.266710
v -0.515660 2.676305 6.448393
v -3.417457 6.770180 -3.157957
v -3.879429 6.924359 -3.211685
v -3.512051 6.486744 -3.281726
v -3.961996 6.676960 -3.319717
v -3.551233 6.369340 -3.580531
v -3.996197 6.574484 -3.580531
v -3.512051 6.486744 -3.879335
v -3.961996 6.676960 -3.841344
v -3.417456 6.770180 -4.003104
v -3.879429 6.924359 -3.949377
v -3.322862 7.053617 -3.879335
v -3.796863 7.171758 -3.841344
v -3.283680 7.171020 -3.580531
v -3.762662 7.274234 -3.580531
v -3.322862 7.053617 -3.281726
v -3.796863 7.171758 -3.319717
v -2.740691 9.240827 -13.004658
v -2.740691 9.730846 -13.332090
v -2.949058 9.192875 -13.076419
v -2.949058 9.682896 -13.403852
v -3.035366 9.077109 -13.249668
v -3.035366 9.567129 -13.577102
v -2.949058 8.961345 -13.422915
v -2.949058 9.451365 -13.750349
v -2.740691 8.913393 -13.494677
v -2.740691 9.403414 -13.822110
v -2.532325 8.961345 -13.422915
v -2.532325 9.451365 -13.750349
v -2.446017 9.077109 -13.249668
v -2.446017 9.567129 -13.577102
v -2.532325 9.192875 -13.076419
v -2.532325 9.682896 -13.403852
v -2.740691 9.668049 -13.426071
v -2.869133 9.638490 -13.470306
v -2.922335 9.567129 -13.577102
v -2.869133 9.495770 -13.683895
v -2.740691 9.466211 -13.728130
v -2.612250 9.495770 -13.683895
v -2.559048 9.567129 -13.577102
v -2.612250 9.638490 -13.470306
v -2.740691 11.352253 -14.551464
v -2.869133 11.322696 -14.595699
v -2.922335 11.251335 -14.702494
v -2.869133 11.179976 -14.809288
v -2.740691 11.150417 -14.853523
v -2.612250 11.179976 -14.809288
v -2.559048 11.251335 -14.702494
v -2.612250 11.322696 -14.595699
v -2.418855 11.403641 -14.804264
v -2.418855 11.519238 -14.727030
v -2.418855 11.732824 -14.869749
v -2.418855 11.705700 -15.006102
v -2.418855 11.590104 -15.083338
v -2.418855 11.453753 -15.056211
v -2.418855 11.376516 -14.940617
v -2.418855 11.655589 -14.754154
v -2.713208 11.456532 -14.621143
v -2.640584 11.554483 -14.686594
v -2.537555 11.627153 -14.735153
v -2.594125 11.386957 -14.638639
v -2.543169 11.455324 -14.684324
v -2.476879 11.503469 -14.716494
v -2.544799 11.299023 -14.734358
v -2.502817 11.355134 -14.771852
v -2.451746 11.393120 -14.797235
v -2.594125 11.244238 -14.852228
v -2.543169 11.312605 -14.897911
v -2.476879 11.360748 -14.930080
v -2.713208 11.254696 -14.923203
v -2.640584 11.352648 -14.988653
v -2.537555 11.425318 -15.037212
v -2.832292 11.324270 -14.905706
v -2.738000 11.451807 -14.990927
v -2.598230 11.549002 -15.055872
v -2.881618 11.412207 -14.809988
v -2.778351 11.551996 -14.903397
v -2.623363 11.659350 -14.975130
v -2.598230 11.691721 -14.842285
v -2.738000 11.594526 -14.777338
v -2.832292 11.466990 -14.692118
v -2.740691 8.000035 -14.426998
v -2.740691 8.327357 -14.917091
v -2.949058 7.928263 -14.474934
v -2.949058 8.255585 -14.965027
v -3.035366 7.754988 -14.590658
v -3.035366 8.082310 -15.080753
v -2.949058 7.581713 -14.706385
v -2.949058 7.909036 -15.196480
v -2.740691 7.509941 -14.754320
v -2.740691 7.837263 -15.244415
v -2.532325 7.581713 -14.706385
v -2.532325 7.909036 -15.196480
v -2.446017 7.754988 -14.590658
v -2.446017 8.082310 -15.080753
v -2.532325 7.928263 -14.474934
v -2.532325 8.255585 -14.965027
v -2.740691 8.233362 -14.979870
v -2.869133 8.189120 -15.009418
v -2.922335 8.082310 -15.080753
v -2.869133 7.975500 -15.152090
v -2.740691 7.931258 -15.181639
v -2.612250 7.975500 -15.152090
v -2.559048 8.082310 -15.080753
v -2.612250 8.189120 -15.009418
v -2.740692 9.358374 -16.664331
v -2.869133 9.314131 -16.693880
v -2.922335 9.207321 -16.765215
v -2.869133 9.100511 -16.836550
v -2.740692 9.056269 -16.866098
v -2.612251 9.100511 -16.836550
v -2.559048 9.207321 -16.765215
v -2.612251 9.314131 -16.693880
v -2.418855 9.309057 -16.917543
v -2.418855 9.445415 -16.890450
v -2.418855 9.588087 -17.104071
v -2.418855 9.510826 -17.219648
v -2.418855 9.374468 -17.246740
v -2.418855 9.258890 -17.169479
v -2.418855 9.231796 -17.033121
v -2.418855 9.560994 -16.967710
v -2.713209 9.428029 -16.768625
v -2.640584 9.493458 -16.866590
v -2.537555 9.542000 -16.939272
v -2.594126 9.357057 -16.758150
v -2.543169 9.402724 -16.826529
v -2.476879 9.434883 -16.874680
v -2.544799 9.239175 -16.812910
v -2.502817 9.276656 -16.869030
v -2.451746 9.302030 -16.907021
v -2.594126 9.143436 -16.900822
v -2.543169 9.189104 -16.969200
v -2.476879 9.221264 -17.017353
v -2.713209 9.125925 -16.970394
v -2.640584 9.191354 -17.068359
v -2.537555 9.239896 -17.141041
v -2.832293 9.196897 -16.980867
v -2.738000 9.282087 -17.108423
v -2.598230 9.347012 -17.205633
v -2.881618 9.314779 -16.926109
v -2.778352 9.408155 -17.065922
v -2.623363 9.479866 -17.173292
v -2.598230 9.560632 -17.062962
v -2.738000 9.495708 -16.965752
v -2.832293 9.410517 -16.838196
v -2.740692 6.446728 -15.155153
v -2.740692 6.561388 -15.733240
v -2.949058 6.362069 -15.171944
v -2.949058 6.476729 -15.750032
v -3.035367 6.157683 -15.212482
v -3.035367 6.272344 -15.790571
v -2.949058 5.953299 -15.253021
v -2.949059 6.067959 -15.831110
v -2.740692 5.868639 -15.269814
v -2.740692 5.983300 -15.847900
v -2.532326 5.953299 -15.253021
v -2.532326 6.067959 -15.831110
v -2.446018 6.157683 -15.212482
v -2.446018 6.272344 -15.790571
v -2.532326 6.362069 -15.171944
v -2.532326 6.476729 -15.750032
v -2.740692 6.450517 -15.755232
v -2.869133 6.398332 -15.765581
v -2.922336 6.272344 -15.790571
v -2.869133 6.146357 -15.815559
v -2.740692 6.094172 -15.825911
v -2.612251 6.146357 -15.815559
v -2.559049 6.272344 -15.790571
v -2.612251 6.398332 -15.765581
v -2.740692 6.844607 -17.742126
v -2.869133 6.792421 -17.752478
v -2.922336 6.666434 -17.777466
v -2.869133 6.540447 -17.802456
v -2.740692 6.488262 -17.812805
v -2.612251 6.540447 -17.802456
v -2.559049 6.666434 -17.777466
v -2.612251 6.792421 -17.752478
v -2.418856 6.702073 -17.957144
v -2.418856 6.838410 -17.984341
v -2.418856 6.888388 -18.236315
v -2.418856 6.772752 -18.313490
v -2.418856 6.636414 -18.286293
v -2.418856 6.559239 -18.170656
v -2.418856 6.586436 -18.034319
v -2.418856 6.915585 -18.099977
v -2.713209 6.869007 -17.865147
v -2.640585 6.891927 -17.980701
v -2.537556 6.908931 -18.066431
v -2.594126 6.807458 -17.828289
v -2.543169 6.823455 -17.908941
v -2.476880 6.834721 -17.965740
v -2.544800 6.677593 -17.833723
v -2.502818 6.690722 -17.899920
v -2.451747 6.699611 -17.944733
v -2.594126 6.555484 -17.878265
v -2.543169 6.571481 -17.958920
v -2.476880 6.582747 -18.015717
v -2.713209 6.512662 -17.935825
v -2.640585 6.535582 -18.051380
v -2.537556 6.552586 -18.137112
v -2.832293 6.574211 -17.972683
v -2.738001 6.604053 -18.123140
v -2.598231 6.626796 -18.237804
v -2.881619 6.704077 -17.967249
v -2.778352 6.736786 -18.132162
v -2.623364 6.761907 -18.258810
v -2.598231 6.878770 -18.187826
v -2.738001 6.856028 -18.073162
v -2.832293 6.826185 -17.922705
v -1.031777 7.772182 -2.250992
v -1.906475 7.187727 -1.890294
v -2.490931 6.313028 -1.599887
v -1.031776 7.772182 6.266711
v -1.906475 7.187728 6.266711
v -2.490930 6.313029 6.266711
v -1.768934 4.368701 -10.875420
v -1.768934 3.769427 -12.322192
v -1.768934 4.368701 -13.768966
v -1.768934 5.032486 -14.212492
v -1.768934 5.815475 -14.368242
v -1.768934 7.262250 -13.768966
v -1.768934 7.705778 -13.105182
v -1.768934 6.598463 -10.431890
v -1.387497 2.723515 -9.879659
v -1.387497 2.375627 -14.244074
v -1.387497 4.742110 -16.113510
v -1.387497 6.888840 -16.113510
v -1.387496 8.907434 -9.879659
v -1.387496 6.888839 -8.530876
v -1.768934 5.815475 -10.276143
v -1.768934 5.032486 -10.431890
v -1.768934 6.598464 -14.212492
v -1.768934 7.861524 -12.322192
v -1.768934 7.705777 -11.539203
v -1.768934 7.262249 -10.875417
v -1.387497 2.375627 -10.400311
v -1.387497 2.024160 -11.248827
v -1.387497 1.901998 -11.862979
v -1.387497 1.901998 -12.781406
v -1.387497 2.024160 -13.395557
v -1.387497 3.372942 -15.414152
v -1.387497 6.274688 -16.235668
v -1.387497 7.737356 -15.762039
v -1.387497 8.258009 -15.414152
v -1.387497 8.907434 -14.764727
v -1.387497 5.356262 -16.235668
v -1.387497 3.893595 -15.762039
v -1.387497 2.723516 -14.764727
v -1.768935 3.925173 -13.105182
v -1.768934 3.925173 -11.539203
v -1.387497 3.372941 -9.230232
v -1.387497 3.893594 -8.882343
v -1.387497 4.742110 -8.530878
v -1.387497 5.356262 -8.408715
v -1.387497 6.274688 -8.408715
v -1.387496 7.737355 -8.882343
v -1.387496 8.258008 -9.230232
v -1.387496 9.255323 -10.400309
v -1.387497 9.728953 -11.862979
v -1.387497 9.606791 -11.248827
v -1.387497 9.728953 -12.781406
v -1.387497 9.606791 -13.395557
v -1.387497 9.255323 -14.244074
v -2.696163 5.281251 -1.557441
v -2.696163 5.281251 6.266710
v -2.786630 5.281251 -1.557441
v -2.574511 4.214853 -1.743586
v -1.970445 3.310805 -2.157272
v -1.066396 2.706740 -2.579175
v -2.786630 5.281251 6.266711
v -2.574510 4.214854 6.266710
v -1.970444 3.310806 6.266710
v -1.066396 2.706740 6.266710
v -2.922282 5.272205 3.762703
v -2.881525 5.272459 3.589274
v -2.783126 5.273073 3.517437
v -2.684728 5.273686 3.589274
v -2.684728 5.273686 3.936133
v -2.783126 5.273072 4.007970
v -2.881525 5.272459 3.936133
v -2.703185 6.410117 3.762704
v -2.665483 6.394500 3.589274
v -2.574462 6.356798 3.517437
v -2.483441 6.319096 3.589274
v -2.483441 6.319096 3.936133
v -2.574462 6.356798 4.007970
v -2.665483 6.394500 3.936133
v -2.068928 7.359350 3.762704
v -2.040072 7.330494 3.589274
v -1.970407 7.260829 3.517437
v -1.900743 7.191165 3.589274
v -1.900743 7.191165 3.936133
v -1.970407 7.260829 4.007970
v -2.040072 7.330494 3.936133
v -1.119696 7.993606 3.762704
v -1.104080 7.955904 3.589274
v -1.066377 7.864883 3.517437
v -1.028675 7.773862 3.589274
v -1.028675 7.773862 3.936133
v -1.066377 7.864883 4.007970
v -1.104080 7.955904 3.936133
v -1.119696 2.587236 3.762703
v -1.104080 2.624938 3.589273
v -1.066377 2.715960 3.517437
v -1.066377 2.715960 4.007969
v -1.104080 2.624938 3.936132
v -2.068927 3.221492 3.762703
v -2.040071 3.250348 3.589273
v -1.970407 3.320012 3.517437
v -1.970407 3.320012 4.007969
v -2.040071 3.250348 3.936133
v -2.703184 4.170724 3.762703
v -2.665482 4.186341 3.589274
v -2.574461 4.224043 3.517437
v -2.574461 4.224043 4.007970
v -2.665482 4.186341 3.936133
v -2.922283 5.272205 -0.642882
v -2.881525 5.272460 -0.816311
v -2.783127 5.273073 -0.888148
v -2.684728 5.273686 -0.816311
v -2.684728 5.273686 -0.469452
v -2.783127 5.273073 -0.397615
v -2.881525 5.272460 -0.469452
v -2.703185 6.410117 -0.642882
v -2.665483 6.394501 -0.816311
v -2.574462 6.356798 -0.888148
v -2.483441 6.319096 -0.816311
v -2.483441 6.319096 -0.469452
v -2.574462 6.356798 -0.397615
v -2.665483 6.394501 -0.469452
v -2.068928 7.359350 -0.642881
v -2.040072 7.330494 -0.816311
v -1.970408 7.260829 -0.888148
v -1.900743 7.191165 -0.816311
v -1.900743 7.191165 -0.469452
v -1.970408 7.260829 -0.397615
v -2.040072 7.330494 -0.469452
v -1.119697 7.993607 -0.642881
v -1.104080 7.955904 -0.816311
v -1.066378 7.864883 -0.888148
v -1.028676 7.773862 -0.816311
v -1.028676 7.773862 -0.469452
v -1.066378 7.864883 -0.397615
v -1.104080 7.955904 -0.469452
v -1.119697 2.587236 -0.642882
v -1.104080 2.624939 -0.816312
v -1.066378 2.715960 -0.888149
v -1.066378 2.715960 -0.397616
v -1.104080 2.624939 -0.469453
v -2.068928 3.221492 -0.642882
v -2.040071 3.250348 -0.816311
v -1.970407 3.320012 -0.888148
v -1.970407 3.320012 -0.397616
v -2.040071 3.250348 -0.469452
v -2.703185 4.170724 -0.642882
v -2.665483 4.186341 -0.816311
v -2.574462 4.224043 -0.888148
v -2.574462 4.224043 -0.397616
v -2.665483 4.186341 -0.469452
v -2.922283 5.272205 1.521207
v -2.881525 5.272459 1.347777
v -2.783127 5.273073 1.275941
v -2.684728 5.273686 1.347777
v -2.684728 5.273686 1.694636
v -2.783127 5.273073 1.766473
v -2.881525 5.272459 1.694636
v -2.703185 6.410117 1.521207
v -2.665483 6.394500 1.347778
v -2.574462 6.356798 1.275941
v -2.483441 6.319096 1.347778
v -2.483441 6.319096 1.694637
v -2.574462 6.356798 1.766473
v -2.665483 6.394500 1.694637
v -2.068928 7.359350 1.521207
v -2.040072 7.330494 1.347778
v -1.970408 7.260829 1.275941
v -1.900743 7.191165 1.347778
v -1.900743 7.191165 1.694637
v -1.970408 7.260829 1.766473
v -2.040072 7.330494 1.694637
v -1.119696 7.993607 1.521207
v -1.104080 7.955904 1.347778
v -1.066378 7.864883 1.275941
v -1.028675 7.773862 1.347778
v -1.028675 7.773862 1.694637
v -1.066378 7.864883 1.766473
v -1.104080 7.955904 1.694637
v -1.119696 2.587236 1.521206
v -1.104080 2.624939 1.347777
v -1.066378 2.715960 1.275940
v -1.066378 2.715960 1.766473
v -1.104080 2.624939 1.694636
v -2.068927 3.221492 1.521207
v -2.040071 3.250348 1.347777
v -1.970407 3.320012 1.275940
v -1.970407 3.320012 1.766473
v -2.040071 3.250348 1.694636
v -2.703185 4.170724 1.521207
v -2.665482 4.186341 1.347777
v -2.574461 4.224043 1.275940
v -2.574461 4.224043 1.766473
v -2.665482 4.186341 1.694636
v -1.748085 2.895531 -11.768650
v -0.968066 -6.492386 -13.063898
v -0.968065 -3.932802 -12.144052
v -0.966714 -9.994806 -6.717840
v -1.453026 0.306395 -10.170509
v -0.988141 -0.445543 -5.996208
v -1.748084 2.173268 -4.634076
v -0.968065 -7.467654 -7.973786
v -1.424237 -6.585095 -12.586004
v -0.968065 -4.980424 -7.539324
v -1.424237 -4.040472 -11.670925
v -1.424236 -7.963316 -7.538562
v -0.968065 -7.953301 -7.230410
v -0.968065 -10.589670 -10.207871
v -0.968065 -10.827724 -8.227457
v -1.255253 -9.819731 -6.932496
v -1.255253 -10.411638 -7.516775
v -0.966714 -10.378183 -7.083164
v -0.968066 -5.026765 -12.555153
v -1.424236 -5.975072 -8.216100
v -0.968065 -6.075288 -7.758574
v -0.968065 -6.943377 -7.926380
v -1.424236 -6.846179 -8.385733
v -0.968065 -1.383101 -6.335008
v -0.968065 -2.278148 -6.637017
v -0.968065 -4.068838 -7.241238
v -1.424237 -0.586433 -10.418654
v -0.968065 -2.203511 -11.516439
v -0.968065 -3.058922 -11.826436
v -1.424236 -3.968409 -7.697483
v -0.968065 -3.173394 -6.939095
v -2.600404 2.338874 -6.271213
v -1.559000 -7.044464 -9.327620
v -1.559000 -6.239078 -11.778587
v -1.438619 -1.181645 -7.367599
v -1.438619 -2.067991 -7.670069
v -1.438619 -2.383226 -10.667875
v -1.559000 -0.094653 -9.537659
v -1.559000 -4.437604 -11.094858
v -1.559000 -5.034567 -11.304194
v -1.559000 -4.420073 -8.790767
v -1.558999 -9.267466 -7.608763
v -1.559000 -8.432367 -11.215806
v -1.559000 -9.882479 -9.667397
v -1.559000 -6.979454 -11.834454
v -1.559000 -7.786823 -11.730277
v -1.507884 2.409557 4.433689
v -1.985538 2.417531 0.107641
v -1.051830 1.406910 4.433689
v -1.426126 1.080993 0.107641
v -1.590365 0.868375 2.429825
v -2.134203 2.413680 3.351161
v -1.495911 0.962828 3.351161
v -2.548093 2.417783 2.338539
v -1.789778 0.668962 2.338538
v -2.515779 2.418415 0.925017
v -1.838211 0.721076 0.925017
v -1.544383 2.421402 -1.363062
v -1.081107 1.377633 -1.363062
v -0.605118 1.853623 -2.460295
v -0.854930 2.436029 -3.830775
v -0.597875 1.860867 -3.830775
v -0.635145 0.623125 0.162519
v -1.109462 0.300508 0.931989
v -1.331690 2.445684 -3.985060
v -0.937823 1.503978 -3.985060
v -1.350644 2.418745 -4.994775
v -0.949951 1.167382 -5.184273
v -1.364258 2.916135 4.433689
v -1.736426 3.183973 0.107641
v -1.970167 3.320359 2.429825
v -1.865720 3.247401 3.351161
v -2.127665 3.573438 0.925017
v -1.379602 2.948362 -1.363062
v -0.770129 2.710645 -3.830775
v -2.592764 2.231928 -5.563020
v -1.453026 -0.361496 -6.457795
v -2.592764 2.840684 -10.815454
v -1.424236 -4.876796 -7.994623
v -1.424236 -7.377920 -8.424400
v -1.424237 -8.155758 -12.361932
v -1.424237 -10.404612 -9.930121
v -1.424236 -8.596615 -7.077770
v -1.413417 -9.411720 -6.905413
v -1.424237 -5.130883 -12.079824
v -1.424237 -5.997054 -12.405210
v -1.424236 -1.293545 -6.794422
v -1.424236 -2.184968 -7.095375
v -1.424236 -3.076590 -7.396396
v -1.424237 -3.163303 -11.352215
v -1.424237 -2.304154 -11.040958
v -1.424237 -1.445198 -10.729773
v -0.265781 -8.675165 -6.829937
v -0.265781 -9.093252 -6.751160
v -0.968066 -5.896079 -12.882395
v -0.968065 -1.348290 -11.206512
v -0.968065 -0.493258 -10.896657
v -0.988142 0.393553 -10.648433
v -0.968066 -8.173283 -12.827282
v -2.267621 2.414065 2.429825
v -2.153606 3.588192 2.338539
v -1.511335 2.421402 -2.397484
v -1.057739 1.401002 -2.397484
v -1.353907 2.930613 -2.397484
v -0.865240 2.435869 -2.460295
v -0.787900 2.693124 -2.460295
v -1.558999 -0.486858 -7.445000
v -1.559000 -0.473588 -9.673619
v -1.558999 -0.880505 -7.579718
v -1.438619 -7.989912 -8.305177
v -1.438619 -8.889669 -7.523238
v -1.438619 -5.846769 -8.826639
v -1.559000 -6.819593 -9.287807
v -1.559000 -3.135195 -8.351117
v -1.559000 -3.532798 -8.487189
v -1.558999 -2.251359 -8.048717
v -1.559000 -5.524391 -9.070286
v -1.559000 -4.019322 -8.653616
v -1.558999 -9.580326 -7.391456
v -1.559000 -7.443559 -9.311020
v -1.457178 -0.272780 -7.062508
v -2.600405 2.765847 -10.486721
v -1.457178 0.217099 -9.772740
v -1.438619 -4.121060 -11.293337
v -1.559000 -2.685034 -10.467486
v -1.559000 -3.067909 -10.604860
v -1.559000 -1.820570 -10.157183
v -1.559000 -5.926593 -11.618249
v -1.559000 -3.935729 -10.916368
v -1.559000 -10.173893 -8.885075
v -1.558999 -1.367552 -7.746325
v -1.559000 -0.956104 -9.846880
v -1.559000 -1.338221 -9.983982
v -1.558999 -1.764425 -7.882148
v -1.438619 -0.658800 -10.047391
v -1.438619 -1.520950 -10.357612
v -1.558999 -2.648611 -8.184669
v -1.559000 -2.203079 -10.294426
v -1.438619 -2.954472 -7.972584
v -1.438619 -3.245628 -10.978188
v -1.438619 -3.841085 -8.275144
v -1.559000 -3.549751 -10.777881
v -1.559000 -4.929673 -8.933366
v -1.438619 -4.740239 -8.575370
v -1.559000 -6.037212 -9.186959
v -1.559000 -6.422607 -9.275549
v -1.559000 -5.537694 -11.481670
v -1.438619 -5.221843 -11.687314
v -1.559000 -6.610032 -11.863426
v -1.438619 -8.121855 -11.902984
v -1.413417 -10.637472 -8.189477
v -1.438619 -10.248327 -9.610695
v -1.558999 -8.846315 -7.927790
v -1.559000 -8.254314 -8.461421
v -1.559000 -7.762876 -9.006837
v -1.558999 -10.278008 -8.130037
v -0.000001 10.282129 -9.407255
v -0.000001 10.004355 -7.889984
v -0.000001 8.225430 -4.010305
v -0.000001 8.343715 -3.827901
v -0.000001 9.321892 -9.407255
v -0.000001 9.684454 -10.924524
v -1.778774 8.127732 -8.070651
v -1.778774 8.127732 -7.131350
v -1.778773 8.127732 -6.372713
v -1.778773 8.127732 -5.534293
v -1.778773 8.127732 -4.010305
v -1.778773 8.127732 -3.827901
v -1.778773 8.343715 -3.827901
v -1.778773 8.225430 -4.010305
v -1.778773 9.555191 -6.372714
v -1.778774 9.815234 -7.131350
v -1.778774 10.004355 -7.889984
v -1.778774 9.957096 -10.636156
v -0.000000 8.127732 -3.338172
v -1.778774 9.321892 -9.407255
v -1.778774 9.684454 -10.924524
v -0.000001 9.863141 -11.492068
v -1.778774 10.282129 -9.407255
v -1.778773 9.179903 -5.534293
v -1.778774 9.863141 -11.492068
v -1.778774 10.479623 -10.924524
v -1.778774 10.250294 -11.492068
v -1.778773 8.127732 -3.338172
v -1.778773 8.343715 -3.468194
v -1.572282 3.884189 -7.182654
v -1.572283 1.587773 -9.479071
v -1.572283 7.131812 -15.023109
v -1.572283 8.508413 -14.103294
v -1.572282 9.428228 -9.479069
v -3.628827 3.884190 -7.182654
v -3.628827 2.507589 -8.102469
v -3.628828 1.264777 -11.102881
v -3.628828 5.508001 -15.346106
v -3.628827 8.508413 -14.103294
v -3.628827 9.428228 -9.479069
v -3.628827 8.508413 -8.102468
v -3.628827 7.131811 -7.182653
v -3.628827 5.508001 -6.859658
v -1.925613 1.784073 -13.020476
v -3.628828 7.131812 -15.023109
v -1.919191 8.145664 -14.236679
v -3.628827 9.751226 -11.102881
v -1.664280 5.646103 -10.868388
v -1.664280 5.290674 -10.939086
v -1.664280 4.989357 -11.140421
v -1.664280 4.788023 -11.441738
v -1.664280 4.717324 -11.797166
v -1.664280 4.989357 -12.453913
v -1.664280 5.646102 -12.725945
v -1.664280 6.001531 -12.655246
v -1.664280 6.504182 -11.441738
v -1.664280 6.302848 -11.140421
v -1.664280 6.001530 -10.939086
v -1.741619 4.946390 -12.389607
v -1.741619 5.366527 -12.670334
v -1.741619 5.570250 -12.710856
v -1.741619 6.238544 -12.496879
v -1.741618 6.519270 -12.076741
v -4.636646 4.934679 -9.652579
v -4.636648 3.830727 -11.304760
v -4.636647 4.354510 -12.569283
v -4.636647 6.303390 -12.956940
v -4.636647 5.619034 -13.093066
v -4.636647 7.271214 -11.989115
v -4.636646 7.271214 -10.620404
v -4.636647 6.303388 -9.652578
v -4.636647 5.619035 -9.516452
v -4.347936 5.834362 -8.704809
v -4.207092 3.910200 -9.595924
v -4.207094 3.202377 -11.304760
v -4.207094 3.386334 -12.229574
v -4.188768 5.800357 -13.903251
v -4.285010 6.629467 -13.744177
v -4.336698 7.486131 -13.171833
v -4.337895 8.058769 -12.315294
v -4.339774 8.260192 -11.304716
v -4.341934 8.059557 -10.293816
v -4.344003 7.487215 -9.436527
v -4.345702 6.630201 -8.863514
v -3.920051 2.755543 -8.366484
v -3.920051 1.905724 -9.638327
v -3.628827 1.587774 -9.479071
v -3.920052 1.905724 -12.638812
v -4.057435 6.942254 -14.553757
v -3.992412 5.800890 -14.786152
v -4.150730 8.141453 -13.752418
v -4.149531 8.942499 -12.553093
v -4.147652 9.223452 -11.138613
v -4.145491 8.941711 -9.724456
v -4.143422 8.140368 -8.525880
v -4.141725 6.941516 -7.725208
v -4.387235 6.543849 -13.537459
v -4.207094 5.619034 -13.721416
v -4.387235 7.327868 -13.013595
v -4.387235 7.851733 -12.229574
v -4.387234 8.035690 -11.304759
v -4.387234 7.851733 -10.379945
v -4.387234 7.327868 -9.595924
v -4.387234 6.543847 -9.072060
v -4.387234 5.619034 -8.888103
v -4.100193 7.027872 -14.760475
v -4.100192 8.299715 -13.910656
v -4.100192 9.149535 -12.638812
v -4.100192 9.447952 -11.138569
v -4.100192 9.149535 -9.638327
v -4.100192 8.299715 -8.366483
v -4.100192 7.027870 -7.516664
v -4.100192 5.527630 -7.218248
v -4.094152 7.454749 -13.169147
v -4.095350 8.027388 -12.312606
v -3.906985 8.911118 -12.550406
v -3.905107 9.192068 -11.135924
v -4.101458 7.455832 -9.433839
v -4.636646 4.354511 -10.040236
v -4.636648 3.966854 -10.620404
v -4.636648 3.966853 -11.989115
v -4.636647 4.934679 -12.956940
v -4.636647 6.883557 -12.569283
v -4.636647 7.407341 -11.304760
v -4.636646 6.883557 -10.040235
v -3.899179 6.910134 -7.722522
v -3.900876 8.108986 -8.523192
v -3.908184 8.110071 -13.749730
v -4.097228 8.228810 -11.302029
v -4.207092 4.694219 -9.072060
v -4.169831 3.160679 -10.451820
v -4.169831 3.027733 -11.120185
v -4.167152 3.276975 -12.431196
v -4.167151 3.657351 -13.000469
v -4.164186 4.764268 -13.754036
v -4.164186 5.441763 -13.888798
v -4.093922 6.598084 -13.741489
v -4.099389 8.028175 -10.291128
v -4.103156 6.598819 -8.860826
v -4.095910 5.800623 -13.900564
v -4.105390 5.802979 -8.702121
v -3.920051 4.027387 -7.516665
v -3.962985 2.093734 -9.917402
v -3.962985 1.878307 -11.000426
v -3.965664 2.237671 -12.718457
v -3.965664 2.846848 -13.630155
v -3.968629 4.309965 -14.587259
v -3.968629 5.379491 -14.799999
v -3.908414 6.910872 -14.551071
v -3.902945 8.910329 -9.721768
v -3.906426 5.800890 -14.786152
v -4.139490 5.767984 -7.492183
v -3.896944 5.736603 -7.489495
v -1.572282 2.507588 -8.102469
v -1.572282 5.508001 -6.859658
v -1.572283 1.264776 -11.102881
v -1.572283 2.507588 -14.103294
v -1.572283 9.751225 -11.102881
v -1.572282 8.508412 -8.102468
v -1.572282 7.131810 -7.182653
v -1.919191 4.270369 -15.007523
v -1.919191 5.175727 -15.187609
v -1.919191 7.378139 -14.749525
v -1.919191 9.393232 -12.369565
v -1.919191 9.573318 -11.464204
v -1.664280 5.290675 -12.655246
v -3.628828 3.884190 -15.023109
v -1.572283 5.508000 -15.346106
v -1.572283 3.884189 -15.023109
v -1.572284 1.587773 -12.726693
v -3.628828 2.507589 -14.103294
v -1.664280 4.788023 -12.152596
v -3.628828 1.587774 -12.726693
v -1.925613 2.311289 -13.809511
v -1.741619 4.830990 -12.216899
v -1.741619 6.065835 -12.612279
v -1.664280 6.302848 -12.453913
v -1.572283 9.428228 -12.726693
v -3.628827 9.428229 -12.726693
v -1.664280 6.504182 -12.152596
v -1.664280 6.574882 -11.797166
v -1.741618 6.559793 -11.873018
v -3.708440 1.821985 -10.150176
v -2.553436 8.127733 -8.306528
v -3.434985 2.050722 -3.240560
v -3.048739 8.014589 -2.559428
v -3.285753 7.300180 -2.104496
v -3.607522 6.318090 -1.785386
v -4.230191 5.043814 -1.692853
v -2.802778 7.300168 -7.754189
v -3.125917 6.318071 -7.456518
v -2.819521 7.300180 -1.900975
v -3.224408 6.318090 -1.581865
v -3.070847 8.014592 -7.023348
v -4.037368 2.066083 -8.508729
v -3.274241 7.300169 -6.581964
v -3.539802 6.318073 -6.281404
v -4.230192 5.043814 -6.865678
v -4.230841 4.463898 -1.833852
v -4.230629 4.652793 -1.787924
v -4.350798 4.558345 -1.687673
v -3.787654 4.652784 -1.584405
v -4.230546 4.652794 -7.145847
v -4.230717 4.463898 -7.281193
v -4.350692 4.558346 -7.276768
v -4.231455 3.677287 -2.066991
v -4.231496 3.878790 -1.976114
v -4.351530 3.777235 -1.886486
v -3.648396 3.776733 -9.255809
v -3.787654 3.677257 -1.863490
v -3.802706 3.776385 -1.671657
v -4.231248 3.878792 -7.700428
v -4.351237 3.778075 -7.827734
v -3.665256 2.875525 -9.644582
v -3.672739 2.973850 -9.704760
v -4.230288 3.073618 -8.092692
v -4.349884 2.974138 -8.207026
v -4.350089 2.974076 -2.408653
v -3.787654 3.073647 -2.265504
v -3.802490 2.974012 -2.197538
v -3.637629 4.652773 -8.455289
v -3.637629 4.463919 -8.604536
v -3.640574 3.678413 -9.202405
v -4.231193 3.677289 -7.820506
v -4.230485 3.073617 -2.469042
v -4.230041 2.874650 -8.192633
v -4.230151 2.874650 -2.607631
v -3.737861 5.501153 -1.685897
v -3.388416 5.501153 -1.482376
v -3.656829 5.501152 -6.184836
v -2.547023 8.127731 -7.136415
v -3.608882 1.821984 -8.655661
v -3.647567 4.558346 -8.638593
v -3.802770 4.558345 -1.477128
v -3.787654 2.874615 -2.404136
v -3.787654 4.463907 -1.630328
v -3.787654 3.878780 -1.772594
v -2.521282 8.127729 -2.468974
v -3.637629 5.043814 -8.146260
v -3.270564 5.501151 -7.360407
v -3.787654 5.043814 -1.489332
v -3.659208 3.072187 -9.536232
v -3.637629 3.878769 -9.066966
v -2.996385 1.779360 -3.290634
v -4.207094 4.694220 -13.537459
v -4.207094 3.910200 -13.013593
v -4.207094 3.386334 -10.379945
v -3.920052 1.607307 -11.138570
v -3.920051 2.755543 -13.910656
v -3.920051 4.027388 -14.760475
v -3.920051 5.527629 -15.058891
v -3.994629 5.448905 -13.852897
v -3.994629 4.771409 -13.718135
v -3.996953 3.685204 -12.981858
v -3.996953 3.304827 -12.412585
v -3.999104 3.057832 -11.126172
v -3.999104 3.190779 -10.457808
v -3.792258 2.123833 -9.923389
v -3.792258 1.908406 -11.006413
v -3.795466 2.265523 -12.699846
v -3.795466 2.874701 -13.611544
v -3.799072 4.317106 -14.551357
v -3.799072 5.386632 -14.764099
v -0.980073 -9.305153 -6.711152
v -0.980073 -8.463171 -6.869802
v -0.968478 -2.215033 -0.027658
v -0.826874 -4.309476 -0.744240
v -0.685206 -6.031046 -1.501694
v -0.544072 -7.397765 -2.585951
v -0.404081 -8.407190 -4.253983
v -0.573212 -1.960807 -0.750460
v -0.510675 -4.062929 -1.397310
v -0.448123 -5.712818 -2.045329
v -0.386091 -6.980687 -2.962306
v -0.325107 -7.955554 -4.453160
v -1.434146 -6.702918 -9.031423
v -1.434146 -7.258897 -9.098158
v -1.434147 -6.080552 -11.977829
v -1.434147 -6.670775 -12.150306
v -0.623955 2.605602 6.377690
v -0.623955 2.651571 6.266710
v -0.623955 2.605602 6.155730
v -0.623955 2.494622 6.109761
v -0.623955 2.383641 6.155730
v -0.623955 2.337672 6.266710
v -0.623955 2.383641 6.377690
v -0.623955 2.494622 6.423659
v -0.693243 2.494622 6.266710
v -4.636646 5.533696 -10.442911
v -4.818855 5.648460 -10.803621
v -4.636646 5.202161 -10.531744
v -4.818855 5.397891 -10.870759
v -4.636646 4.875446 -10.858460
v -4.818855 5.214461 -11.054192
v -4.636646 4.755861 -11.304763
v -4.818855 5.147321 -11.304763
v -4.636647 4.875447 -11.751060
v -4.818855 5.214461 -11.555330
v -4.636647 5.202161 -12.077771
v -4.818855 5.397891 -11.738758
v -4.636647 5.533696 -12.166606
v -4.818855 5.648460 -11.805899
v -4.818855 5.899030 -11.738758
v -4.818855 6.082460 -11.555330
v -4.741903 5.648460 -11.304760
v -4.818855 6.149600 -11.304763
v -4.636646 5.899031 -10.870759
v -4.818855 6.082460 -11.054192
v -4.636646 6.082460 -11.054192
v -4.818855 5.899031 -10.870759
v -4.818855 5.533695 -10.442911
v -4.818855 5.202160 -10.531744
v -4.818855 4.875446 -10.858460
v -4.818855 4.755860 -11.304763
v -4.818855 4.875446 -11.751060
v -4.818855 5.202160 -12.077771
v -4.818855 5.533695 -12.166606
v -4.636646 6.149600 -11.304763
v -4.636646 6.082460 -11.555330
v -4.636646 5.899030 -11.738758
v -4.636646 5.648460 -11.805899
v -4.636646 5.648460 -10.803621
v 0.515661 2.494622 6.523649
v 0.515661 2.312939 6.448393
v 0.515661 2.237683 6.266710
v 0.515661 2.312939 6.085027
v 0.515661 2.494622 6.009772
v 0.515661 2.676305 6.085027
v 0.515661 2.751560 6.266710
v 0.515661 2.676305 6.448393
v 0.000000 2.494622 6.523649
v 0.000000 2.312938 6.448393
v 0.000000 2.237683 6.266710
v 0.000000 2.312938 6.085027
v 0.000000 2.494622 6.009772
v 0.000000 2.676304 6.085027
v 0.000000 2.751560 6.266710
v 0.000000 2.676304 6.448393
v 3.417456 6.770180 -3.157958
v 3.879428 6.924359 -3.211686
v 3.512050 6.486744 -3.281727
v 3.961995 6.676960 -3.319718
v 3.551232 6.369340 -3.580532
v 3.996196 6.574484 -3.580532
v 3.512050 6.486744 -3.879336
v 3.961995 6.676960 -3.841345
v 3.417455 6.770180 -4.003105
v 3.879428 6.924359 -3.949378
v 3.322861 7.053617 -3.879336
v 3.796862 7.171758 -3.841345
v 3.283679 7.171020 -3.580532
v 3.762661 7.274234 -3.580532
v 3.322861 7.053617 -3.281727
v 3.796862 7.171758 -3.319718
v 2.740689 9.240827 -13.004658
v 2.740689 9.730846 -13.332090
v 2.949055 9.192875 -13.076419
v 2.949055 9.682896 -13.403852
v 3.035363 9.077109 -13.249668
v 3.035363 9.567129 -13.577102
v 2.949055 8.961345 -13.422915
v 2.949055 9.451365 -13.750349
v 2.740689 8.913393 -13.494677
v 2.740689 9.403414 -13.822110
v 2.532322 8.961345 -13.422915
v 2.532322 9.451365 -13.750349
v 2.446014 9.077109 -13.249668
v 2.446014 9.567129 -13.577102
v 2.532322 9.192875 -13.076419
v 2.532322 9.682896 -13.403852
v 2.740689 9.668049 -13.426071
v 2.869130 9.638490 -13.470306
v 2.922332 9.567129 -13.577102
v 2.869130 9.495770 -13.683895
v 2.740689 9.466211 -13.728130
v 2.612247 9.495770 -13.683895
v 2.559045 9.567129 -13.577102
v 2.612247 9.638490 -13.470306
v 2.740689 11.352253 -14.551464
v 2.869130 11.322696 -14.595699
v 2.922332 11.251335 -14.702494
v 2.869130 11.179976 -14.809288
v 2.740689 11.150417 -14.853523
v 2.612247 11.179976 -14.809288
v 2.559045 11.251335 -14.702494
v 2.612247 11.322696 -14.595699
v 2.418852 11.403641 -14.804264
v 2.418852 11.519238 -14.727030
v 2.418852 11.732824 -14.869749
v 2.418852 11.705700 -15.006102
v 2.418852 11.590104 -15.083338
v 2.418852 11.453753 -15.056211
v 2.418852 11.376516 -14.940617
v 2.418852 11.655589 -14.754154
v 2.713206 11.456532 -14.621143
v 2.640581 11.554483 -14.686594
v 2.537552 11.627153 -14.735153
v 2.594122 11.386957 -14.638639
v 2.543166 11.455324 -14.684324
v 2.476876 11.503469 -14.716494
v 2.544796 11.299023 -14.734358
v 2.502814 11.355134 -14.771852
v 2.451743 11.393120 -14.797235
v 2.594122 11.244238 -14.852228
v 2.543166 11.312605 -14.897911
v 2.476876 11.360748 -14.930080
v 2.713206 11.254696 -14.923203
v 2.640581 11.352648 -14.988653
v 2.537552 11.425318 -15.037212
v 2.832289 11.324270 -14.905706
v 2.737997 11.451807 -14.990927
v 2.598227 11.549002 -15.055872
v 2.881615 11.412207 -14.809988
v 2.778348 11.551996 -14.903397
v 2.623360 11.659350 -14.975130
v 2.598227 11.691721 -14.842285
v 2.737997 11.594526 -14.777338
v 2.832289 11.466990 -14.692118
v -0.000001 11.655589 -14.754154
v -0.000001 11.519238 -14.727030
v -0.000001 11.403641 -14.804264
v -0.000001 11.376516 -14.940617
v -0.000001 11.453753 -15.056211
v -0.000001 11.590104 -15.083338
v -0.000001 11.705700 -15.006102
v -0.000001 11.732824 -14.869749
v 2.740689 8.000035 -14.426998
v 2.740689 8.327357 -14.917091
v 2.949055 7.928263 -14.474934
v 2.949055 8.255585 -14.965027
v 3.035363 7.754988 -14.590658
v 3.035363 8.082310 -15.080753
v 2.949055 7.581713 -14.706385
v 2.949055 7.909036 -15.196480
v 2.740689 7.509941 -14.754320
v 2.740689 7.837263 -15.244415
v 2.532322 7.581713 -14.706385
v 2.532322 7.909036 -15.196480
v 2.446014 7.754988 -14.590658
v 2.446014 8.082310 -15.080753
v 2.532322 7.928263 -14.474934
v 2.532322 8.255585 -14.965027
v 2.740689 8.233362 -14.979870
v 2.869130 8.189120 -15.009418
v 2.922332 8.082310 -15.080753
v 2.869130 7.975500 -15.152090
v 2.740689 7.931258 -15.181639
v 2.612247 7.975500 -15.152090
v 2.559045 8.082310 -15.080753
v 2.612247 8.189120 -15.009418
v 2.740688 9.358374 -16.664331
v 2.869129 9.314131 -16.693880
v 2.922332 9.207321 -16.765215
v 2.869129 9.100511 -16.836550
v 2.740688 9.056269 -16.866098
v 2.612247 9.100511 -16.836550
v 2.559045 9.207321 -16.765215
v 2.612247 9.314131 -16.693880
v 2.418852 9.309057 -16.917543
v 2.418852 9.445415 -16.890450
v 2.418852 9.588087 -17.104071
v 2.418852 9.510826 -17.219648
v 2.418852 9.374468 -17.246740
v 2.418852 9.258890 -17.169479
v 2.418852 9.231796 -17.033121
v 2.418852 9.560994 -16.967710
v 2.713205 9.428029 -16.768625
v 2.640581 9.493458 -16.866590
v 2.537552 9.542000 -16.939272
v 2.594122 9.357057 -16.758150
v 2.543165 9.402724 -16.826529
v 2.476876 9.434883 -16.874680
v 2.544796 9.239175 -16.812910
v 2.502814 9.276656 -16.869030
v 2.451743 9.302030 -16.907021
v 2.594122 9.143436 -16.900822
v 2.543165 9.189104 -16.969200
v 2.476876 9.221264 -17.017353
v 2.713205 9.125925 -16.970394
v 2.640581 9.191354 -17.068359
v 2.537552 9.239896 -17.141041
v 2.832289 9.196897 -16.980867
v 2.737997 9.282087 -17.108423
v 2.598227 9.347012 -17.205633
v 2.881615 9.314779 -16.926109
v 2.778348 9.408155 -17.065922
v 2.623360 9.479866 -17.173292
v 2.598227 9.560632 -17.062962
v 2.737997 9.495708 -16.965752
v 2.832289 9.410517 -16.838196
v -0.000002 9.560994 -16.967710
v -0.000002 9.445415 -16.890450
v -0.000002 9.309057 -16.917543
v -0.000002 9.231796 -17.033121
v -0.000002 9.258890 -17.169479
v -0.000002 9.374468 -17.246740
v -0.000002 9.510826 -17.219648
v -0.000002 9.588087 -17.104071
v 2.740689 6.446728 -15.155153
v 2.740689 6.561388 -15.733240
v 2.949055 6.362069 -15.171944
v 2.949055 6.476729 -15.750032
v 3.035364 6.157683 -15.212482
v 3.035364 6.272344 -15.790571
v 2.949055 5.953299 -15.253021
v 2.949055 6.067959 -15.831110
v 2.740689 5.868639 -15.269814
v 2.740689 5.983300 -15.847900
v 2.532323 5.953299 -15.253021
v 2.532322 6.067959 -15.831110
v 2.446015 6.157683 -15.212482
v 2.446014 6.272344 -15.790571
v 2.532323 6.362069 -15.171944
v 2.532323 6.476729 -15.750032
v 2.740689 6.450517 -15.755232
v 2.869130 6.398332 -15.765581
v 2.922333 6.272344 -15.790571
v 2.869130 6.146357 -15.815559
v 2.740689 6.094172 -15.825911
v 2.612248 6.146357 -15.815559
v 2.559046 6.272344 -15.790571
v 2.612248 6.398332 -15.765581
v 2.740689 6.844607 -17.742126
v 2.869130 6.792421 -17.752478
v 2.922333 6.666434 -17.777466
v 2.869130 6.540447 -17.802456
v 2.740689 6.488262 -17.812805
v 2.612248 6.540447 -17.802456
v 2.559046 6.666434 -17.777466
v 2.612248 6.792421 -17.752478
v 2.418852 6.702073 -17.957144
v 2.418852 6.838410 -17.984341
v 2.418852 6.888388 -18.236315
v 2.418852 6.772752 -18.313490
v 2.418852 6.636414 -18.286293
v 2.418852 6.559239 -18.170656
v 2.418852 6.586436 -18.034319
v 2.418852 6.915585 -18.099977
v 2.713206 6.869007 -17.865147
v 2.640582 6.891927 -17.980701
v 2.537552 6.908931 -18.066431
v 2.594123 6.807458 -17.828289
v 2.543166 6.823455 -17.908941
v 2.476876 6.834721 -17.965740
v 2.544796 6.677593 -17.833723
v 2.502814 6.690722 -17.899920
v 2.451743 6.699611 -17.944733
v 2.594123 6.555484 -17.878265
v 2.543166 6.571481 -17.958920
v 2.476876 6.582747 -18.015717
v 2.713206 6.512662 -17.935825
v 2.640582 6.535582 -18.051380
v 2.537552 6.552586 -18.137112
v 2.832290 6.574211 -17.972683
v 2.737998 6.604053 -18.123140
v 2.598228 6.626796 -18.237804
v 2.881615 6.704077 -17.967249
v 2.778349 6.736786 -18.132162
v 2.623361 6.761907 -18.258810
v 2.598228 6.878770 -18.187826
v 2.737998 6.856028 -18.073162
v 2.832290 6.826185 -17.922705
v -0.000002 6.915585 -18.099977
v -0.000002 6.838410 -17.984341
v -0.000002 6.702073 -17.957144
v -0.000002 6.586436 -18.034319
v -0.000002 6.559239 -18.170656
v -0.000002 6.636414 -18.286293
v -0.000002 6.772752 -18.313490
v -0.000002 6.888388 -18.236315
v -0.000000 7.977414 -2.380306
v 1.031776 7.772182 -2.250992
v 1.906475 7.187727 -1.890295
v 2.490930 6.313028 -1.599888
v 0.000000 7.977416 6.266711
v 1.031777 7.772182 6.266711
v 1.906475 7.187728 6.266711
v 2.490931 6.313029 6.266711
v 1.768932 4.368701 -10.875420
v 1.768932 3.769427 -12.322192
v 1.768932 4.368701 -13.768966
v 1.768932 5.032486 -14.212492
v 1.768932 5.815475 -14.368242
v 1.768932 7.262250 -13.768966
v 1.768932 7.705778 -13.105182
v 1.768932 6.598463 -10.431890
v 1.387495 2.723515 -9.879659
v 1.387494 2.375627 -14.244074
v 1.387494 4.742110 -16.113510
v 1.387494 6.888840 -16.113510
v 1.387494 8.907434 -9.879659
v 1.387495 6.888839 -8.530876
v 1.768932 5.815475 -10.276143
v 1.768932 5.032486 -10.431890
v 1.768932 6.598464 -14.212492
v 1.768932 7.861524 -12.322192
v 1.768932 7.705777 -11.539203
v 1.768932 7.262249 -10.875417
v 1.387495 2.375627 -10.400311
v 1.387495 2.024160 -11.248827
v 1.387495 1.901998 -11.862979
v 1.387495 1.901998 -12.781406
v 1.387495 2.024160 -13.395557
v 1.387494 3.372942 -15.414152
v 1.387494 6.274688 -16.235668
v 1.387494 7.737356 -15.762039
v 1.387494 8.258009 -15.414152
v 1.387494 8.907434 -14.764727
v 1.387494 5.356262 -16.235668
v 1.387494 3.893595 -15.762039
v 1.387494 2.723516 -14.764727
v 1.768932 3.925173 -13.105182
v 1.768932 3.925173 -11.539203
v 1.387495 3.372941 -9.230232
v 1.387495 3.893594 -8.882343
v 1.387495 4.742110 -8.530878
v 1.387495 5.356262 -8.408715
v 1.387495 6.274688 -8.408715
v 1.387495 7.737355 -8.882343
v 1.387495 8.258008 -9.230232
v 1.387494 9.255323 -10.400309
v 1.387494 9.728953 -11.862979
v 1.387494 9.606791 -11.248827
v 1.387494 9.728953 -12.781406
v 1.387494 9.606791 -13.395557
v 1.387494 9.255323 -14.244074
v 2.696163 5.281251 -1.557442
v 2.696164 5.281251 6.266710
v -0.000000 2.494621 -2.709540
v 2.786630 5.281251 -1.557442
v 2.574510 4.214853 -1.743587
v 1.970444 3.310805 -2.157272
v 1.066396 2.706740 -2.579175
v 0.000000 2.494621 6.266710
v 2.786631 5.281251 6.266710
v 2.574511 4.214854 6.266710
v 1.970445 3.310806 6.266710
v 1.066396 2.706740 6.266710
v 2.922283 5.272205 3.762703
v 2.881525 5.272459 3.589273
v 2.783127 5.273073 3.517437
v 2.684728 5.273686 3.589273
v 2.684728 5.273686 3.936132
v 2.783127 5.273072 4.007969
v 2.881525 5.272459 3.936132
v 2.703185 6.410117 3.762703
v 2.665483 6.394500 3.589274
v 2.574462 6.356798 3.517437
v 2.483441 6.319096 3.589274
v 2.483441 6.319096 3.936132
v 2.574462 6.356798 4.007969
v 2.665483 6.394500 3.936132
v 2.068928 7.359350 3.762703
v 2.040072 7.330494 3.589274
v 1.970408 7.260829 3.517437
v 1.900743 7.191165 3.589274
v 1.900743 7.191165 3.936133
v 1.970408 7.260829 4.007969
v 2.040072 7.330494 3.936133
v 1.119696 7.993606 3.762703
v 1.104080 7.955904 3.589274
v 1.066378 7.864883 3.517437
v 1.028675 7.773862 3.589274
v 1.028675 7.773862 3.936133
v 1.066378 7.864883 4.007970
v 1.104080 7.955904 3.936133
v 0.000000 8.216328 3.762703
v 0.000000 8.175519 3.589274
v 0.000000 8.076999 3.517437
v 0.000000 7.978478 3.589274
v 0.000000 7.978478 3.936133
v 0.000000 8.076999 4.007970
v 0.000000 8.175519 3.936133
v 0.000000 2.364514 3.762703
v 0.000000 2.405323 3.589273
v 0.000000 2.503843 3.517437
v 0.000000 2.503843 4.007969
v 0.000000 2.405323 3.936132
v 1.119696 2.587236 3.762703
v 1.104080 2.624938 3.589273
v 1.066378 2.715960 3.517437
v 1.066378 2.715960 4.007969
v 1.104080 2.624938 3.936132
v 2.068928 3.221492 3.762703
v 2.040071 3.250348 3.589273
v 1.970407 3.320012 3.517437
v 1.970407 3.320012 4.007969
v 2.040071 3.250348 3.936132
v 2.703185 4.170724 3.762703
v 2.665483 4.186341 3.589273
v 2.574462 4.224043 3.517437
v 2.574462 4.224043 4.007969
v 2.665483 4.186341 3.936132
v 2.922282 5.272205 -0.642882
v 2.881525 5.272460 -0.816312
v 2.783126 5.273073 -0.888149
v 2.684728 5.273686 -0.816312
v 2.684728 5.273686 -0.469453
v 2.783126 5.273073 -0.397616
v 2.881525 5.272460 -0.469453
v 2.703185 6.410117 -0.642882
v 2.665483 6.394501 -0.816312
v 2.574462 6.356798 -0.888148
v 2.483441 6.319096 -0.816312
v 2.483441 6.319096 -0.469453
v 2.574462 6.356798 -0.397616
v 2.665483 6.394501 -0.469453
v 2.068928 7.359350 -0.642882
v 2.040072 7.330494 -0.816311
v 1.970407 7.260829 -0.888148
v 1.900743 7.191165 -0.816311
v 1.900743 7.191165 -0.469453
v 1.970407 7.260829 -0.397616
v 2.040072 7.330494 -0.469453
v 1.119696 7.993607 -0.642882
v 1.104080 7.955904 -0.816311
v 1.066377 7.864883 -0.888148
v 1.028675 7.773862 -0.816311
v 1.028675 7.773862 -0.469452
v 1.066377 7.864883 -0.397615
v 1.104080 7.955904 -0.469452
v -0.000000 8.216329 -0.642882
v -0.000000 8.175520 -0.816311
v -0.000000 8.077000 -0.888148
v -0.000000 7.978479 -0.816311
v -0.000000 7.978479 -0.469452
v -0.000000 8.077000 -0.397615
v -0.000000 8.175520 -0.469452
v -0.000000 2.364515 -0.642882
v -0.000000 2.405323 -0.816312
v -0.000000 2.503844 -0.888149
v -0.000000 2.503844 -0.397616
v -0.000000 2.405323 -0.469453
v 1.119696 2.587236 -0.642883
v 1.104080 2.624939 -0.816312
v 1.066377 2.715960 -0.888149
v 1.066377 2.715960 -0.397616
v 1.104080 2.624939 -0.469453
v 2.068927 3.221492 -0.642883
v 2.040071 3.250348 -0.816312
v 1.970407 3.320012 -0.888149
v 1.970407 3.320012 -0.397616
v 2.040071 3.250348 -0.469453
v 2.703184 4.170724 -0.642882
v 2.665482 4.186341 -0.816312
v 2.574461 4.224043 -0.888149
v 2.574461 4.224043 -0.397616
v 2.665482 4.186341 -0.469453
v 2.922283 5.272205 1.521206
v 2.881525 5.272459 1.347777
v 2.783127 5.273073 1.275940
v 2.684728 5.273686 1.347777
v 2.684728 5.273686 1.694636
v 2.783127 5.273073 1.766473
v 2.881525 5.272459 1.694636
v 2.703185 6.410117 1.521207
v 2.665483 6.394500 1.347777
v 2.574462 6.356798 1.275940
v 2.483441 6.319096 1.347777
v 2.483441 6.319096 1.694636
v 2.574462 6.356798 1.766473
v 2.665483 6.394500 1.694636
v 2.068928 7.359350 1.521207
v 2.040072 7.330494 1.347777
v 1.970408 7.260829 1.275941
v 1.900743 7.191165 1.347777
v 1.900743 7.191165 1.694636
v 1.970408 7.260829 1.766473
v 2.040072 7.330494 1.694636
v 1.119696 7.993607 1.521207
v 1.104080 7.955904 1.347777
v 1.066378 7.864883 1.275941
v 1.028675 7.773862 1.347777
v 1.028675 7.773862 1.694636
v 1.066378 7.864883 1.766473
v 1.104080 7.955904 1.694636
v -0.000000 8.216329 1.521207
v -0.000000 8.175520 1.347778
v -0.000000 8.077000 1.275941
v -0.000000 7.978479 1.347778
v -0.000000 7.978479 1.694637
v -0.000000 8.077000 1.766473
v -0.000000 8.175520 1.694637
v -0.000000 2.364515 1.521206
v -0.000000 2.405323 1.347777
v -0.000000 2.503844 1.275940
v -0.000000 2.503844 1.766473
v -0.000000 2.405323 1.694636
v 1.119696 2.587236 1.521206
v 1.104080 2.624939 1.347777
v 1.066378 2.715960 1.275940
v 1.066378 2.715960 1.766473
v 1.104080 2.624939 1.694636
v 2.068927 3.221492 1.521206
v 2.040071 3.250348 1.347777
v 1.970407 3.320012 1.275940
v 1.970407 3.320012 1.766473
v 2.040071 3.250348 1.694636
v 2.703185 4.170724 1.521206
v 2.665482 4.186341 1.347777
v 2.574461 4.224043 1.275940
v 2.574461 4.224043 1.766473
v 2.665482 4.186341 1.694636
v 1.748082 2.895531 -11.768650
v 0.968063 -6.492386 -13.063898
v 0.968063 -3.932802 -12.144052
v 0.966713 -9.994806 -6.717840
v 1.453024 0.306395 -10.170509
v 0.988140 -0.445543 -5.996208
v 1.748083 2.173268 -4.634076
v 0.968063 -7.467654 -7.973786
v 1.424234 -6.585095 -12.586004
v 0.968063 -4.980424 -7.539324
v 1.424234 -4.040472 -11.670925
v 1.424235 -7.963316 -7.538562
v 0.968063 -7.953301 -7.230410
v 0.968063 -10.589670 -10.207871
v 0.968063 -10.827724 -8.227457
v 1.255251 -9.819731 -6.932496
v 1.255251 -10.411638 -7.516775
v 0.966713 -10.378183 -7.083164
v 0.968063 -5.026765 -12.555153
v 1.424235 -5.975072 -8.216100
v 0.968063 -6.075288 -7.758574
v 0.968063 -6.943377 -7.926380
v 1.424235 -6.846179 -8.385733
v 0.968064 -1.383101 -6.335008
v 0.968064 -2.278148 -6.637017
v 0.968064 -4.068838 -7.241238
v 1.424234 -0.586433 -10.418654
v 0.968063 -2.203511 -11.516439
v 0.968063 -3.058922 -11.826436
v 1.424235 -3.968409 -7.697483
v 0.968063 -3.173394 -6.939095
v 2.600403 2.338874 -6.271213
v 1.558998 -7.044464 -9.327620
v 1.558997 -6.239078 -11.778587
v 1.438617 -1.181645 -7.367599
v 1.438617 -2.067991 -7.670069
v 1.438617 -2.383226 -10.667875
v 1.558998 -0.094653 -9.537659
v 1.558997 -4.437604 -11.094858
v 1.558997 -5.034567 -11.304194
v 1.558998 -4.420073 -8.790767
v 1.558998 -9.267466 -7.608763
v 1.558997 -8.432367 -11.215806
v 1.558998 -9.882479 -9.667397
v 1.558997 -6.979454 -11.834454
v 1.558997 -7.786823 -11.730277
v 0.000000 2.508654 4.433689
v 1.507885 2.409557 4.433689
v 1.985537 2.417531 0.107641
v 1.051830 1.406910 4.433689
v 1.426126 1.080993 0.107641
v 0.000000 0.971228 4.433689
v 1.590365 0.868375 2.429824
v 2.134203 2.413680 3.351161
v 1.495911 0.962828 3.351161
v 0.000000 0.343202 3.351161
v 2.548093 2.417783 2.338538
v 1.789778 0.668962 2.338538
v 0.000000 -0.072388 2.407941
v 2.515779 2.418415 0.925016
v 1.838210 0.721076 0.925016
v 1.544382 2.421402 -1.363063
v 1.081107 1.377633 -1.363063
v -0.000000 0.956175 -2.099373
v 0.605117 1.853623 -2.460295
v -0.000000 1.602975 -2.460295
v -0.000000 0.962872 -2.397484
v 0.854929 2.436029 -3.830775
v 0.597874 1.860867 -3.830775
v -0.000001 1.613219 -3.830775
v 0.635145 0.623125 0.162519
v -0.000000 0.609973 -0.407996
v 1.109462 0.300508 0.931989
v 1.331689 2.445684 -3.985060
v 0.937822 1.503978 -3.985060
v -0.000001 1.041846 -4.040541
v 1.350642 2.418745 -4.994775
v 0.949950 1.167382 -5.184273
v -0.000001 -0.109762 -5.839582
v 1.364258 2.916135 4.433689
v 1.736426 3.183973 0.107640
v 1.970167 3.320359 2.429824
v 1.865720 3.247401 3.351161
v 2.127665 3.573438 0.925017
v 1.379602 2.948362 -1.363063
v 0.770128 2.710645 -3.830775
v 2.592762 2.231928 -5.563021
v 1.453024 -0.361496 -6.457795
v 2.592762 2.840684 -10.815454
v 1.424235 -4.876796 -7.994623
v 1.424235 -7.377920 -8.424400
v 1.424234 -8.155758 -12.361932
v 1.424234 -10.404612 -9.930121
v 1.424235 -8.596615 -7.077770
v 1.413415 -9.411720 -6.905413
v 1.424234 -5.130883 -12.079824
v 1.424234 -5.997054 -12.405210
v 1.424235 -1.293545 -6.794422
v 1.424235 -2.184968 -7.095375
v 1.424235 -3.076590 -7.396396
v 1.424234 -3.163303 -11.352215
v 1.424234 -2.304154 -11.040958
v 1.424234 -1.445198 -10.729773
v 0.265779 -8.675165 -6.829937
v 0.265779 -9.093252 -6.751160
v 0.968063 -5.896079 -12.882395
v 0.968063 -1.348290 -11.206512
v 0.968063 -0.493258 -10.896657
v 0.988139 0.393553 -10.648433
v 0.968063 -8.173283 -12.827282
v 2.267621 2.414065 2.429824
v 0.000000 0.209624 2.429824
v 2.153606 3.588192 2.338538
v 1.511335 2.421402 -2.397484
v 1.057739 1.401002 -2.397484
v 1.353906 2.930613 -2.397484
v 0.865239 2.435869 -2.460295
v 0.787899 2.693124 -2.460295
v 1.558998 -0.486858 -7.445000
v 1.558998 -0.473588 -9.673619
v 1.558998 -0.880505 -7.579718
v 1.438617 -7.989912 -8.305177
v 1.438617 -8.889669 -7.523238
v 1.438617 -5.846769 -8.826639
v 1.558998 -6.819593 -9.287807
v 1.558998 -3.135195 -8.351117
v 1.558998 -3.532798 -8.487189
v 1.558998 -2.251359 -8.048717
v 1.558998 -5.524391 -9.070286
v 1.558998 -4.019322 -8.653616
v 1.558998 -9.580326 -7.391456
v 1.558998 -7.443559 -9.311020
v 1.457176 -0.272780 -7.062508
v 2.600403 2.765847 -10.486721
v 1.457176 0.217099 -9.772740
v 1.438617 -4.121060 -11.293337
v 1.558998 -2.685034 -10.467486
v 1.558998 -3.067909 -10.604860
v 1.558998 -1.820570 -10.157183
v 1.558997 -5.926593 -11.618249
v 1.558998 -3.935729 -10.916368
v 1.558998 -10.173893 -8.885075
v 1.558998 -1.367552 -7.746325
v 1.558998 -0.956104 -9.846880
v 1.558998 -1.338221 -9.983982
v 1.558998 -1.764425 -7.882148
v 1.438617 -0.658800 -10.047391
v 1.438617 -1.520950 -10.357612
v 1.558998 -2.648611 -8.184669
v 1.558998 -2.203079 -10.294426
v 1.438617 -2.954472 -7.972584
v 1.438617 -3.245628 -10.978188
v 1.438617 -3.841085 -8.275144
v 1.558998 -3.549751 -10.777881
v 1.558998 -4.929673 -8.933366
v 1.438617 -4.740239 -8.575370
v 1.558998 -6.037212 -9.186959
v 1.558998 -6.422607 -9.275549
v 1.558997 -5.537694 -11.481670
v 1.438617 -5.221843 -11.687314
v 1.558997 -6.610032 -11.863426
v 1.438617 -8.121855 -11.902984
v 1.413415 -10.637472 -8.189477
v 1.438617 -10.248327 -9.610695
v 1.558998 -8.846315 -7.927790
v 1.558998 -8.254314 -8.461421
v 1.558998 -7.762876 -9.006837
v 1.558998 -10.278008 -8.130037
v -0.000001 10.250294 -11.492068
v -0.000001 10.479623 -10.924524
v -0.000001 9.815234 -7.131350
v -0.000001 9.555191 -6.372713
v -0.000001 9.179903 -5.534293
v -0.000001 8.127732 -8.070652
v 1.778772 8.127732 -8.070651
v 1.778772 8.127732 -7.131350
v 1.778772 8.127732 -6.372713
v 1.778772 8.127732 -5.534293
v 1.778772 8.127732 -4.010305
v 1.778772 8.127732 -3.827901
v -0.000000 8.343715 -3.468194
v 1.778772 8.343715 -3.827901
v 1.778772 8.225430 -4.010305
v 1.778772 9.555191 -6.372714
v 1.778772 9.815234 -7.131350
v 1.778772 10.004355 -7.889984
v 1.778772 9.957096 -10.636156
v 1.778772 9.321892 -9.407255
v 1.778772 9.684454 -10.924524
v 1.778772 10.282129 -9.407255
v 1.778772 9.179903 -5.534293
v 1.778772 9.863141 -11.492068
v 1.778772 10.479623 -10.924524
v 1.778772 10.250294 -11.492068
v 1.778772 8.127732 -3.338172
v 1.778772 8.343715 -3.468194
v 1.572281 3.884189 -7.182654
v 1.572281 1.587773 -9.479071
v 1.572280 7.131812 -15.023109
v 1.572280 8.508413 -14.103294
v 1.572280 9.428228 -9.479069
v 3.628825 3.884190 -7.182654
v 3.628825 2.507589 -8.102469
v 3.628825 1.264777 -11.102881
v 3.628825 5.508001 -15.346106
v 3.628824 8.508413 -14.103294
v 3.628825 9.428228 -9.479069
v 3.628825 8.508413 -8.102468
v 3.628825 7.131811 -7.182653
v 3.628825 5.508001 -6.859658
v 1.925610 1.784073 -13.020476
v 3.628825 7.131812 -15.023109
v 1.919188 8.145664 -14.236679
v 3.628824 9.751226 -11.102881
v 1.664278 5.646103 -10.868388
v 1.664278 5.290674 -10.939086
v 1.664278 4.989357 -11.140421
v 1.664278 4.788023 -11.441738
v 1.664278 4.717324 -11.797166
v 1.664277 4.989357 -12.453913
v 1.664277 5.646102 -12.725945
v 1.664277 6.001531 -12.655246
v 1.664278 6.504182 -11.441738
v 1.664278 6.302848 -11.140421
v 1.664278 6.001530 -10.939086
v 1.741616 4.946390 -12.389607
v 1.741616 5.366527 -12.670334
v 1.741616 5.570250 -12.710856
v 1.741616 6.238544 -12.496879
v 1.741616 6.519270 -12.076741
v 4.636644 4.934679 -9.652579
v 4.636646 3.830727 -11.304760
v 4.636644 4.354510 -12.569283
v 4.636644 6.303390 -12.956940
v 4.636644 5.619034 -13.093066
v 4.636644 7.271214 -11.989115
v 4.636644 7.271214 -10.620404
v 4.636645 6.303388 -9.652578
v 4.636645 5.619035 -9.516452
v 4.347934 5.834362 -8.704809
v 4.207090 3.910200 -9.595924
v 4.207092 3.202377 -11.304760
v 4.207091 3.386334 -12.229574
v 4.188765 5.800357 -13.903251
v 4.285007 6.629467 -13.744177
v 4.336695 7.486131 -13.171833
v 4.337893 8.058769 -12.315294
v 4.339772 8.260192 -11.304716
v 4.341932 8.059557 -10.293816
v 4.344001 7.487215 -9.436527
v 4.345700 6.630201 -8.863514
v 3.920049 2.755543 -8.366484
v 3.920049 1.905724 -9.638327
v 3.628825 1.587774 -9.479071
v 3.920049 1.905724 -12.638812
v 4.057432 6.942254 -14.553757
v 3.992409 5.800890 -14.786152
v 4.150727 8.141453 -13.752418
v 4.149528 8.942499 -12.553093
v 4.147650 9.223452 -11.138613
v 4.145489 8.941711 -9.724456
v 4.143420 8.140368 -8.525880
v 4.141723 6.941516 -7.725208
v 4.387232 6.543849 -13.537459
v 4.207091 5.619034 -13.721416
v 4.387232 7.327868 -13.013595
v 4.387232 7.851733 -12.229574
v 4.387232 8.035690 -11.304759
v 4.387232 7.851733 -10.379945
v 4.387232 7.327868 -9.595924
v 4.387232 6.543847 -9.072060
v 4.387232 5.619034 -8.888103
v 4.100190 7.027872 -14.760475
v 4.100189 8.299715 -13.910656
v 4.100189 9.149535 -12.638812
v 4.100190 9.447952 -11.138569
v 4.100190 9.149535 -9.638327
v 4.100190 8.299715 -8.366483
v 4.100190 7.027870 -7.516664
v 4.100190 5.527630 -7.218248
v 4.094149 7.454749 -13.169147
v 4.095347 8.027388 -12.312606
v 3.906983 8.911118 -12.550406
v 3.905104 9.192068 -11.135924
v 4.101456 7.455832 -9.433839
v 4.636644 4.354511 -10.040236
v 4.636646 3.966854 -10.620404
v 4.636645 3.966853 -11.989115
v 4.636644 4.934679 -12.956940
v 4.636644 6.883557 -12.569283
v 4.636645 7.407341 -11.304760
v 4.636644 6.883557 -10.040235
v 3.899177 6.910134 -7.722522
v 3.900874 8.108986 -8.523192
v 3.908181 8.110071 -13.749730
v 4.097226 8.228810 -11.302029
v 4.207090 4.694219 -9.072060
v 4.169829 3.160679 -10.451820
v 4.169829 3.027733 -11.120185
v 4.167149 3.276975 -12.431196
v 4.167149 3.657351 -13.000469
v 4.164184 4.764268 -13.754036
v 4.164184 5.441763 -13.888798
v 4.093919 6.598084 -13.741489
v 4.099387 8.028175 -10.291128
v 4.103154 6.598819 -8.860826
v 4.095907 5.800623 -13.900564
v 4.105388 5.802979 -8.702121
v 3.920049 4.027387 -7.516665
v 3.962983 2.093734 -9.917402
v 3.962983 1.878307 -11.000426
v 3.965662 2.237671 -12.718457
v 3.965662 2.846848 -13.630155
v 3.968626 4.309965 -14.587259
v 3.968626 5.379491 -14.799999
v 3.908412 6.910872 -14.551071
v 3.902943 8.910329 -9.721768
v 3.906423 5.800890 -14.786152
v 4.139488 5.767984 -7.492183
v 3.896943 5.736603 -7.489495
v 1.572281 2.507588 -8.102469
v 1.572281 5.508001 -6.859658
v 1.572281 1.264776 -11.102881
v 1.572280 2.507588 -14.103294
v 1.572280 9.751225 -11.102881
v 1.572281 8.508412 -8.102468
v 1.572281 7.131810 -7.182653
v 1.919188 4.270369 -15.007523
v 1.919188 5.175727 -15.187609
v 1.919188 7.378139 -14.749525
v 1.919188 9.393232 -12.369565
v 1.919188 9.573318 -11.464204
v 1.664277 5.290675 -12.655246
v 3.628825 3.884190 -15.023109
v 1.572280 5.508000 -15.346106
v 1.572280 3.884189 -15.023109
v 1.572281 1.587773 -12.726693
v 3.628825 2.507589 -14.103294
v 1.664278 4.788023 -12.152596
v 3.628825 1.587774 -12.726693
v 1.925610 2.311289 -13.809511
v 1.741616 4.830990 -12.216899
v 1.741616 6.065835 -12.612279
v 1.664277 6.302848 -12.453913
v 1.572280 9.428228 -12.726693
v 3.628824 9.428229 -12.726693
v 1.664278 6.504182 -12.152596
v 1.664278 6.574882 -11.797166
v 1.741616 6.559793 -11.873018
v 3.708438 1.821985 -10.150176
v 2.553434 8.127733 -8.306528
v 3.434984 2.050722 -3.240561
v 3.048738 8.014589 -2.559428
v 3.285753 7.300180 -2.104497
v 3.607521 6.318090 -1.785387
v 4.230190 5.043814 -1.692854
v 2.802776 7.300168 -7.754189
v 3.125915 6.318071 -7.456518
v 2.819520 7.300180 -1.900976
v 3.224407 6.318090 -1.581865
v 3.070846 8.014592 -7.023348
v 4.037366 2.066083 -8.508729
v 3.274240 7.300169 -6.581964
v 3.539801 6.318073 -6.281404
v 4.230190 5.043814 -6.865678
v 4.230840 4.463898 -1.833853
v 4.230628 4.652793 -1.787925
v 4.350797 4.558345 -1.687674
v 3.787653 4.652784 -1.584406
v -0.000000 4.463907 -1.630328
v -0.000000 4.558345 -1.477128
v 4.230544 4.652794 -7.145847
v 4.230715 4.463898 -7.281193
v 4.350690 4.558346 -7.276768
v 4.231454 3.677287 -2.066992
v 4.231495 3.878790 -1.976114
v 4.351529 3.777235 -1.886487
v 3.648394 3.776733 -9.255809
v 3.787653 3.677257 -1.863490
v 3.802705 3.776385 -1.671658
v 4.231246 3.878792 -7.700428
v 4.351235 3.778075 -7.827734
v 3.665254 2.875525 -9.644582
v 3.672737 2.973850 -9.704760
v 4.230286 3.073618 -8.092692
v 4.349882 2.974138 -8.207026
v 4.350088 2.974076 -2.408654
v 3.787653 3.073647 -2.265505
v 3.802489 2.974012 -2.197539
v 3.637627 4.652773 -8.455289
v -0.000000 4.652784 -1.584405
v 3.637627 4.463919 -8.604536
v 3.640572 3.678413 -9.202405
v 4.231191 3.677289 -7.820506
v 4.230484 3.073617 -2.469043
v 4.230039 2.874650 -8.192633
v 4.230150 2.874650 -2.607632
v 3.737860 5.501153 -1.685898
v -0.000000 5.501153 -1.482376
v 3.388416 5.501153 -1.482376
v 3.656828 5.501152 -6.184836
v 2.547022 8.127731 -7.136415
v 3.608880 1.821984 -8.655661
v 3.647565 4.558346 -8.638593
v 3.802769 4.558345 -1.477128
v 3.787653 2.874615 -2.404137
v 3.787653 4.463907 -1.630329
v 3.787653 3.878780 -1.772595
v 2.521281 8.127729 -2.468975
v 3.637627 5.043814 -8.146260
v 3.270562 5.501151 -7.360407
v 3.787653 5.043814 -1.489332
v 3.659206 3.072187 -9.536232
v 3.637627 3.878769 -9.066966
v 2.996384 1.779360 -3.290634
v -0.000001 8.127733 -8.306528
v -0.000000 7.300180 -1.900975
v -0.000000 6.318090 -1.581865
v -0.000000 5.043814 -1.489332
v -0.000000 2.874615 -2.404136
v -0.000000 8.127729 -2.468975
v -0.000001 1.821984 -8.640814
v -0.000001 8.127731 -7.136415
v -0.000000 3.878780 -1.772594
v -0.000000 3.677257 -1.863490
v -0.000000 3.776385 -1.671657
v -0.000000 2.974012 -2.197539
v -0.000000 3.073646 -2.265504
v -0.000000 1.779360 -3.240939
v -0.000001 1.821985 -10.136978
v 4.207091 4.694220 -13.537459
v 4.207091 3.910200 -13.013593
v 4.207092 3.386334 -10.379945
v 3.920049 1.607307 -11.138570
v 3.920048 2.755543 -13.910656
v 3.920048 4.027388 -14.760475
v 3.920048 5.527629 -15.058891
v 3.994627 5.448905 -13.852897
v 3.994627 4.771409 -13.718135
v 3.996951 3.685204 -12.981858
v 3.996951 3.304827 -12.412585
v 3.999102 3.057832 -11.126172
v 3.999102 3.190779 -10.457808
v 3.792256 2.123833 -9.923389
v 3.792256 1.908406 -11.006413
v 3.795463 2.265523 -12.699846
v 3.795463 2.874701 -13.611544
v 3.799069 4.317106 -14.551357
v 3.799069 5.386632 -14.764099
v 0.980071 -9.305153 -6.711152
v 0.980071 -8.463171 -6.869802
v 0.968478 -2.215033 -0.027658
v 0.826874 -4.309476 -0.744240
v 0.685205 -6.031046 -1.501695
v 0.544071 -7.397765 -2.585951
v 0.404080 -8.407190 -4.253983
v 0.573212 -1.960807 -0.750461
v 0.510674 -4.062929 -1.397310
v 0.448122 -5.712818 -2.045329
v 0.386090 -6.980687 -2.962306
v 0.325106 -7.955554 -4.453160
v -0.000001 -8.675341 -6.830191
v -0.000001 -7.955677 -4.453306
v -0.000000 -6.980670 -2.962288
v -0.000000 -5.712627 -2.045205
v -0.000000 -4.062669 -1.446312
v -0.000000 -1.960629 -0.871382
v -0.000001 -9.093412 -6.751415
v -0.000000 -0.143078 1.921002
v -0.000001 -8.564966 -4.196420
v -0.000000 -7.576032 -2.450009
v -0.000000 -6.191780 -1.278323
v -0.000000 -4.449229 -0.459742
v -0.000000 -2.296153 0.730630
v -0.000001 2.895412 -11.767473
v -0.000001 -6.492558 -13.063070
v -0.000001 -3.932991 -12.143229
v -0.000001 -6.943215 -7.927148
v -0.000001 -2.277991 -6.637790
v -0.000001 2.173389 -4.635277
v -0.000001 -0.445399 -5.996984
v -0.000001 0.393397 -10.647599
v -0.000001 -7.467495 -7.974554
v -0.000001 -4.980249 -7.540090
v -0.000001 -7.953314 -7.230884
v -0.000001 -8.173260 -12.826465
v -0.000001 -10.589336 -10.207391
v -0.000001 -10.827364 -8.227367
v -0.000001 -6.075120 -7.759341
v -0.000001 -5.026946 -12.554328
v -0.000001 -5.896252 -12.881569
v -0.000001 -0.493421 -10.895825
v -0.000001 -1.348458 -11.205685
v -0.000001 -2.203685 -11.515614
v -0.000001 -3.059104 -11.825612
v -0.000001 -1.382950 -6.335782
v -0.000001 -3.173231 -6.939864
v -0.000001 -4.068669 -7.242005
v -0.000001 -9.305357 -6.711479
v -0.000001 -10.378263 -7.083980
v -0.000001 -9.994467 -6.718225
v -0.000001 -8.463398 -6.870127
v -0.000001 7.861524 -12.322192
v -0.000001 7.705777 -11.539203
v -0.000001 2.024160 -11.248827
v -0.000002 7.737355 -15.762039
v -0.000002 8.258009 -15.414152
v -0.000001 8.907434 -14.764727
v -0.000001 3.925173 -11.539203
v -0.000001 6.274688 -8.408715
v -0.000001 5.815475 -10.276143
v -0.000001 5.032486 -10.431890
v -0.000001 4.368701 -13.768966
v -0.000001 5.032486 -14.212492
v -0.000001 5.815475 -14.368242
v -0.000001 6.598464 -14.212492
v -0.000001 7.705778 -13.105182
v -0.000001 7.262249 -10.875417
v -0.000001 6.598463 -10.431890
v -0.000001 2.723515 -9.879659
v -0.000001 2.375627 -10.400311
v -0.000001 1.901998 -11.862979
v -0.000001 1.901998 -12.781406
v -0.000001 2.024160 -13.395557
v -0.000002 3.372941 -15.414152
v -0.000002 6.888840 -16.113510
v -0.000001 8.907434 -9.879659
v -0.000001 6.888839 -8.530876
v -0.000002 3.893594 -15.762039
v -0.000001 2.723516 -14.764727
v -0.000001 5.356261 -8.408715
v -0.000001 4.742110 -8.530878
v -0.000001 9.728953 -11.862979
v -0.000001 9.728953 -12.781406
v -0.000001 9.606791 -13.395557
v -0.000001 9.255323 -14.244074
v -0.000001 2.375627 -14.244074
v -0.000002 6.274688 -16.235668
v -0.000001 3.372941 -9.230232
v -0.000001 7.737355 -8.882343
v -0.000001 3.769427 -12.322192
v -0.000001 9.255323 -10.400309
v -0.000001 7.262249 -13.768966
v -0.000001 4.368701 -10.875420
v -0.000001 3.925173 -13.105182
v -0.000001 3.893594 -8.882343
v -0.000002 4.742110 -16.113510
v -0.000002 5.356261 -16.235668
v -0.000001 9.606791 -11.248827
v -0.000001 8.258008 -9.230232
v 1.434144 -6.702918 -9.031423
v 1.434144 -7.258897 -9.098158
v 1.434144 -6.080552 -11.977829
v 1.434144 -6.670775 -12.150306
v 0.623956 2.605602 6.377690
v 0.623956 2.651571 6.266710
v 0.623956 2.605602 6.155730
v 0.623956 2.494622 6.109761
v 0.623956 2.383641 6.155730
v 0.623956 2.337672 6.266710
v 0.623956 2.383641 6.377690
v 0.623956 2.494622 6.423659
v 0.693244 2.494622 6.266710
v 4.636644 5.533696 -10.442911
v 4.818853 5.648460 -10.803621
v 4.636644 5.202161 -10.531744
v 4.818853 5.397891 -10.870759
v 4.636644 4.875446 -10.858460
v 4.818853 5.214461 -11.054192
v 4.636644 4.755861 -11.304763
v 4.818853 5.147321 -11.304763
v 4.636644 4.875447 -11.751060
v 4.818853 5.214461 -11.555330
v 4.636644 5.202161 -12.077771
v 4.818852 5.397891 -11.738758
v 4.636644 5.533696 -12.166606
v 4.818852 5.648460 -11.805899
v 4.818852 5.899030 -11.738758
v 4.818853 6.082460 -11.555330
v 4.741901 5.648460 -11.304760
v 4.818853 6.149600 -11.304763
v 4.636644 5.899031 -10.870759
v 4.818853 6.082460 -11.054192
v 4.636644 6.082460 -11.054192
v 4.818853 5.899031 -10.870759
v 4.818853 5.533695 -10.442911
v 4.818853 5.202160 -10.531744
v 4.818853 4.875446 -10.858460
v 4.818853 4.755860 -11.304763
v 4.818852 4.875446 -11.751060
v 4.818852 5.202160 -12.077771
v 4.818852 5.533695 -12.166606
v 4.636644 6.149600 -11.304763
v 4.636644 6.082460 -11.555330
v 4.636643 5.899030 -11.738758
v 4.636643 5.648460 -11.805899
v 4.636644 5.648460 -10.803621
v -1.080186 7.890241 6.266711
v -1.995925 7.278364 6.266711
v -2.607803 6.362625 6.266711
v -2.822665 5.344931 6.266711
v -2.917377 5.282437 6.266711
v -2.695305 4.166004 6.266710
v -2.062896 3.219539 6.266710
v -1.116430 2.587131 6.266710
v 0.000000 8.105103 6.266711
v 1.080187 7.890241 6.266711
v 1.995926 7.278364 6.266711
v 2.607804 6.362625 6.266711
v 2.822666 5.344931 6.266710
v 0.000000 2.365059 6.266710
v 2.917378 5.282437 6.266710
v 2.695306 4.166004 6.266710
v 2.062897 3.219539 6.266710
v 1.116431 2.587131 6.266710
v -1.080187 7.890242 6.382946
v -1.995926 7.278365 6.382946
v -2.607804 6.362626 6.382947
v -2.822666 5.344931 6.382947
v -2.917378 5.282437 6.382947
v -2.695306 4.166004 6.382946
v -2.062897 3.219538 6.382946
v -1.116431 2.587130 6.382946
v 0.000000 8.105104 6.382947
v 1.080188 7.890242 6.382946
v 1.995927 7.278365 6.382946
v 2.607805 6.362626 6.382946
v 2.822667 5.344931 6.382946
v 0.000000 2.365058 6.382946
v 2.917379 5.282437 6.382946
v 2.695307 4.166004 6.382946
v 2.062898 3.219538 6.382946
v 1.116431 2.587130 6.382946
v -1.008889 7.716366 6.374971
v -1.864183 7.144876 6.374971
v -2.435674 6.289581 6.374971
v -2.636354 5.280691 6.374971
v -2.528222 5.147707 6.374962
v -2.517400 4.237948 6.374971
v -1.926734 3.353956 6.374970
v -1.042740 2.763290 6.374970
v 0.000000 7.917047 6.374971
v 1.008889 7.716366 6.374971
v 1.864184 7.144876 6.374971
v 2.435675 6.289581 6.374971
v 2.636355 5.280691 6.374971
v 0.000000 2.555876 6.374970
v 2.528223 5.147707 6.374962
v 2.517401 4.237948 6.374971
v 1.926734 3.353956 6.374970
v 1.042741 2.763290 6.374970
v -0.830437 7.278562 4.394163
v -1.534448 6.808157 4.394163
v -2.004853 6.104146 4.394163
v -2.170037 5.273707 4.394163
v -2.081032 5.164246 4.453259
v -2.072124 4.415405 4.394163
v -1.585935 3.687772 4.394163
v -0.858301 3.201583 4.394163
v 0.000000 7.443746 4.394163
v 0.830437 7.278562 4.394163
v 1.534449 6.808157 4.394163
v 2.004854 6.104146 4.394163
v 2.170038 5.273707 4.394163
v 0.000000 3.030856 4.394163
v 2.081032 5.164246 4.453259
v 2.072124 4.415405 4.394163
v 1.585935 3.687772 4.394163
v 0.858301 3.201583 4.394163
v 0.000000 5.241209 3.182850
v -2.507286 6.283821 6.222600
v 0.000000 2.531398 6.249775
v 1.031777 7.772189 6.236913
v 1.918994 7.164265 6.222600
v 2.713867 5.245267 6.222600
v 2.507287 4.206715 6.249775
v 1.918994 3.326271 6.249775
v 1.038551 2.737979 6.249775
v 2.507287 6.283821 6.222600
v 0.000000 5.232294 7.297050
v 0.000000 7.868017 6.236914
v 2.531936 2.418098 1.631777
v 1.813994 0.695019 1.631777
v 2.140635 3.580814 1.631778
v -2.531936 2.418098 1.631778
v -1.813994 0.695019 1.631778
v -2.140635 3.580814 1.631778
vn -1.0000 -0.0000 -0.0000
vn 1.0000 -0.0000 -0.0000
vn -0.0000 -0.0000 1.0000
vn -0.7236 -0.5257 0.4472
vn 0.2764 -0.8507 0.4472
vn -0.7236 0.5257 0.4472
vn 0.8944 -0.0000 0.4472
vn 0.2764 0.8507 0.4472
vn -0.8944 -0.0000 -0.4472
vn -0.2764 -0.8507 -0.4472
vn 0.7236 -0.5257 -0.4472
vn 0.7236 0.5257 -0.4472
vn -0.2764 0.8507 -0.4472
vn -0.0000 -0.0000 -1.0000
vn -0.0000 0.9965 0.0833
vn -0.3324 0.9367 0.1101
vn -0.3704 0.8766 0.3071
vn -0.0000 0.9483 0.3174
vn -0.6972 0.7103 0.0966
vn -0.6807 0.6716 0.2927
vn -0.9979 0.0021 0.0652
vn -0.9199 -0.3846 0.0761
vn -0.8866 -0.3630 0.2865
vn -0.9592 0.0002 0.2827
vn -0.6964 -0.7103 0.1025
vn -0.6803 -0.6707 0.2955
vn -0.3647 -0.9196 0.1458
vn -0.0000 -0.9854 0.1701
vn -0.0000 -0.9475 0.3198
vn -0.3699 -0.8758 0.3099
vn -0.5516 -0.5541 0.6234
vn -0.3354 -0.3354 0.8804
vn -0.4404 -0.1824 0.8791
vn -0.7197 -0.2992 0.6265
vn -0.8869 0.3636 0.2849
vn -0.7197 0.2992 0.6265
vn -0.5516 0.5541 0.6234
vn -0.0000 -0.7889 0.6145
vn -0.2973 -0.7277 0.6182
vn -0.2973 0.7277 0.6182
vn -0.0000 0.7889 0.6145
vn -0.7786 -0.0000 0.6275
vn -0.1824 -0.4404 0.8791
vn -0.0000 -0.4743 0.8804
vn -0.1817 0.4399 0.8795
vn -0.0000 0.4734 0.8809
vn -0.3351 0.3354 0.8805
vn -0.4404 0.1824 0.8791
vn -0.4743 -0.0000 0.8804
vn -0.6539 -0.0000 0.7566
vn -0.4623 -0.4623 0.7566
vn -0.4623 0.4623 0.7566
vn -0.0000 0.6539 0.7566
vn -0.0000 -0.6539 0.7566
vn -0.0000 -0.9352 0.3540
vn 0.6582 -0.6672 0.3488
vn 0.6622 -0.6632 0.3487
vn -0.7071 0.7071 -0.0000
vn 1.0000 -0.0000 0.0097
vn 0.7071 -0.7071 0.0097
vn -0.1243 0.1243 0.9844
vn -0.1758 -0.0000 0.9844
vn -0.7071 0.7071 0.0069
vn -1.0000 -0.0000 0.0069
vn -0.1261 0.1261 -0.9840
vn -0.1783 -0.0000 -0.9840
vn -0.0000 -1.0000 0.0097
vn -0.0000 0.1758 0.9844
vn -0.0000 1.0000 0.0069
vn -0.0000 0.1783 -0.9840
vn 0.7071 0.7071 0.0097
vn -0.1243 -0.1243 0.9844
vn -0.7071 -0.7071 0.0069
vn -0.1261 -0.1261 -0.9840
vn -0.0000 -0.1783 -0.9840
vn -0.0000 1.0000 0.0097
vn -0.0000 -1.0000 0.0069
vn -0.0000 -0.1758 0.9844
vn -0.9195 0.3864 0.0728
vn -0.0000 1.0000 -0.0000
vn -0.0000 0.9671 0.2543
vn -0.0000 0.7071 -0.7071
vn -0.0000 -0.3709 -0.9287
vn -0.0000 0.8149 0.5795
vn -0.0000 -0.4722 -0.8815
vn -0.0000 -0.3187 -0.9478
vn -0.0000 -0.4123 -0.9110
vn -0.2207 -0.0000 -0.9753
vn -0.1560 -0.1560 -0.9753
vn -0.0000 0.9784 -0.2069
vn -0.6918 0.6918 -0.2069
vn -0.9784 -0.0000 -0.2069
vn -0.6918 -0.6918 -0.2069
vn -0.0000 -0.9784 -0.2069
vn -0.2106 0.0872 0.9737
vn -0.1561 0.1571 0.9752
vn -0.0854 0.2096 0.9741
vn -0.0000 0.2197 0.9756
vn -0.0000 -0.2219 0.9751
vn -0.0872 -0.2106 0.9737
vn -0.1569 -0.1569 0.9751
vn -0.2106 -0.0872 0.9737
vn -0.2219 -0.0000 0.9751
vn 0.0044 -0.0019 -1.0000
vn 0.0137 -0.0128 -0.9998
vn 0.0127 -0.0116 -0.9999
vn 0.0044 -0.0017 -1.0000
vn -0.0040 -0.0039 -1.0000
vn -0.0013 -0.0156 -0.9999
vn -0.0018 -0.0136 -0.9999
vn -0.0039 -0.0040 -1.0000
vn -0.0033 -0.0122 -0.9999
vn 0.0013 -0.0156 -0.9999
vn 0.0018 -0.0136 -0.9999
vn -0.0030 -0.0144 -0.9999
vn -0.7273 -0.1365 -0.6726
vn 0.9399 -0.0000 0.3413
vn -0.0000 0.2251 0.9743
vn -0.1539 0.1541 0.9760
vn -0.1500 0.1583 0.9759
vn -0.0000 0.9068 0.4215
vn -0.0000 0.9890 0.1476
vn -0.0000 0.0067 1.0000
vn -0.9999 0.0074 0.0075
vn -1.0000 0.0074 0.0063
vn -0.0000 0.0058 -1.0000
vn -0.6917 0.7221 0.0015
vn -0.0000 1.0000 0.0030
vn -0.7071 -0.7071 -0.0000
vn -0.0000 -1.0000 -0.0000
vn -0.1490 0.1516 -0.9771
vn -0.1503 0.1506 -0.9771
vn -0.0000 -0.2207 -0.9753
vn -0.0000 0.2095 -0.9778
vn -0.2140 -0.0000 0.9768
vn -0.1539 -0.1541 0.9760
vn -0.1500 -0.1583 0.9759
vn 0.6582 0.6672 0.3488
vn -0.0000 0.9352 0.3540
vn 0.6622 0.6632 0.3487
vn -0.0000 -0.2251 0.9743
vn -0.9706 -0.0000 -0.2407
vn -0.7228 -0.6009 -0.3412
vn -0.6889 -0.7249 -0.0000
vn -0.0000 -0.8765 -0.4814
vn -0.0000 0.8765 -0.4814
vn -0.7228 0.6009 -0.3413
vn -0.6889 0.7249 -0.0000
vn -0.7228 0.6009 0.3412
vn -0.9706 -0.0000 0.2407
vn -0.0000 0.8765 0.4814
vn -0.7228 -0.6009 0.3412
vn -0.0000 -0.8765 0.4814
vn -0.7228 0.6009 -0.3412
vn 0.3704 0.8766 0.3071
vn 0.3324 0.9367 0.1101
vn 0.6807 0.6716 0.2927
vn 0.6972 0.7103 0.0966
vn 0.9979 0.0021 0.0652
vn 0.9592 0.0002 0.2827
vn 0.8866 -0.3630 0.2865
vn 0.9199 -0.3846 0.0761
vn 0.6803 -0.6707 0.2955
vn 0.6964 -0.7103 0.1025
vn 0.3647 -0.9196 0.1458
vn 0.3699 -0.8758 0.3099
vn 0.5516 -0.5541 0.6234
vn 0.7197 -0.2992 0.6265
vn 0.4404 -0.1824 0.8791
vn 0.3354 -0.3354 0.8804
vn 0.8869 0.3636 0.2849
vn 0.5516 0.5541 0.6234
vn 0.7197 0.2992 0.6265
vn 0.2973 -0.7277 0.6182
vn 0.2973 0.7277 0.6182
vn 0.7786 -0.0000 0.6275
vn 0.1824 -0.4404 0.8791
vn 0.1817 0.4399 0.8795
vn 0.3351 0.3354 0.8805
vn 0.4404 0.1824 0.8791
vn 0.4743 -0.0000 0.8804
vn 0.6539 -0.0000 0.7566
vn 0.4623 -0.4623 0.7566
vn 0.4623 0.4623 0.7566
vn -0.6622 -0.6632 0.3487
vn -0.6582 -0.6672 0.3488
vn 0.7071 0.7071 -0.0000
vn -1.0000 -0.0000 0.0097
vn 0.1758 -0.0000 0.9844
vn 0.1243 0.1243 0.9844
vn -0.7071 -0.7071 0.0097
vn 1.0000 -0.0000 0.0069
vn 0.7071 0.7071 0.0069
vn 0.1783 -0.0000 -0.9840
vn 0.1261 0.1261 -0.9840
vn -0.7071 0.7071 0.0097
vn 0.1243 -0.1243 0.9844
vn 0.7071 -0.7071 0.0069
vn 0.1261 -0.1261 -0.9840
vn 0.9195 0.3864 0.0728
vn 0.2207 -0.0000 -0.9753
vn 0.1560 -0.1560 -0.9753
vn 0.6918 0.6918 -0.2069
vn 0.9784 -0.0000 -0.2069
vn 0.6918 -0.6918 -0.2069
vn 0.1561 0.1571 0.9752
vn 0.2106 0.0872 0.9737
vn 0.0854 0.2096 0.9741
vn 0.0872 -0.2106 0.9737
vn 0.1569 -0.1569 0.9751
vn 0.2106 -0.0872 0.9737
vn 0.2219 -0.0000 0.9751
vn 0.0033 -0.0122 -0.9999
vn 0.0030 -0.0144 -0.9999
vn -0.0000 -0.0058 -1.0000
vn -0.0022 -0.0053 -1.0000
vn -0.0021 -0.0053 -1.0000
vn 0.0040 -0.0039 -1.0000
vn 0.0039 -0.0040 -1.0000
vn -0.9399 -0.0000 0.3413
vn 0.1500 0.1583 0.9759
vn 0.1539 0.1541 0.9760
vn 1.0000 0.0074 0.0063
vn 0.9999 0.0074 0.0075
vn 0.6917 0.7221 0.0015
vn 0.7071 -0.7071 -0.0000
vn 0.1490 0.1516 -0.9771
vn 0.1503 0.1506 -0.9771
vn 0.2140 -0.0000 0.9768
vn 0.1500 -0.1583 0.9759
vn 0.1539 -0.1541 0.9760
vn -0.6582 0.6672 0.3488
vn -0.6622 0.6632 0.3487
vn 0.6889 -0.7249 -0.0000
vn 0.7228 -0.6009 -0.3412
vn 0.9706 -0.0000 -0.2407
vn 0.6889 0.7249 -0.0000
vn 0.7228 0.6009 -0.3413
vn 0.7228 0.6009 0.3412
vn 0.9706 -0.0000 0.2407
vn 0.7228 -0.6009 0.3412
vn 0.7228 0.6009 -0.3412
vn -0.0000 -0.0209 0.9998
vn -0.0000 0.1217 0.9926
vn -0.9996 -0.0071 0.0288
vn -0.9996 -0.0197 0.0187
vn -0.9996 -0.0231 0.0159
vn -0.0000 0.2638 0.9646
vn -0.0000 -0.9775 -0.2110
vn -0.9994 -0.0323 0.0085
vn 1.0000 -0.0063 0.0017
vn 0.9999 -0.0099 0.0026
vn 1.0000 -0.0050 0.0013
vn -0.3371 -0.0000 0.9415
vn -0.3371 -0.6657 0.6657
vn -0.0000 -0.7071 0.7071
vn -0.3371 -0.9415 -0.0000
vn -0.3371 -0.6657 -0.6657
vn -0.0000 -0.7071 -0.7071
vn -0.3371 -0.0000 -0.9415
vn -0.3371 0.6657 -0.6657
vn -0.3371 0.9415 -0.0000
vn -0.7902 -0.6129 -0.0000
vn -0.7902 -0.4334 -0.4334
vn -0.0000 0.7071 0.7071
vn -0.3371 0.6657 0.6657
vn -0.1040 0.0347 0.9940
vn -0.3265 -0.6320 0.7028
vn -0.4187 -0.9081 -0.0000
vn -0.3265 -0.6320 -0.7028
vn -0.1040 0.0347 -0.9940
vn 0.1185 0.7014 -0.7028
vn 0.2107 0.9776 -0.0000
vn -0.9486 0.3166 -0.0000
vn 0.1185 0.7014 0.7028
vn -0.0000 0.5556 0.8315
vn -0.7071 0.3929 0.5879
vn -0.7071 -0.3929 -0.5879
vn -0.0000 -0.5556 -0.8315
vn 0.7071 -0.3929 -0.5879
vn -0.0000 0.8315 -0.5556
vn 0.7071 0.3929 0.5879
vn 0.9926 -0.1008 0.0674
vn 0.6887 0.3337 0.6437
vn -0.0263 -0.5514 -0.8338
vn 0.6887 -0.4671 -0.5546
vn -0.9948 0.0843 -0.0563
vn -0.7163 -0.3227 -0.6187
vn -0.0263 0.5594 0.8285
vn -0.7163 0.4481 0.5349
vn 0.1740 -0.8188 0.5471
vn -0.0000 -0.8315 0.5556
vn -0.0000 -0.1951 0.9808
vn 0.1102 -0.1613 0.9807
vn -0.0975 0.9798 0.1748
vn -0.0000 0.9808 0.1951
vn -0.1292 0.8245 -0.5509
vn -0.0975 0.2135 -0.9721
vn -0.0000 0.1951 -0.9808
vn -0.0079 -0.5268 -0.8499
vn 0.1102 -0.9678 -0.2262
vn -0.0000 -0.9808 -0.1951
vn -0.0079 0.5837 0.8120
vn -0.4635 0.7368 -0.4923
vn -0.3393 0.9177 0.2069
vn -0.3393 0.1600 -0.9270
vn -0.0216 -0.5162 -0.8562
vn 0.3385 -0.8988 -0.2786
vn 0.5066 -0.7169 0.4790
vn 0.3385 -0.0865 0.9370
vn -0.0216 0.5935 0.8045
vn -0.0284 0.5764 0.8167
vn 0.5255 0.0318 0.8502
vn 0.6347 0.1850 0.7503
vn -0.0383 0.5670 0.8228
vn 0.7640 -0.5364 0.3585
vn 0.9225 -0.3209 0.2145
vn 0.5255 -0.7733 -0.3547
vn 0.6347 -0.6224 -0.4580
vn -0.0284 -0.5340 -0.8450
vn -0.0383 -0.5433 -0.8387
vn -0.5494 0.0130 -0.8354
vn -0.6752 -0.1572 -0.7207
vn -0.7564 0.5439 -0.3634
vn -0.9287 0.3082 -0.2060
vn -0.5494 0.7768 0.3077
vn -0.6752 0.6057 0.4210
vn -0.0000 0.8316 0.5554
vn -0.7071 0.5880 0.3927
vn -0.7071 -0.5880 -0.3927
vn -0.0000 -0.8316 -0.5554
vn 0.7071 -0.5880 -0.3927
vn -0.0000 0.5554 -0.8316
vn 0.7071 0.5880 0.3927
vn 0.9926 -0.0673 0.1008
vn 0.6887 0.5547 0.4669
vn -0.0263 -0.8286 -0.5592
vn 0.6887 -0.6438 -0.3335
vn -0.9948 0.0563 -0.0843
vn -0.7163 -0.5350 -0.4480
vn -0.0263 0.8339 0.5512
vn -0.7163 0.6188 0.3225
vn 0.1740 -0.5469 0.8189
vn -0.0000 -0.5554 0.8316
vn -0.0000 0.1953 0.9807
vn 0.1102 0.2264 0.9678
vn -0.0975 0.9720 -0.2137
vn -0.0000 0.9807 -0.1953
vn -0.1292 0.5507 -0.8246
vn -0.0975 -0.1750 -0.9797
vn -0.0000 -0.1953 -0.9807
vn -0.0079 -0.8121 -0.5835
vn 0.1102 -0.9807 0.1615
vn -0.0000 -0.9807 0.1953
vn -0.0079 0.8501 0.5266
vn -0.4635 0.4921 -0.7369
vn -0.3393 0.9269 -0.1602
vn -0.3393 -0.2071 -0.9176
vn -0.0216 -0.8046 -0.5934
vn 0.3385 -0.9369 0.0867
vn 0.5066 -0.4789 0.7170
vn 0.3385 0.2788 0.8987
vn -0.0216 0.8563 0.5160
vn -0.0284 0.8452 0.5338
vn 0.5255 0.3549 0.7732
vn 0.6347 0.4581 0.6223
vn -0.0383 0.8388 0.5431
vn 0.7640 -0.3583 0.5365
vn 0.9225 -0.2144 0.3210
vn 0.5255 -0.8502 -0.0316
vn 0.6347 -0.7503 -0.1848
vn -0.0284 -0.8168 -0.5762
vn -0.0383 -0.8230 -0.5668
vn -0.5494 -0.3079 -0.7768
vn -0.6752 -0.4212 -0.6056
vn -0.7564 0.3633 -0.5440
vn -0.9288 0.2059 -0.3083
vn -0.5494 0.8354 -0.0132
vn -0.6752 0.7208 0.1570
vn -0.0000 0.9809 0.1946
vn -0.7071 0.6936 0.1376
vn -0.7071 -0.6936 -0.1376
vn -0.0000 -0.9809 -0.1946
vn 0.7071 -0.6936 -0.1376
vn -0.0000 0.1946 -0.9809
vn 0.7071 0.6936 0.1376
vn 0.9926 -0.0236 0.1189
vn 0.6887 0.6912 0.2189
vn -0.0263 -0.9796 -0.1992
vn 0.6887 -0.7224 -0.0615
vn -0.9948 0.0197 -0.0995
vn -0.7163 -0.6658 -0.2089
vn -0.0263 0.9815 0.1898
vn -0.7163 0.6951 0.0610
vn 0.1740 -0.1916 0.9659
vn -0.0000 -0.1946 0.9809
vn -0.0000 0.5560 0.8312
vn 0.1102 0.5798 0.8072
vn -0.0975 0.8161 -0.5697
vn -0.0000 0.8312 -0.5560
vn -0.1292 0.1929 -0.9727
vn -0.0975 -0.5369 -0.8380
vn -0.0000 -0.5560 -0.8312
vn -0.0079 -0.9736 -0.2280
vn 0.1102 -0.8440 0.5248
vn -0.0000 -0.8312 0.5560
vn -0.0079 0.9869 0.1609
vn -0.4635 0.1724 -0.8692
vn -0.3393 0.7949 -0.5030
vn -0.3393 -0.5427 -0.7683
vn -0.0216 -0.9705 -0.2399
vn 0.3385 -0.8323 0.4389
vn 0.5066 -0.1677 0.8457
vn 0.3385 0.6018 0.7234
vn -0.0216 0.9887 0.1487
vn -0.0284 0.9851 0.1694
vn 0.5255 0.6240 0.5783
vn 0.6347 0.6615 0.3994
vn -0.0383 0.9828 0.1804
vn 0.7640 -0.1255 0.6329
vn 0.9225 -0.0751 0.3786
vn 0.5255 -0.7975 0.2964
vn 0.6347 -0.7639 0.1167
vn -0.0284 -0.9752 -0.2194
vn -0.0383 -0.9773 -0.2084
vn -0.5494 -0.5819 -0.5996
vn -0.6752 -0.6210 -0.3981
vn -0.7564 0.1273 -0.6416
vn -0.9288 0.0721 -0.3636
vn -0.5494 0.7667 -0.3321
vn -0.6752 0.7259 -0.1310
vn -0.6803 0.7329 -0.0000
vn -0.9167 0.3995 -0.0000
vn -0.9239 0.3827 -0.0000
vn -0.3542 0.9352 -0.0000
vn -0.3827 0.9239 -0.0000
vn -0.0000 -0.1731 -0.9849
vn -0.5143 -0.1221 -0.8488
vn -0.5143 0.8310 -0.2120
vn -0.0000 0.9762 -0.2170
vn -0.6736 -0.7391 -0.0000
vn -0.3514 -0.9362 -0.0000
vn -0.3827 -0.9239 -0.0000
vn -0.9113 -0.4118 -0.0000
vn -0.9239 -0.3827 -0.0000
vn -0.9808 -0.1951 -0.0000
vn -1.0000 -0.0032 -0.0000
vn -0.9250 0.3799 -0.0000
vn -0.7823 0.3213 -0.5336
vn -0.8456 -0.0026 -0.5339
vn -0.0689 0.0280 -0.9972
vn -0.2924 -0.0404 -0.9555
vn 0.5451 -0.2236 -0.8080
vn 0.5863 -0.1129 -0.8022
vn 0.5863 -0.1129 0.8022
vn 0.5451 -0.2236 0.8080
vn -0.0689 0.0280 0.9972
vn -0.2924 -0.0404 0.9555
vn -0.7823 0.3213 0.5336
vn -0.8456 -0.0026 0.5339
vn -0.5979 0.5979 -0.5339
vn -0.0518 0.0518 -0.9973
vn 0.4166 -0.4166 -0.8080
vn 0.4166 -0.4166 0.8080
vn -0.0518 0.0518 0.9973
vn -0.5979 0.5979 0.5339
vn -0.3236 0.7812 -0.5339
vn -0.0280 0.0677 -0.9973
vn 0.2255 -0.5443 -0.8080
vn 0.2255 -0.5443 0.8080
vn -0.0280 0.0677 0.9973
vn -0.3236 0.7812 0.5339
vn -0.0000 0.8455 -0.5339
vn -0.0000 0.0733 -0.9973
vn -0.0000 -0.5892 -0.8080
vn -0.0000 -0.5892 0.8080
vn -0.0000 0.0733 0.9973
vn -0.0000 0.8455 0.5339
vn -0.3236 -0.7812 -0.5339
vn -0.0000 -0.8455 -0.5339
vn -0.2255 -0.5443 -0.8080
vn -0.2255 -0.5443 0.8080
vn -0.3236 -0.7812 0.5339
vn -0.0000 -0.8455 0.5339
vn -0.5979 -0.5979 -0.5339
vn -0.4166 -0.4166 -0.8080
vn -0.4166 -0.4166 0.8080
vn -0.5979 -0.5979 0.5339
vn -0.7812 -0.3236 -0.5339
vn -0.5443 -0.2255 -0.8080
vn -0.5443 -0.2255 0.8080
vn -0.7812 -0.3236 0.5339
vn -0.9163 0.3064 -0.2578
vn -0.8661 0.2824 -0.4125
vn -0.8993 -0.0373 -0.4356
vn -0.9609 -0.0292 -0.2755
vn -0.6550 -0.6085 -0.4480
vn -0.7180 -0.6440 -0.2639
vn -0.4032 -0.8222 -0.4019
vn -0.4505 -0.8672 -0.2121
vn -0.5124 0.1576 0.8442
vn -0.9090 0.2885 0.3010
vn -0.9481 -0.0498 0.3141
vn -0.5734 -0.0401 0.8183
vn -0.6638 -0.6789 0.3138
vn -0.4034 -0.4158 0.8151
vn -0.0000 -0.9491 0.3151
vn -0.0000 -0.5812 0.8138
vn -0.9993 -0.0351 -0.0123
vn -0.7242 -0.6892 0.0246
vn -0.9845 -0.0535 -0.1673
vn -0.6410 -0.7434 -0.1910
vn -0.0000 -1.0000 -0.0075
vn -0.6973 -0.7167 -0.0075
vn -0.6973 -0.7168 -0.0075
vn -0.0000 -0.9567 -0.2910
vn -0.2116 -0.2290 0.9502
vn -0.3018 -0.1295 0.9445
vn -0.2065 -0.2344 0.9500
vn -0.0000 -0.3276 0.9448
vn -0.0000 -0.8947 0.4467
vn -0.8081 -0.5490 0.2133
vn -0.7183 -0.6367 0.2803
vn -0.9359 -0.3451 0.0700
vn -0.9421 0.2972 -0.1551
vn -0.8232 0.2187 0.5240
vn -0.6964 -0.0471 0.7161
vn -0.4752 0.0501 0.8784
vn -0.4779 0.3595 0.8015
vn -0.0976 0.0299 -0.9948
vn -0.0966 -0.0071 -0.9953
vn -0.0967 -0.0053 -0.9953
vn -0.0000 0.3827 0.9239
vn -0.8255 -0.2160 -0.5214
vn -0.8483 -0.0560 -0.5266
vn -0.8473 -0.0582 -0.5280
vn -0.8255 -0.3991 -0.3991
vn -0.9469 0.0386 -0.3191
vn -0.9584 -0.0770 -0.2747
vn -0.9671 -0.0602 -0.2473
vn -0.9471 0.0443 -0.3178
vn -0.9630 0.1736 -0.2064
vn -0.9630 0.1736 -0.2061
vn -0.9768 0.1975 -0.0834
vn -0.9784 0.2065 -0.0019
vn -0.9803 0.1832 0.0737
vn -0.9820 0.1347 0.1322
vn -0.9836 0.0708 0.1657
vn -0.9843 0.0351 0.1731
vn -0.9858 -0.0644 0.1549
vn -0.9982 -0.0518 -0.0298
vn -0.9933 0.0851 -0.0782
vn -0.9934 0.0847 -0.0780
vn -0.9982 -0.0513 -0.0299
vn -0.9768 0.1979 -0.0821
vn -0.9784 0.2065 -0.0002
vn -0.9803 0.1826 0.0754
vn -0.9803 0.1825 0.0754
vn -0.9820 0.1336 0.1334
vn -0.9836 0.0691 0.1663
vn -0.9836 0.0691 0.1664
vn -0.8255 -0.5214 -0.2160
vn -0.0000 -0.6196 0.7849
vn -0.2133 -0.7073 0.6739
vn -0.1881 -0.9027 0.3870
vn -0.0000 -0.8998 0.4363
vn -0.7965 -0.0658 0.6011
vn -0.1842 -0.1309 0.9741
vn -0.1340 0.7315 0.6686
vn -0.4900 0.8105 0.3208
vn -0.8037 -0.1008 0.5865
vn -0.1831 -0.2143 0.9594
vn -0.1488 0.6152 0.7742
vn -0.5007 0.7697 0.3961
vn -0.4699 -0.8671 0.1653
vn -0.0880 -0.9071 0.4116
vn -0.8255 -0.5644 -0.0000
vn -0.2321 0.2657 0.9357
vn -0.8181 0.2931 0.4948
vn -0.8455 0.1966 0.4965
vn -0.1987 0.1373 0.9704
vn -0.0411 -0.3963 -0.9172
vn -0.0845 -0.7130 -0.6960
vn -0.0821 -0.6957 -0.7136
vn -0.0373 -0.3678 -0.9292
vn -0.8255 -0.5214 0.2160
vn -0.8255 -0.3991 0.3991
vn -0.1669 -0.5466 0.8206
vn -0.6946 -0.3994 0.5984
vn -0.9033 -0.2387 0.3565
vn -0.1940 -0.5439 0.8164
vn -0.8483 -0.2533 0.4651
vn -0.8473 -0.2558 0.4655
vn -0.2682 0.0312 0.9629
vn -0.8099 0.2808 0.5151
vn -0.8735 -0.1143 0.4732
vn -0.2149 -0.2306 0.9490
vn -0.9083 -0.0578 0.4142
vn -0.9076 -0.0612 0.4153
vn -0.0000 -0.2589 0.9659
vn -0.0000 0.5635 0.8261
vn -0.1829 -0.0692 0.9807
vn -0.0000 -0.0846 0.9964
vn -0.0000 0.7506 0.6608
vn -0.1230 0.7776 0.6166
vn -0.1021 -0.8639 0.4932
vn -0.0000 -0.8513 0.5247
vn -0.5774 0.6135 0.5387
vn -0.0000 0.5659 0.8245
vn -0.1206 0.8816 0.4563
vn -0.1655 0.4720 0.8659
vn -0.0000 0.4420 0.8970
vn -0.7550 0.6328 -0.1720
vn -0.6161 0.7275 0.3019
vn -0.1059 0.9944 0.0006
vn -0.1769 0.9653 -0.1920
vn -0.9809 -0.1350 -0.1401
vn -0.9791 -0.0748 -0.1890
vn -0.9792 -0.0796 -0.1864
vn -0.9810 -0.1388 -0.1353
vn -0.7959 -0.0333 0.6045
vn -0.4643 0.8383 0.2857
vn 0.0462 -0.4402 -0.8967
vn -0.4723 -0.8628 0.1803
vn -0.0940 -0.8946 0.4368
vn -0.5256 0.7876 -0.3215
vn -0.5158 0.6072 -0.6044
vn -0.5157 0.6041 -0.6075
vn -0.5252 0.7841 -0.3306
vn 0.9413 -0.2264 -0.2503
vn 0.9103 0.0520 0.4106
vn 0.9368 0.0388 0.3478
vn 0.9080 -0.2746 -0.3165
vn 0.9351 0.0885 -0.3433
vn 0.6797 0.1484 -0.7183
vn 0.8989 0.1023 -0.4261
vn -0.1931 0.8158 0.5451
vn 0.1769 -0.9653 0.1920
vn -0.7400 0.4671 0.4840
vn -0.9611 0.2184 -0.1691
vn -0.9686 0.1860 -0.1647
vn -0.7040 -0.6803 -0.2038
vn -0.4560 -0.8646 0.2110
vn -0.9633 0.0749 -0.2577
vn -0.5947 0.7987 -0.0914
vn -0.9655 0.0647 -0.2521
vn -0.6232 0.7764 -0.0937
vn -0.0000 -0.9011 0.4335
vn -0.9812 -0.1606 -0.1073
vn -0.9775 -0.0412 -0.2070
vn -0.9837 -0.0596 -0.1697
vn -0.9842 -0.1735 0.0345
vn 0.0161 0.1065 0.9942
vn 0.0596 0.2767 -0.9591
vn 0.0135 -0.6114 0.7912
vn 0.0616 0.8823 -0.4666
vn 0.2110 -0.1907 -0.9587
vn 0.0264 -0.9969 0.0738
vn 0.1931 -0.8158 -0.5451
vn -0.2110 0.1907 0.9587
vn -0.0000 -0.8437 0.5368
vn -0.5143 -0.7375 0.4377
vn -0.5143 -0.5139 -0.6866
vn -0.0000 -0.5740 -0.8188
vn -0.0000 -0.5740 0.8188
vn -0.5143 -0.5139 0.6866
vn -0.5143 -0.7375 -0.4377
vn -0.0000 -0.8437 -0.5368
vn -0.0000 -0.5922 -0.8058
vn -0.0000 -0.9849 -0.1731
vn -0.5143 -0.8488 -0.1221
vn -0.0000 -0.2170 0.9762
vn -0.5143 -0.2120 0.8310
vn -0.0000 0.8058 -0.5922
vn -0.0000 0.1731 -0.9849
vn -0.5143 0.1221 -0.8488
vn -0.0000 0.5178 -0.8555
vn -0.0000 -0.2170 -0.9762
vn -0.5143 -0.2120 -0.8310
vn -0.9809 -0.1082 0.1619
vn -0.5143 -0.8310 0.2120
vn -0.5143 0.1221 0.8488
vn -0.0000 -0.9885 -0.1510
vn -0.0000 -0.8188 0.5740
vn -0.5143 -0.6866 0.5139
vn -0.9809 -0.0380 0.1910
vn -0.5143 0.4377 0.7375
vn -0.0000 -0.9711 0.2388
vn -0.0000 -0.5368 0.8437
vn -0.5143 -0.4377 0.7375
vn -0.9809 0.1082 0.1619
vn -0.5143 -0.1221 0.8488
vn -0.5143 0.8310 0.2120
vn -0.9809 0.1910 0.0380
vn -0.5143 0.5139 0.6866
vn -0.5143 0.7375 -0.4377
vn -0.0000 0.2388 0.9711
vn -0.0000 0.8437 0.5368
vn -0.5143 0.7375 0.4377
vn -0.9809 0.1910 -0.0380
vn -0.5143 0.5139 -0.6866
vn -0.9547 -0.2915 -0.0607
vn -0.9019 -0.2246 -0.3691
vn -0.9258 0.1034 -0.3636
vn -0.9995 -0.0041 -0.0317
vn -0.9226 -0.0756 0.3783
vn -0.9998 -0.0057 0.0205
vn -0.9999 -0.0040 0.0164
vn -0.9277 -0.0523 0.3697
vn -0.9352 -0.1251 0.3312
vn -0.9414 0.0922 -0.3244
vn -0.9037 -0.4202 -0.0818
vn -0.9365 0.3449 0.0633
vn -0.9173 -0.3950 -0.0513
vn -0.9024 -0.4215 -0.0899
vn -0.9627 -0.2690 -0.0297
vn -0.9038 0.4200 0.0821
vn -0.9039 -0.4192 -0.0852
vn -0.9274 -0.1209 0.3539
vn -0.9234 0.1299 -0.3613
vn -0.9039 0.4191 0.0854
vn -0.9039 -0.4184 -0.0885
vn -0.9278 -0.1206 0.3531
vn -0.9237 0.1296 -0.3605
vn -0.9040 0.4183 0.0888
vn -0.9041 -0.4174 -0.0918
vn -0.9281 -0.1204 0.3524
vn -0.9240 0.1293 -0.3598
vn -0.9041 0.4173 0.0921
vn -0.9101 -0.4040 -0.0921
vn -0.9298 -0.1174 0.3489
vn -0.9244 0.1291 -0.3590
vn -0.9101 0.4040 0.0920
vn -0.9098 -0.4055 -0.0887
vn -0.9314 -0.0810 0.3548
vn -0.9262 0.1263 -0.3553
vn -0.9098 0.4056 0.0885
vn -0.8738 -0.4757 -0.1006
vn -0.9275 -0.0891 0.3631
vn -0.9228 0.1218 -0.3655
vn -0.9281 0.3719 -0.0181
vn -0.9262 -0.3196 0.2000
vn -0.9204 0.2586 0.2932
vn -0.8901 -0.3336 -0.3106
vn -0.8813 0.4644 0.0876
vn -0.9224 -0.3861 0.0095
vn -0.9250 0.2764 0.2608
vn -0.8931 -0.0674 -0.4447
vn -0.9300 0.3049 -0.2053
vn -0.9090 -0.4086 -0.0821
vn -0.6071 0.7917 -0.0684
vn -0.8623 0.4836 -0.1502
vn -0.7084 -0.6812 -0.1848
vn -0.9701 0.0547 -0.2366
vn -0.6285 0.7724 -0.0919
vn -0.7035 -0.6916 -0.1635
vn -0.7410 -0.5946 -0.3121
vn -0.9179 -0.0845 -0.3878
vn -0.9351 0.2136 -0.2828
vn -0.7970 -0.1420 0.5871
vn -0.9875 0.0952 -0.1253
vn -0.9389 0.2075 -0.2747
vn -0.8734 -0.1143 0.4735
vn -0.2014 -0.2313 0.9518
vn -0.2145 -0.2306 0.9491
vn -0.9870 0.0752 -0.1419
vn -0.9621 0.1285 -0.2406
vn -0.9786 0.1335 -0.1567
vn 0.9247 -0.3771 0.0523
vn 0.9247 0.3284 0.1927
vn 0.9266 0.3241 0.1907
vn 0.9266 -0.3724 0.0522
vn -0.7730 -0.5846 0.2463
vn -0.7792 -0.4420 0.4444
vn -0.7791 -0.4448 0.4417
vn -0.7727 -0.5884 0.2382
vn -0.5788 0.5722 0.5810
vn -0.5602 0.7628 0.3231
vn -0.5593 0.7690 0.3097
vn -0.5780 0.5824 0.5716
vn -0.5946 0.3032 0.7447
vn -0.5941 0.3134 0.7408
vn -0.6494 -0.0157 0.7603
vn -0.6462 -0.0035 0.7631
vn 0.6899 -0.4518 -0.5656
vn 0.9981 -0.0512 -0.0342
vn -0.0000 0.5740 -0.8188
vn -0.0000 0.2170 -0.9762
vn -0.5143 0.2120 -0.8310
vn -0.5143 0.8488 0.1221
vn -0.0000 0.9849 0.1731
vn -0.0000 -0.5368 -0.8437
vn -0.5143 -0.4377 -0.7375
vn -0.5143 0.6866 -0.5139
vn -0.0000 0.8188 -0.5740
vn -0.0000 -0.9762 -0.2170
vn -0.5143 -0.8310 -0.2120
vn -0.0000 -0.9849 0.1731
vn -0.5143 -0.8488 0.1221
vn -0.0000 0.9885 0.1510
vn -0.9809 0.0380 -0.1910
vn -0.9809 -0.1082 -0.1619
vn -0.0000 0.5922 0.8058
vn -0.9809 0.1619 -0.1082
vn -0.9809 -0.1619 0.1082
vn -0.9809 -0.1910 0.0380
vn -0.9809 -0.1910 -0.0380
vn -0.0000 0.9762 0.2170
vn -0.0000 -0.1731 0.9849
vn -0.0000 0.8188 0.5740
vn -0.5143 0.6866 0.5139
vn -0.0000 0.9849 -0.1731
vn -0.5143 0.8488 -0.1221
vn -0.5143 0.2120 0.8310
vn -0.0000 0.2170 0.9762
vn -0.0000 0.8437 -0.5368
vn -0.0000 0.5740 0.8188
vn -0.0000 -0.8188 -0.5740
vn -0.5143 -0.6866 -0.5139
vn -0.5143 0.4377 -0.7375
vn -0.0000 0.5368 -0.8437
vn -0.0000 0.1510 -0.9885
vn -0.0000 -0.2388 -0.9711
vn -0.0000 0.1731 0.9849
vn -0.0000 -0.9762 0.2170
vn -0.0000 0.5368 0.8437
vn -0.0000 0.9711 -0.2388
vn -0.9809 -0.0380 -0.1910
vn -0.0000 -0.8555 -0.5178
vn -0.9809 0.0380 0.1910
vn -0.0000 -0.8058 0.5922
vn -0.0000 -0.5178 0.8555
vn -0.9809 0.1619 0.1082
vn -0.0000 -0.1510 0.9885
vn -0.9809 0.1082 -0.1619
vn -0.0000 0.8555 0.5178
vn -0.9809 -0.1619 -0.1082
vn -0.9083 0.1051 -0.4048
vn -0.9076 0.1024 -0.4071
vn -0.9295 0.2609 -0.2609
vn -0.9295 0.3408 -0.1412
vn -0.9295 0.3689 -0.0000
vn -0.9295 0.3408 0.1412
vn -0.9295 0.2609 0.2609
vn -0.9295 0.1412 0.3408
vn 0.1150 0.9204 0.3736
vn 0.0845 0.7130 0.6961
vn 0.0822 0.6962 0.7131
vn 0.1141 0.9151 0.3867
vn -0.1150 -0.9205 -0.3735
vn -0.1283 -0.9917 0.0014
vn -0.1283 -0.9917 -0.0017
vn -0.1141 -0.9148 -0.3874
vn 0.1283 0.9917 -0.0012
vn 0.1283 0.9917 0.0010
vn -0.1230 -0.9186 0.3755
vn -0.1227 -0.9151 0.3841
vn 0.1230 0.9187 -0.3754
vn 0.1226 0.9149 -0.3846
vn -0.1092 -0.7142 0.6914
vn -0.1084 -0.6970 0.7089
vn 0.1045 0.7135 -0.6928
vn 0.1032 0.6967 -0.7099
vn -0.0756 -0.4147 0.9068
vn -0.0671 -0.3667 0.9279
vn 0.0411 0.3963 0.9172
vn 0.0374 0.3687 0.9288
vn 0.0703 0.4090 -0.9098
vn 0.0642 0.3657 -0.9285
vn 0.0832 0.7038 0.7055
vn 0.0932 0.6558 -0.7492
vn 0.0890 0.6212 -0.7786
vn 0.0976 0.8046 0.5858
vn -0.9827 -0.1700 -0.0741
vn -0.9852 -0.1590 0.0639
vn -0.9841 -0.1774 -0.0027
vn -0.9842 -0.1769 0.0019
vn 0.0273 0.7201 -0.6933
vn 0.0234 0.7988 -0.6012
vn -0.6174 -0.6980 0.3627
vn -0.5776 -0.7588 0.3010
vn -0.0000 -1.0000 -0.0040
vn -0.2587 -0.9658 0.0197
vn -0.4959 -0.8672 0.0451
vn -0.9378 -0.3379 -0.0802
vn -0.9693 -0.1784 -0.1694
vn -0.9587 0.0469 -0.2807
vn -0.9900 -0.0811 -0.1156
vn -0.9843 0.0341 0.1734
vn -0.9854 -0.0739 0.1533
vn -0.7148 -0.2730 -0.6438
vn -0.5330 -0.6481 -0.5439
vn -0.7299 -0.4769 -0.4896
vn -0.7141 -0.2608 -0.6496
vn -0.9852 -0.1576 0.0667
vn -0.9828 -0.1716 -0.0685
vn -0.7355 -0.2686 0.6220
vn -0.7340 -0.2658 0.6250
vn -0.7621 -0.6474 0.0056
vn -0.7615 -0.6482 -0.0074
vn -0.6541 -0.0118 -0.7563
vn -0.6493 -0.0005 -0.7605
vn -0.0302 0.6751 0.7371
vn -0.0336 0.5604 0.8275
vn -0.9814 -0.1337 0.1374
vn -0.9816 -0.1325 0.1376
vn -0.9858 -0.1193 0.1182
vn -0.9858 -0.1183 0.1191
vn -0.9850 0.0337 0.1693
vn -0.9851 0.0633 0.1596
vn -0.9851 0.0685 0.1579
vn -0.9840 0.1235 0.1282
vn -0.9839 0.1293 0.1236
vn -0.9825 0.1707 0.0749
vn -0.9823 0.1749 0.0674
vn -0.9807 0.1953 0.0039
vn -0.9805 0.1963 -0.0046
vn -0.9791 0.1891 -0.0750
vn -0.9790 0.1870 -0.0814
vn -0.9780 0.1486 -0.1465
vn -0.9780 0.1464 -0.1488
vn -0.9778 0.0803 -0.1937
vn -0.9778 0.0816 -0.1931
vn -0.9771 0.0430 -0.2082
vn -0.0000 -0.3827 0.9239
vn -0.0000 0.9239 0.3827
vn 0.9997 0.0227 -0.0098
vn 0.9996 0.0265 -0.0006
vn 0.9996 0.0268 0.0008
vn 0.9997 0.0232 -0.0090
vn 0.9997 0.0165 -0.0168
vn 0.9997 0.0169 -0.0164
vn 0.9997 0.0087 -0.0212
vn 0.9997 0.0089 -0.0212
vn 0.9997 -0.0172 -0.0178
vn 0.9997 -0.0088 -0.0218
vn 0.9997 -0.0094 -0.0217
vn 0.9997 -0.0180 -0.0172
vn 0.9997 0.0001 -0.0229
vn 0.9997 -0.0001 -0.0229
vn 0.9996 -0.0243 -0.0107
vn 0.9996 -0.0251 -0.0095
vn 0.8979 -0.2201 0.3813
vn 0.9413 0.3050 -0.1446
vn 0.9080 0.3748 -0.1874
vn 0.9368 -0.1689 0.3064
vn 0.7069 0.1148 0.6979
vn 0.6797 0.1378 -0.7204
vn 0.9476 0.0418 -0.3166
vn 0.8989 0.0686 -0.4328
vn 0.9981 0.0604 -0.0120
vn -0.0000 -0.9239 0.3827
vn 0.0529 -0.1948 -0.9794
vn 0.7069 -0.3731 0.6009
vn 0.9975 0.0393 -0.0588
vn 0.9975 -0.0138 -0.0693
vn -0.0000 -0.4305 -0.9026
vn 0.6899 0.6338 -0.3497
vn -0.0000 0.0403 -0.9992
vn 0.7050 -0.7065 0.0620
vn 0.7050 0.6290 0.3276
vn -0.0000 0.8390 -0.5441
vn -0.0000 0.9589 -0.2837
vn -0.0000 0.9880 0.1546
vn -0.0000 0.9775 0.2111
vn -0.0000 -0.5915 -0.8063
vn -0.0000 -0.9638 -0.2665
vn -0.0000 -0.8861 -0.4634
vn -0.4014 0.9043 -0.1455
vn -0.9277 0.0812 -0.3643
vn -0.9303 0.1463 -0.3363
vn -0.8936 -0.1224 -0.4320
vn -0.5366 0.8027 -0.2603
vn -0.9039 -0.0943 -0.4172
vn -0.5688 0.7789 -0.2643
vn -0.5953 0.7626 -0.2531
vn -0.9406 0.1129 -0.3202
vn -0.5039 0.8401 -0.2008
vn -0.7959 0.4907 -0.3546
vn -0.7421 -0.5666 -0.3582
vn -0.7405 -0.5793 -0.3408
vn -0.8675 0.2995 -0.3971
vn -0.8752 0.2913 -0.3861
vn -0.9062 0.1999 -0.3726
vn -0.0826 -0.9966 0.0055
vn -0.0000 0.8372 0.5469
vn 0.0003 0.8372 0.5469
vn 0.0004 0.7192 0.6948
vn -0.0000 0.7201 0.6939
vn -0.0000 -0.3153 0.9490
vn 0.0008 -0.3153 0.9490
vn 0.0008 -0.2540 0.9672
vn -0.0000 -0.2540 0.9672
vn -0.0000 -0.1401 0.9901
vn 0.0008 -0.1401 0.9901
vn 0.0008 -0.0901 0.9959
vn -0.0000 -0.0901 0.9959
vn -0.0000 -0.4613 0.8872
vn 0.0007 -0.4613 0.8872
vn 0.0007 -0.4064 0.9137
vn -0.0000 -0.4015 0.9159
vn 0.0008 -0.1931 0.9812
vn -0.0000 -0.1931 0.9812
vn 0.0008 -0.3299 0.9440
vn -0.0000 -0.3298 0.9441
vn 0.0008 -0.3197 0.9475
vn -0.0000 -0.3197 0.9475
vn -0.9208 -0.1392 0.3643
vn -0.9997 -0.0178 0.0176
vn -0.9997 -0.0079 0.0234
vn -0.9208 -0.1248 0.3696
vn -0.4460 0.6209 0.6447
vn -0.8059 0.4471 0.3882
vn -0.6849 -0.3023 -0.6630
vn -0.5371 -0.7456 -0.3945
vn -0.8143 -0.5414 -0.2091
vn -0.8704 -0.2629 -0.4163
vn -0.5584 0.5042 0.6588
vn -0.9537 0.1079 0.2807
vn -0.7287 0.0603 -0.6822
vn -0.9069 0.0276 -0.4205
vn -0.6329 -0.4576 -0.6245
vn -0.7141 -0.1659 -0.6802
vn -0.7784 -0.4659 -0.4208
vn -0.9217 0.1322 -0.3648
vn -0.7261 0.2025 -0.6571
vn -0.7258 0.2344 -0.6468
vn -0.9217 0.1321 -0.3647
vn -0.7258 0.2343 -0.6467
vn -0.9218 0.1322 -0.3644
vn -0.7259 0.2346 -0.6466
vn -0.9223 0.1337 -0.3626
vn -0.7258 0.2386 -0.6452
vn -0.9208 -0.1247 0.3695
vn -0.9213 -0.1225 0.3690
vn -0.7136 -0.2211 0.6648
vn -0.7133 -0.2241 0.6641
vn -0.7132 -0.2242 0.6642
vn -0.7101 -0.2414 0.6615
vn -0.8815 -0.3314 0.3364
vn -0.6880 -0.3802 0.6182
vn -0.7143 -0.0939 0.6936
vn -0.7163 -0.1352 0.6846
vn -0.9221 0.1247 -0.3663
vn -0.7275 0.2201 -0.6498
vn -0.9264 -0.0956 0.3642
vn -0.7154 -0.1784 0.6756
vn -0.9229 0.1346 -0.3609
vn -0.7260 0.2419 -0.6438
vn -0.7328 -0.3144 0.6034
vn -0.6390 -0.3462 0.6869
vn -0.8361 -0.4672 0.2875
vn -0.6599 -0.4879 0.5714
vn -0.9997 0.0070 -0.0251
vn -0.9997 0.0015 -0.0247
vn -0.9994 -0.0204 -0.0285
vn -0.9978 -0.0652 -0.0129
vn -0.9993 0.0129 -0.0356
vn -0.9993 0.0127 -0.0350
vn -0.9995 0.0102 -0.0315
vn -0.9993 0.0130 -0.0360
vn -0.9993 0.0129 -0.0358
vn -0.9997 -0.0079 0.0233
vn -0.9997 -0.0077 0.0231
vn -0.9997 -0.0062 0.0231
vn -0.9995 0.0240 0.0189
vn -0.9996 0.0066 0.0266
vn -0.9999 0.0060 0.0157
vn -0.8294 -0.4048 0.3850
vn -0.9477 0.2109 0.2394
vn 0.0003 0.3891 0.9212
vn -0.0000 0.3906 0.9206
vn -0.6734 -0.6276 0.3907
vn -0.5161 -0.8424 0.1549
vn -0.4073 -0.9075 0.1028
vn -0.6402 -0.5935 0.4878
vn -0.0000 -0.8299 0.5578
vn -0.0000 -0.3760 0.9266
vn 0.0005 -0.3738 0.9275
vn 0.0004 -0.8299 0.5580
vn 0.0004 0.1848 0.9828
vn 0.0004 0.1856 0.9826
vn 0.0003 0.0887 0.9961
vn -0.8249 -0.5386 0.1716
vn -0.6788 0.6485 -0.3444
vn -0.6925 0.6824 -0.2340
vn -0.7901 -0.6025 0.1128
vn -0.0000 -0.9329 0.3601
vn -0.0000 -0.9738 0.2273
vn -0.0000 -0.7713 0.6365
vn -0.8655 -0.4106 0.2870
vn -0.0000 -0.5426 0.8400
vn -0.8912 -0.2825 0.3548
vn -0.0000 -0.4264 0.9045
vn -0.9326 -0.2035 0.2979
vn -0.6394 0.5270 -0.5599
vn -0.6003 0.3498 -0.7192
vn -0.5891 0.2352 -0.7731
vn -0.6563 0.1960 -0.7286
vn -0.9706 -0.1540 0.1852
vn -0.7242 0.1811 -0.6653
vn -0.9854 -0.1194 0.1213
vn -0.0000 0.2655 -0.9641
vn -0.0000 0.3160 -0.9488
vn -0.0000 0.4736 -0.8808
vn -0.0000 0.7235 -0.6903
vn -0.0000 0.9062 -0.4228
vn -0.0000 0.9571 -0.2898
vn -0.0000 -0.4333 0.9013
vn -0.0000 -0.4398 0.8981
vn -0.0000 -0.9988 0.0493
vn -0.0000 0.2518 -0.9678
vn -0.0000 0.0878 0.9961
vn -0.0000 0.1845 0.9828
vn 0.0003 -0.9919 0.1269
vn -0.0000 -0.9919 0.1270
vn 0.0009 0.3407 -0.9402
vn -0.0000 0.3407 -0.9402
vn -0.0000 0.3412 -0.9400
vn 0.0009 0.3412 -0.9400
vn 0.0009 0.3051 -0.9523
vn -0.0000 0.3053 -0.9522
vn 0.0008 -0.1049 -0.9945
vn -0.0000 -0.0738 -0.9973
vn 0.0009 0.3520 -0.9360
vn -0.0000 0.3520 -0.9360
vn -0.0000 0.3219 -0.9468
vn 0.0009 0.3219 -0.9468
vn 0.0009 0.3467 -0.9380
vn -0.0000 0.3467 -0.9380
vn 0.0006 -0.4085 -0.9128
vn -0.0000 -0.4085 -0.9128
vn -0.0000 0.0777 -0.9970
vn 0.0009 0.0777 -0.9970
vn -0.0000 -0.4643 -0.8857
vn 0.0008 -0.4642 -0.8857
vn -0.0000 -0.9080 -0.4190
vn 0.0005 -0.9080 -0.4191
vn -0.0000 0.1858 0.9826
vn -0.0000 -0.5178 -0.8555
vn -0.0000 -0.5922 0.8058
vn -0.0000 -0.8058 -0.5922
vn -0.0000 0.8555 -0.5178
vn -0.0000 0.9885 -0.1510
vn -0.0000 0.8058 0.5922
vn -0.0000 -0.9885 0.1510
vn -0.0000 0.5178 0.8555
vn -0.0000 -0.2388 0.9711
vn -0.0000 0.5922 -0.8058
vn -0.0000 0.1510 0.9885
vn -0.0000 -0.1510 -0.9885
vn -0.0000 -0.8555 0.5178
vn -0.0000 -0.9711 -0.2388
vn -0.0000 0.2388 -0.9711
vn -0.0000 0.9711 0.2388
vn -0.9808 0.1951 -0.0000
vn -0.0000 -0.1265 0.9920
vn -0.0000 -0.2363 0.9717
vn -0.0000 -0.5543 0.8323
vn -0.0000 0.2160 0.9764
vn -0.0000 0.0530 0.9986
vn -0.0000 -0.8884 0.4591
vn -0.0000 -0.1572 0.9876
vn -0.0000 0.7020 0.7122
vn -0.6927 -0.7069 0.1428
vn -0.0000 -0.9897 0.1435
vn -0.9887 -0.0474 0.1424
vn -0.9424 0.3065 0.1339
vn -0.9476 0.3189 -0.0211
vn -0.3111 0.1037 0.9447
vn -0.3102 -0.0096 0.9506
vn -0.3100 -0.0182 0.9506
vn -0.2039 -0.1615 0.9656
vn -0.2022 -0.1619 0.9659
vn -0.0000 -0.1899 0.9818
vn -0.8927 -0.0609 0.4465
vn -0.8928 0.1165 -0.4352
vn -0.7476 0.6485 0.1435
vn -0.7475 -0.6534 -0.1196
vn -0.9978 -0.0586 -0.0316
vn -0.6971 -0.7163 -0.0307
vn -0.0000 -0.9965 -0.0839
vn -0.0000 -0.9996 -0.0298
vn -0.9980 -0.0621 -0.0079
vn -0.9980 -0.0623 -0.0079
vn -0.9980 -0.0620 -0.0079
vn -0.9565 0.2916 -0.0079
vn -0.9545 0.2968 -0.0296
vn -0.0679 -0.0703 -0.9952
vn -0.0000 -0.0977 -0.9952
vn -0.0684 -0.0698 -0.9952
vn -0.5414 0.8407 0.0060
vn -0.5407 0.8412 -0.0074
vn -0.0000 0.8971 -0.4417
vn 0.0607 0.9790 -0.1947
vn -0.5574 0.3065 -0.7716
vn -0.5556 0.3140 -0.7699
vn -0.5477 -0.7461 -0.3786
vn -0.7466 -0.6112 -0.2627
vn -0.0000 0.9952 0.0975
vn -0.0000 -0.8315 -0.5556
vn 0.0529 0.5548 -0.8303
vn -0.0000 0.3451 -0.9386
vn -0.0000 0.7432 -0.6691
vn -0.7902 -0.0000 -0.6129
vn -0.7902 0.4334 -0.4334
vn -0.7902 0.6129 -0.0000
vn -0.7902 0.4334 0.4334
vn -0.7902 -0.0000 0.6129
vn -0.7902 -0.4334 0.4334
vn -0.9884 -0.1314 -0.0759
vn -0.9884 -0.1518 -0.0000
vn -0.9884 -0.0759 -0.1314
vn -0.9884 -0.0000 -0.1518
vn -0.9884 0.0759 -0.1314
vn -0.0000 0.9529 0.3032
vn -0.0000 0.9529 -0.3032
vn -0.0000 0.5000 -0.8660
vn -0.0000 0.8660 -0.5000
vn -0.0000 0.8660 0.5000
vn -0.0000 0.2588 -0.9659
vn -0.0000 0.5000 0.8660
vn -0.0000 0.2588 0.9659
vn -0.0000 -0.5000 -0.8660
vn -0.0000 -0.2588 -0.9659
vn -0.0000 -0.8660 -0.5000
vn -0.0000 -0.8660 0.5000
vn -0.0000 -0.5000 0.8660
vn -0.0000 -0.2588 0.9659
vn -0.9884 -0.1314 0.0759
vn -0.9884 -0.0759 0.1314
vn -0.9884 -0.0000 0.1518
vn -0.9884 0.0759 0.1314
vn -0.9884 0.1314 0.0759
vn -0.9884 0.1518 -0.0000
vn -0.9884 0.1314 -0.0759
vn 0.3371 -0.6657 0.6657
vn 0.3371 -0.0000 0.9415
vn 0.3371 -0.9415 -0.0000
vn 0.3371 -0.6657 -0.6657
vn 0.3371 -0.0000 -0.9415
vn 0.3371 0.6657 -0.6657
vn 0.3371 0.9415 -0.0000
vn 0.7902 -0.4334 -0.4334
vn 0.7902 -0.6129 -0.0000
vn 0.3371 0.6657 0.6657
vn 0.1040 0.0347 0.9940
vn 0.3265 -0.6320 0.7028
vn 0.4187 -0.9081 -0.0000
vn 0.3265 -0.6320 -0.7028
vn 0.1040 0.0347 -0.9940
vn -0.1185 0.7014 -0.7028
vn -0.2107 0.9776 -0.0000
vn 0.9486 0.3166 -0.0000
vn -0.1185 0.7014 0.7028
vn -0.6887 0.3337 0.6437
vn -0.9926 -0.1008 0.0674
vn -0.6887 -0.4671 -0.5546
vn 0.0263 -0.5514 -0.8338
vn 0.7163 -0.3227 -0.6187
vn 0.9948 0.0843 -0.0563
vn 0.7163 0.4481 0.5349
vn 0.0263 0.5594 0.8285
vn -0.1740 -0.8188 0.5471
vn -0.1102 -0.1613 0.9807
vn 0.0975 0.9798 0.1748
vn 0.1292 0.8245 -0.5509
vn 0.0975 0.2135 -0.9721
vn 0.0079 -0.5268 -0.8499
vn -0.1102 -0.9678 -0.2262
vn 0.0079 0.5837 0.8120
vn 0.4635 0.7368 -0.4923
vn 0.3393 0.9177 0.2068
vn 0.3393 0.1600 -0.9270
vn 0.0216 -0.5162 -0.8562
vn -0.3385 -0.8988 -0.2786
vn -0.5066 -0.7169 0.4790
vn -0.3385 -0.0865 0.9370
vn 0.0216 0.5935 0.8045
vn 0.0284 0.5764 0.8167
vn -0.5255 0.0318 0.8502
vn -0.6347 0.1850 0.7503
vn 0.0383 0.5670 0.8228
vn -0.7640 -0.5364 0.3585
vn -0.9225 -0.3209 0.2145
vn -0.5255 -0.7733 -0.3547
vn -0.6347 -0.6224 -0.4580
vn 0.0284 -0.5340 -0.8450
vn 0.0383 -0.5433 -0.8387
vn 0.5494 0.0130 -0.8354
vn 0.6752 -0.1572 -0.7207
vn 0.7564 0.5439 -0.3634
vn 0.9287 0.3082 -0.2060
vn 0.5494 0.7768 0.3077
vn 0.6752 0.6057 0.4210
vn -0.6887 0.5547 0.4669
vn -0.9926 -0.0673 0.1008
vn -0.6887 -0.6438 -0.3335
vn 0.0263 -0.8286 -0.5592
vn 0.7163 -0.5350 -0.4480
vn 0.9948 0.0563 -0.0843
vn 0.7163 0.6188 0.3225
vn 0.0263 0.8339 0.5512
vn -0.1740 -0.5469 0.8189
vn -0.1102 0.2264 0.9678
vn 0.0975 0.9720 -0.2137
vn 0.1292 0.5507 -0.8246
vn 0.0975 -0.1750 -0.9797
vn 0.0079 -0.8121 -0.5835
vn -0.1102 -0.9807 0.1615
vn 0.0079 0.8501 0.5266
vn 0.4635 0.4921 -0.7369
vn 0.3393 0.9269 -0.1602
vn 0.3393 -0.2071 -0.9176
vn 0.0216 -0.8046 -0.5934
vn -0.3385 -0.9369 0.0867
vn -0.5066 -0.4789 0.7170
vn -0.3385 0.2788 0.8987
vn 0.0216 0.8563 0.5160
vn 0.0284 0.8452 0.5338
vn -0.5255 0.3549 0.7732
vn -0.6347 0.4581 0.6223
vn 0.0383 0.8388 0.5431
vn -0.7640 -0.3583 0.5365
vn -0.9225 -0.2144 0.3210
vn -0.5255 -0.8502 -0.0316
vn -0.6347 -0.7503 -0.1848
vn 0.0284 -0.8168 -0.5762
vn 0.0383 -0.8230 -0.5668
vn 0.5494 -0.3079 -0.7768
vn 0.6752 -0.4212 -0.6056
vn 0.7564 0.3633 -0.5440
vn 0.9287 0.2059 -0.3083
vn 0.5494 0.8354 -0.0132
vn 0.6752 0.7208 0.1570
vn -0.6887 0.6912 0.2189
vn -0.9926 -0.0236 0.1189
vn -0.6887 -0.7224 -0.0615
vn 0.0263 -0.9796 -0.1992
vn 0.7163 -0.6658 -0.2089
vn 0.9948 0.0197 -0.0995
vn 0.7163 0.6951 0.0610
vn 0.0263 0.9815 0.1898
vn -0.1740 -0.1916 0.9659
vn -0.1102 0.5798 0.8072
vn 0.0975 0.8161 -0.5697
vn 0.1292 0.1929 -0.9727
vn 0.0975 -0.5369 -0.8380
vn 0.0079 -0.9736 -0.2280
vn -0.1102 -0.8440 0.5248
vn 0.0079 0.9869 0.1609
vn 0.4635 0.1724 -0.8692
vn 0.3393 0.7949 -0.5030
vn 0.3393 -0.5427 -0.7683
vn 0.0216 -0.9705 -0.2399
vn -0.3385 -0.8323 0.4389
vn -0.5066 -0.1677 0.8457
vn -0.3385 0.6018 0.7234
vn 0.0216 0.9887 0.1487
vn 0.0284 0.9851 0.1694
vn -0.5255 0.6240 0.5784
vn -0.6347 0.6615 0.3994
vn 0.0383 0.9828 0.1804
vn -0.7640 -0.1255 0.6329
vn -0.9225 -0.0751 0.3786
vn -0.5255 -0.7975 0.2964
vn -0.6347 -0.7639 0.1167
vn 0.0284 -0.9752 -0.2194
vn 0.0383 -0.9773 -0.2084
vn 0.5494 -0.5819 -0.5996
vn 0.6752 -0.6210 -0.3981
vn 0.7564 0.1273 -0.6416
vn 0.9288 0.0721 -0.3636
vn 0.5494 0.7667 -0.3321
vn 0.6752 0.7259 -0.1310
vn 0.6803 0.7329 -0.0000
vn 0.9239 0.3827 -0.0000
vn 0.9167 0.3995 -0.0000
vn 0.3542 0.9352 -0.0000
vn 0.3827 0.9239 -0.0000
vn 0.5143 0.8310 -0.2120
vn 0.5143 -0.1221 -0.8488
vn 0.6736 -0.7391 -0.0000
vn 0.3827 -0.9239 -0.0000
vn 0.3514 -0.9362 -0.0000
vn 0.9113 -0.4118 -0.0000
vn 0.9239 -0.3827 -0.0000
vn 0.9808 -0.1951 -0.0000
vn 1.0000 -0.0032 -0.0000
vn 0.8456 -0.0026 -0.5339
vn 0.7823 0.3213 -0.5336
vn 0.9250 0.3799 -0.0000
vn 0.2924 -0.0404 -0.9555
vn 0.0689 0.0280 -0.9972
vn -0.5863 -0.1129 -0.8022
vn -0.5451 -0.2236 -0.8080
vn -0.5863 -0.1129 0.8022
vn 0.2924 -0.0404 0.9555
vn 0.0689 0.0280 0.9972
vn -0.5451 -0.2236 0.8080
vn 0.8456 -0.0026 0.5339
vn 0.7823 0.3213 0.5336
vn 0.5979 0.5979 -0.5339
vn 0.0518 0.0518 -0.9973
vn 0.0518 0.0518 0.9973
vn 0.5979 0.5979 0.5339
vn 0.3236 0.7812 -0.5339
vn 0.0280 0.0677 -0.9973
vn 0.0280 0.0677 0.9973
vn 0.3236 0.7812 0.5339
vn 0.3236 -0.7812 -0.5339
vn 0.3236 -0.7812 0.5339
vn 0.5979 -0.5979 -0.5339
vn 0.5979 -0.5979 0.5339
vn 0.7812 -0.3236 -0.5339
vn 0.5443 -0.2255 -0.8080
vn 0.7812 -0.3236 0.5339
vn 0.5443 -0.2255 0.8080
vn 0.9163 0.3064 -0.2578
vn 0.9609 -0.0292 -0.2755
vn 0.8993 -0.0373 -0.4356
vn 0.8661 0.2824 -0.4125
vn 0.7180 -0.6440 -0.2639
vn 0.6550 -0.6085 -0.4480
vn 0.4505 -0.8672 -0.2121
vn 0.4032 -0.8222 -0.4019
vn 0.5124 0.1576 0.8442
vn 0.5734 -0.0401 0.8183
vn 0.9481 -0.0498 0.3141
vn 0.9090 0.2885 0.3010
vn 0.4034 -0.4158 0.8151
vn 0.6638 -0.6789 0.3138
vn 0.9993 -0.0351 -0.0123
vn 0.7242 -0.6892 0.0246
vn 0.6410 -0.7434 -0.1910
vn 0.9845 -0.0535 -0.1673
vn 0.6973 -0.7168 -0.0075
vn 0.6973 -0.7167 -0.0075
vn 0.2116 -0.2290 0.9502
vn 0.2065 -0.2344 0.9500
vn 0.3018 -0.1295 0.9445
vn 0.7183 -0.6367 0.2803
vn 0.8081 -0.5490 0.2133
vn 0.9359 -0.3451 0.0700
vn 0.9421 0.2972 -0.1551
vn 0.8232 0.2187 0.5240
vn 0.4779 0.3595 0.8015
vn 0.4752 0.0501 0.8784
vn 0.6964 -0.0471 0.7161
vn 0.0976 0.0299 -0.9948
vn 0.0967 -0.0053 -0.9953
vn 0.0966 -0.0071 -0.9953
vn 0.8255 -0.2160 -0.5214
vn 0.8473 -0.0582 -0.5280
vn 0.8483 -0.0560 -0.5266
vn 0.8255 -0.3991 -0.3991
vn 0.9469 0.0386 -0.3191
vn 0.9471 0.0443 -0.3178
vn 0.9671 -0.0602 -0.2473
vn 0.9584 -0.0770 -0.2747
vn 0.9630 0.1736 -0.2064
vn 0.9630 0.1736 -0.2061
vn 0.9768 0.1975 -0.0834
vn 0.9784 0.2065 -0.0019
vn 0.9803 0.1832 0.0737
vn 0.9820 0.1347 0.1322
vn 0.9836 0.0708 0.1657
vn 0.9836 0.0708 0.1656
vn 0.9843 0.0351 0.1731
vn 0.9858 -0.0644 0.1549
vn 0.9982 -0.0518 -0.0298
vn 0.9982 -0.0513 -0.0299
vn 0.9934 0.0847 -0.0780
vn 0.9933 0.0851 -0.0782
vn 0.9768 0.1979 -0.0821
vn 0.9784 0.2065 -0.0002
vn 0.9803 0.1825 0.0754
vn 0.9803 0.1826 0.0754
vn 0.9820 0.1336 0.1334
vn 0.9836 0.0691 0.1664
vn 0.9836 0.0691 0.1663
vn 0.8255 -0.5214 -0.2160
vn 0.1881 -0.9027 0.3870
vn 0.2133 -0.7073 0.6739
vn 0.7965 -0.0658 0.6011
vn 0.4900 0.8105 0.3208
vn 0.1340 0.7315 0.6686
vn 0.1842 -0.1309 0.9741
vn 0.8037 -0.1008 0.5865
vn 0.5007 0.7697 0.3961
vn 0.1488 0.6152 0.7742
vn 0.1831 -0.2143 0.9594
vn 0.4699 -0.8671 0.1653
vn 0.0880 -0.9071 0.4116
vn 0.8255 -0.5644 -0.0000
vn 0.2321 0.2657 0.9357
vn 0.1987 0.1373 0.9704
vn 0.8455 0.1966 0.4965
vn 0.8181 0.2931 0.4948
vn 0.0411 -0.3963 -0.9172
vn 0.0373 -0.3678 -0.9292
vn 0.0821 -0.6957 -0.7136
vn 0.0845 -0.7130 -0.6960
vn 0.8255 -0.5214 0.2160
vn 0.8255 -0.3991 0.3991
vn 0.1669 -0.5466 0.8206
vn 0.1940 -0.5439 0.8164
vn 0.9033 -0.2387 0.3565
vn 0.6946 -0.3994 0.5984
vn 0.8483 -0.2533 0.4651
vn 0.8473 -0.2558 0.4655
vn 0.2682 0.0312 0.9629
vn 0.2149 -0.2306 0.9490
vn 0.8735 -0.1143 0.4732
vn 0.8099 0.2808 0.5151
vn 0.9083 -0.0578 0.4142
vn 0.9076 -0.0612 0.4153
vn 0.1829 -0.0692 0.9807
vn 0.1230 0.7776 0.6166
vn 0.1021 -0.8639 0.4932
vn 0.5774 0.6135 0.5387
vn 0.1655 0.4720 0.8659
vn 0.1206 0.8816 0.4563
vn 0.7550 0.6328 -0.1720
vn 0.1059 0.9944 0.0006
vn 0.6161 0.7275 0.3019
vn 0.1769 0.9653 -0.1920
vn 0.9809 -0.1350 -0.1401
vn 0.9810 -0.1388 -0.1353
vn 0.9792 -0.0796 -0.1864
vn 0.9791 -0.0748 -0.1890
vn 0.7959 -0.0333 0.6045
vn 0.4643 0.8383 0.2857
vn -0.0462 -0.4402 -0.8967
vn 0.4723 -0.8628 0.1803
vn 0.0940 -0.8946 0.4368
vn 0.5256 0.7876 -0.3215
vn 0.5252 0.7841 -0.3306
vn 0.5157 0.6041 -0.6075
vn 0.5158 0.6072 -0.6044
vn -0.9413 -0.2264 -0.2503
vn -0.9080 -0.2746 -0.3165
vn -0.9368 0.0388 0.3478
vn -0.9103 0.0520 0.4106
vn -0.9351 0.0885 -0.3433
vn -0.8989 0.1023 -0.4261
vn -0.6797 0.1484 -0.7183
vn 0.1931 0.8158 0.5451
vn -0.1769 -0.9653 0.1920
vn 0.7400 0.4671 0.4840
vn 0.9686 0.1860 -0.1647
vn 0.9611 0.2184 -0.1691
vn 0.7040 -0.6803 -0.2038
vn 0.9633 0.0749 -0.2577
vn 0.4560 -0.8646 0.2110
vn 0.5947 0.7987 -0.0914
vn 0.9655 0.0647 -0.2521
vn 0.6232 0.7764 -0.0937
vn 0.9812 -0.1606 -0.1073
vn 0.9775 -0.0412 -0.2070
vn 0.9837 -0.0596 -0.1697
vn 0.9842 -0.1735 0.0345
vn -0.0161 0.1065 0.9942
vn -0.0596 0.2767 -0.9591
vn -0.0135 -0.6114 0.7912
vn -0.0616 0.8823 -0.4666
vn -0.2110 -0.1907 -0.9587
vn -0.0264 -0.9969 0.0738
vn -0.1931 -0.8158 -0.5451
vn 0.2110 0.1907 0.9587
vn 0.5143 -0.5139 -0.6866
vn 0.5143 -0.7375 0.4377
vn 0.5143 -0.7375 -0.4377
vn 0.5143 -0.5139 0.6866
vn 0.5143 -0.8488 -0.1221
vn 0.5143 -0.2120 0.8310
vn 0.5143 0.1221 -0.8488
vn 0.5143 -0.2120 -0.8310
vn 0.9809 -0.1082 0.1619
vn 0.5143 0.1221 0.8488
vn 0.5143 -0.8310 0.2120
vn 0.5143 -0.6866 0.5139
vn 0.9809 -0.0380 0.1910
vn 0.5143 0.4377 0.7375
vn 0.5143 -0.4377 0.7375
vn 0.9809 0.1082 0.1619
vn 0.5143 0.8310 0.2120
vn 0.5143 -0.1221 0.8488
vn 0.9809 0.1910 0.0380
vn 0.5143 0.7375 -0.4377
vn 0.5143 0.5139 0.6866
vn 0.5143 0.7375 0.4377
vn 0.9809 0.1910 -0.0380
vn 0.5143 0.5139 -0.6866
vn 0.9547 -0.2915 -0.0607
vn 0.9995 -0.0041 -0.0317
vn 0.9258 0.1034 -0.3636
vn 0.9019 -0.2246 -0.3691
vn 0.9226 -0.0756 0.3783
vn 0.9277 -0.0523 0.3697
vn 0.9999 -0.0040 0.0164
vn 0.9998 -0.0057 0.0205
vn 0.9352 -0.1251 0.3312
vn 0.9414 0.0922 -0.3244
vn 0.9037 -0.4202 -0.0818
vn 0.9365 0.3449 0.0633
vn 0.9173 -0.3950 -0.0513
vn 0.9627 -0.2690 -0.0297
vn 0.9024 -0.4215 -0.0899
vn 0.9038 0.4200 0.0821
vn 0.9039 -0.4192 -0.0852
vn 0.9274 -0.1209 0.3539
vn 0.9234 0.1299 -0.3613
vn 0.9039 0.4191 0.0854
vn 0.9039 -0.4184 -0.0885
vn 0.9278 -0.1206 0.3531
vn 0.9237 0.1296 -0.3605
vn 0.9040 0.4183 0.0888
vn 0.9041 -0.4174 -0.0918
vn 0.9281 -0.1204 0.3524
vn 0.9240 0.1293 -0.3598
vn 0.9041 0.4173 0.0921
vn 0.9101 -0.4040 -0.0921
vn 0.9298 -0.1174 0.3489
vn 0.9244 0.1291 -0.3590
vn 0.9101 0.4040 0.0920
vn 0.9098 -0.4055 -0.0887
vn 0.9314 -0.0810 0.3548
vn 0.9262 0.1263 -0.3553
vn 0.9098 0.4056 0.0885
vn 0.8738 -0.4757 -0.1006
vn 0.9275 -0.0891 0.3631
vn 0.9228 0.1218 -0.3655
vn 0.9281 0.3719 -0.0181
vn 0.9262 -0.3196 0.2000
vn 0.9204 0.2586 0.2932
vn 0.8901 -0.3336 -0.3106
vn 0.8813 0.4644 0.0876
vn 0.9224 -0.3861 0.0095
vn 0.9250 0.2764 0.2608
vn 0.8931 -0.0674 -0.4447
vn 0.9300 0.3049 -0.2053
vn 0.9090 -0.4086 -0.0821
vn 0.8623 0.4836 -0.1502
vn 0.6071 0.7917 -0.0684
vn 0.7084 -0.6812 -0.1848
vn 0.9701 0.0547 -0.2366
vn 0.6284 0.7724 -0.0919
vn 0.7035 -0.6916 -0.1635
vn 0.7410 -0.5946 -0.3121
vn 0.9179 -0.0845 -0.3878
vn 0.9351 0.2136 -0.2828
vn 0.7970 -0.1420 0.5871
vn 0.8734 -0.1143 0.4735
vn 0.9389 0.2075 -0.2747
vn 0.9875 0.0952 -0.1253
vn 0.2014 -0.2313 0.9518
vn 0.2145 -0.2306 0.9491
vn 0.9621 0.1285 -0.2406
vn 0.9870 0.0752 -0.1419
vn 0.9786 0.1335 -0.1567
vn -0.9247 -0.3771 0.0523
vn -0.9266 -0.3724 0.0522
vn -0.9266 0.3241 0.1907
vn -0.9247 0.3284 0.1927
vn 0.7730 -0.5846 0.2463
vn 0.7727 -0.5884 0.2382
vn 0.7791 -0.4448 0.4417
vn 0.7792 -0.4420 0.4444
vn 0.5788 0.5722 0.5810
vn 0.5780 0.5824 0.5716
vn 0.5593 0.7690 0.3097
vn 0.5602 0.7628 0.3231
vn 0.5946 0.3032 0.7447
vn 0.5941 0.3134 0.7408
vn 0.6494 -0.0157 0.7603
vn 0.6462 -0.0035 0.7631
vn -0.6899 -0.4518 -0.5656
vn -0.9981 -0.0512 -0.0342
vn 0.5143 0.8488 0.1221
vn 0.5143 0.2120 -0.8310
vn 0.5143 0.6866 -0.5139
vn 0.5143 -0.4377 -0.7375
vn 0.5143 -0.8310 -0.2120
vn 0.5143 -0.8488 0.1221
vn 0.9809 0.0380 -0.1910
vn 0.9809 -0.1082 -0.1619
vn 0.9809 0.1619 -0.1082
vn 0.9809 -0.1619 0.1082
vn 0.9809 -0.1910 0.0380
vn 0.9809 -0.1910 -0.0380
vn 0.5143 0.6866 0.5139
vn 0.5143 0.2120 0.8310
vn 0.5143 0.8488 -0.1221
vn 0.5143 0.4377 -0.7375
vn 0.5143 -0.6866 -0.5139
vn 0.9809 -0.0380 -0.1910
vn 0.9809 0.0380 0.1910
vn 0.9809 0.1619 0.1082
vn 0.9809 0.1082 -0.1619
vn 0.9809 -0.1619 -0.1082
vn 0.9076 0.1024 -0.4071
vn 0.9083 0.1051 -0.4048
vn 0.9295 0.2609 -0.2609
vn 0.9295 0.3408 -0.1412
vn 0.9295 0.3689 -0.0000
vn 0.9295 0.3408 0.1412
vn 0.9295 0.2609 0.2609
vn 0.9295 0.1412 0.3408
vn -0.1150 0.9204 0.3736
vn -0.1141 0.9151 0.3867
vn -0.0822 0.6962 0.7131
vn -0.0845 0.7130 0.6961
vn 0.1150 -0.9205 -0.3735
vn 0.1141 -0.9148 -0.3874
vn 0.1283 -0.9917 -0.0017
vn 0.1283 -0.9917 0.0014
vn -0.1283 0.9917 -0.0012
vn -0.1283 0.9917 0.0010
vn 0.1227 -0.9151 0.3841
vn 0.1230 -0.9186 0.3755
vn -0.1230 0.9187 -0.3754
vn -0.1226 0.9149 -0.3846
vn 0.1084 -0.6970 0.7089
vn 0.1092 -0.7142 0.6914
vn -0.1045 0.7135 -0.6928
vn -0.1032 0.6967 -0.7099
vn 0.0671 -0.3667 0.9279
vn 0.0756 -0.4147 0.9068
vn -0.0374 0.3687 0.9288
vn -0.0411 0.3963 0.9172
vn -0.0703 0.4090 -0.9098
vn -0.0642 0.3657 -0.9285
vn -0.0832 0.7038 0.7055
vn -0.0976 0.8046 0.5858
vn -0.0890 0.6212 -0.7786
vn -0.0932 0.6558 -0.7492
vn 0.9827 -0.1700 -0.0741
vn 0.9841 -0.1774 -0.0027
vn 0.9852 -0.1590 0.0639
vn 0.9842 -0.1769 0.0019
vn -0.0273 0.7201 -0.6933
vn -0.0234 0.7988 -0.6012
vn 0.5776 -0.7588 0.3010
vn 0.6174 -0.6980 0.3627
vn 0.2587 -0.9658 0.0197
vn 0.4959 -0.8672 0.0451
vn 0.9693 -0.1784 -0.1694
vn 0.9378 -0.3379 -0.0802
vn 0.9587 0.0469 -0.2807
vn 0.9900 -0.0811 -0.1156
vn 0.9854 -0.0739 0.1533
vn 0.9843 0.0341 0.1734
vn 0.7148 -0.2730 -0.6438
vn 0.7141 -0.2608 -0.6496
vn 0.7299 -0.4769 -0.4896
vn 0.5330 -0.6481 -0.5439
vn 0.9852 -0.1576 0.0667
vn 0.9828 -0.1716 -0.0685
vn 0.7355 -0.2686 0.6220
vn 0.7340 -0.2658 0.6250
vn 0.7621 -0.6474 0.0056
vn 0.7615 -0.6482 -0.0074
vn 0.6541 -0.0118 -0.7563
vn 0.6493 -0.0005 -0.7605
vn 0.0336 0.5604 0.8275
vn 0.0302 0.6751 0.7371
vn 0.9816 -0.1325 0.1376
vn 0.9814 -0.1337 0.1374
vn 0.9858 -0.1193 0.1182
vn 0.9858 -0.1183 0.1191
vn 0.9850 0.0337 0.1693
vn 0.9851 0.0685 0.1579
vn 0.9851 0.0633 0.1596
vn 0.9840 0.1235 0.1282
vn 0.9839 0.1293 0.1236
vn 0.9823 0.1749 0.0674
vn 0.9825 0.1707 0.0749
vn 0.9805 0.1963 -0.0046
vn 0.9807 0.1953 0.0039
vn 0.9791 0.1891 -0.0750
vn 0.9790 0.1870 -0.0814
vn 0.9780 0.1464 -0.1488
vn 0.9780 0.1486 -0.1465
vn 0.9778 0.0816 -0.1931
vn 0.9778 0.0803 -0.1937
vn 0.9771 0.0430 -0.2082
vn -0.9997 0.0227 -0.0098
vn -0.9997 0.0232 -0.0090
vn -0.9996 0.0268 0.0008
vn -0.9996 0.0265 -0.0006
vn -0.9997 0.0165 -0.0168
vn -0.9997 0.0169 -0.0164
vn -0.9997 0.0087 -0.0212
vn -0.9997 0.0089 -0.0212
vn -0.9997 -0.0172 -0.0178
vn -0.9997 -0.0180 -0.0172
vn -0.9997 -0.0094 -0.0217
vn -0.9997 -0.0088 -0.0218
vn -0.9997 0.0001 -0.0229
vn -0.9997 -0.0001 -0.0229
vn -0.9996 -0.0243 -0.0107
vn -0.9996 -0.0251 -0.0095
vn -0.8979 -0.2201 0.3813
vn -0.9368 -0.1689 0.3064
vn -0.9080 0.3748 -0.1874
vn -0.9413 0.3050 -0.1446
vn -0.7069 0.1148 0.6979
vn -0.6797 0.1378 -0.7204
vn -0.8989 0.0686 -0.4328
vn -0.9476 0.0418 -0.3166
vn -0.9981 0.0604 -0.0120
vn -0.0529 -0.1948 -0.9794
vn -0.7069 -0.3731 0.6009
vn -0.9975 0.0393 -0.0588
vn -0.9975 -0.0138 -0.0693
vn -0.6899 0.6338 -0.3497
vn -0.7050 -0.7065 0.0620
vn -0.7050 0.6290 0.3276
vn -0.0000 0.5592 -0.8290
vn -0.0000 0.9919 -0.1269
vn -0.0000 0.9590 0.2833
vn -0.0000 0.9303 0.3668
vn -0.0000 0.8822 0.4708
vn 0.4014 0.9043 -0.1455
vn 0.9277 0.0812 -0.3643
vn 0.9303 0.1463 -0.3363
vn 0.8936 -0.1224 -0.4320
vn 0.5366 0.8027 -0.2603
vn 0.9039 -0.0943 -0.4172
vn 0.5688 0.7789 -0.2643
vn 0.5953 0.7626 -0.2531
vn 0.9406 0.1129 -0.3202
vn 0.7959 0.4907 -0.3546
vn 0.5039 0.8401 -0.2008
vn 0.7421 -0.5666 -0.3582
vn 0.7405 -0.5793 -0.3408
vn 0.8675 0.2995 -0.3971
vn 0.8752 0.2913 -0.3861
vn 0.9062 0.1999 -0.3726
vn 0.0826 -0.9966 0.0055
vn -0.0004 0.7192 0.6948
vn -0.0003 0.8372 0.5469
vn -0.0008 -0.2540 0.9672
vn -0.0008 -0.3153 0.9490
vn -0.0008 -0.0901 0.9959
vn -0.0008 -0.1401 0.9901
vn -0.0007 -0.4064 0.9137
vn -0.0007 -0.4613 0.8872
vn -0.0008 -0.1931 0.9812
vn -0.0008 -0.3299 0.9440
vn -0.0008 -0.3197 0.9475
vn 0.9208 -0.1392 0.3643
vn 0.9208 -0.1248 0.3696
vn 0.9997 -0.0079 0.0234
vn 0.9997 -0.0178 0.0176
vn 0.8059 0.4471 0.3882
vn 0.4460 0.6209 0.6447
vn 0.6849 -0.3023 -0.6630
vn 0.8704 -0.2629 -0.4163
vn 0.8143 -0.5414 -0.2091
vn 0.5371 -0.7456 -0.3945
vn 0.9537 0.1079 0.2807
vn 0.5584 0.5042 0.6588
vn 0.7287 0.0603 -0.6822
vn 0.9069 0.0276 -0.4205
vn 0.6329 -0.4576 -0.6245
vn 0.7784 -0.4659 -0.4208
vn 0.7141 -0.1659 -0.6802
vn 0.9217 0.1322 -0.3648
vn 0.7258 0.2344 -0.6468
vn 0.7261 0.2025 -0.6571
vn 0.9217 0.1321 -0.3647
vn 0.7258 0.2343 -0.6467
vn 0.9218 0.1322 -0.3644
vn 0.7259 0.2346 -0.6466
vn 0.9223 0.1337 -0.3626
vn 0.7258 0.2386 -0.6452
vn 0.9208 -0.1247 0.3695
vn 0.7133 -0.2241 0.6641
vn 0.7136 -0.2211 0.6648
vn 0.9213 -0.1225 0.3690
vn 0.7132 -0.2242 0.6642
vn 0.7101 -0.2414 0.6615
vn 0.8815 -0.3314 0.3364
vn 0.6880 -0.3802 0.6182
vn 0.7163 -0.1352 0.6846
vn 0.7143 -0.0939 0.6936
vn 0.7275 0.2201 -0.6498
vn 0.9221 0.1247 -0.3663
vn 0.9264 -0.0956 0.3642
vn 0.7154 -0.1784 0.6756
vn 0.7260 0.2419 -0.6438
vn 0.9229 0.1346 -0.3609
vn 0.6390 -0.3462 0.6869
vn 0.7328 -0.3144 0.6034
vn 0.8361 -0.4672 0.2875
vn 0.6599 -0.4879 0.5714
vn 0.9997 0.0070 -0.0251
vn 0.9997 0.0015 -0.0247
vn 0.9994 -0.0204 -0.0285
vn 0.9978 -0.0652 -0.0129
vn 0.9993 0.0129 -0.0356
vn 0.9993 0.0127 -0.0350
vn 0.9995 0.0102 -0.0315
vn 0.9993 0.0130 -0.0360
vn 0.9993 0.0129 -0.0358
vn 0.9997 -0.0077 0.0231
vn 0.9997 -0.0079 0.0233
vn 0.9997 -0.0062 0.0231
vn 0.9996 0.0066 0.0266
vn 0.9995 0.0240 0.0189
vn 0.9999 0.0060 0.0157
vn 0.8294 -0.4048 0.3850
vn 0.9477 0.2109 0.2394
vn -0.0003 0.3891 0.9212
vn 0.6734 -0.6276 0.3907
vn 0.6402 -0.5935 0.4878
vn 0.4073 -0.9075 0.1028
vn 0.5161 -0.8424 0.1549
vn -0.0004 -0.8299 0.5580
vn -0.0005 -0.3738 0.9275
vn -0.0004 0.1848 0.9828
vn -0.0003 0.0887 0.9961
vn -0.0004 0.1856 0.9826
vn 0.8249 -0.5386 0.1716
vn 0.7901 -0.6025 0.1128
vn 0.6925 0.6824 -0.2340
vn 0.6788 0.6485 -0.3444
vn 0.8655 -0.4106 0.2870
vn 0.8912 -0.2825 0.3548
vn 0.9326 -0.2035 0.2979
vn 0.6394 0.5270 -0.5599
vn 0.6003 0.3498 -0.7192
vn 0.5891 0.2352 -0.7731
vn 0.6563 0.1960 -0.7286
vn 0.9706 -0.1540 0.1852
vn 0.7242 0.1811 -0.6653
vn 0.9854 -0.1194 0.1213
vn -0.0003 -0.9919 0.1269
vn -0.0009 0.3407 -0.9402
vn -0.0009 0.3412 -0.9400
vn -0.0009 0.3051 -0.9523
vn -0.0008 -0.1049 -0.9945
vn -0.0009 0.3520 -0.9360
vn -0.0009 0.3219 -0.9468
vn -0.0009 0.3467 -0.9380
vn -0.0006 -0.4085 -0.9128
vn -0.0009 0.0777 -0.9970
vn -0.0008 -0.4642 -0.8857
vn -0.0005 -0.9080 -0.4191
vn 0.9808 0.1951 -0.0000
vn 0.6927 -0.7069 0.1428
vn 0.9887 -0.0474 0.1424
vn 0.9424 0.3065 0.1339
vn 0.9476 0.3189 -0.0211
vn 0.3111 0.1037 0.9447
vn 0.3100 -0.0182 0.9506
vn 0.3102 -0.0096 0.9506
vn 0.2022 -0.1619 0.9659
vn 0.2039 -0.1615 0.9656
vn 0.8927 -0.0609 0.4465
vn 0.8928 0.1165 -0.4352
vn 0.7476 0.6485 0.1435
vn 0.7475 -0.6534 -0.1196
vn 0.6971 -0.7163 -0.0307
vn 0.9978 -0.0586 -0.0316
vn 0.9980 -0.0622 -0.0079
vn 0.9980 -0.0620 -0.0079
vn 0.9565 0.2916 -0.0079
vn 0.9545 0.2968 -0.0296
vn 0.0679 -0.0703 -0.9952
vn 0.0684 -0.0698 -0.9952
vn 0.5414 0.8407 0.0060
vn 0.5407 0.8412 -0.0074
vn -0.0607 0.9790 -0.1947
vn 0.5556 0.3140 -0.7699
vn 0.5574 0.3065 -0.7716
vn 0.5477 -0.7461 -0.3786
vn 0.7466 -0.6112 -0.2627
vn -0.0529 0.5548 -0.8303
vn 0.7902 0.4334 -0.4334
vn 0.7902 -0.0000 -0.6129
vn 0.7902 0.4334 0.4334
vn 0.7902 0.6129 -0.0000
vn 0.7902 -0.4334 0.4334
vn 0.7902 -0.0000 0.6129
vn 0.9884 -0.1314 -0.0759
vn 0.9884 -0.1518 -0.0000
vn 0.9884 -0.0759 -0.1314
vn 0.9884 -0.0000 -0.1518
vn 0.9884 0.0759 -0.1314
vn 0.9884 -0.1314 0.0759
vn 0.9884 -0.0759 0.1314
vn 0.9884 -0.0000 0.1518
vn 0.9884 0.0759 0.1314
vn 0.9884 0.1314 0.0759
vn 0.9884 0.1518 -0.0000
vn 0.9884 0.1314 -0.0759
vn -0.9228 0.3854 -0.0000
vn -0.8266 0.5628 -0.0000
vn -0.9216 0.3881 -0.0000
vn 0.9228 0.3854 -0.0000
vn 0.8266 0.5628 -0.0000
vn 0.9216 0.3881 -0.0000
vn 0.0319 0.0134 0.9994
vn 0.0295 0.0294 0.9991
vn 0.0294 0.0295 0.9991
vn 0.0317 0.0130 0.9994
vn -0.0000 0.0418 0.9991
vn -0.0160 0.0386 0.9991
vn 0.0284 0.0026 0.9996
vn 0.0285 0.0030 0.9996
vn -0.0295 0.0294 0.9991
vn -0.0319 0.0134 0.9994
vn -0.0317 0.0130 0.9994
vn -0.0294 0.0295 0.9991
vn 0.0339 -0.0026 0.9994
vn 0.0330 -0.0018 0.9995
vn 0.0300 -0.0301 0.9991
vn 0.0386 -0.0163 0.9991
vn 0.0387 -0.0162 0.9991
vn 0.0301 -0.0300 0.9991
vn -0.0284 0.0026 0.9996
vn -0.0285 0.0030 0.9996
vn 0.0162 -0.0392 0.9991
vn -0.0339 -0.0026 0.9994
vn -0.0330 -0.0018 0.9995
vn -0.0386 -0.0163 0.9991
vn -0.0300 -0.0301 0.9991
vn -0.0301 -0.0300 0.9991
vn -0.0387 -0.0162 0.9991
vn -0.0000 -0.0424 0.9991
vn -0.0162 -0.0392 0.9991
vn 0.0160 0.0386 0.9991
vn 0.9284 0.2869 0.2363
vn 0.6877 0.6873 0.2341
vn 0.5735 0.5735 0.5850
vn 0.7818 0.2254 0.5813
vn -0.0000 0.9724 0.2332
vn -0.3723 0.8983 0.2334
vn -0.3106 0.7498 0.5842
vn -0.0000 0.8118 0.5839
vn 0.9089 0.3596 0.2110
vn 0.7479 0.3869 0.5394
vn -0.6877 0.6873 0.2341
vn -0.9284 0.2869 0.2363
vn -0.7818 0.2254 0.5813
vn -0.5735 0.5735 0.5850
vn 0.9457 0.2363 0.2233
vn 0.7843 0.2623 0.5622
vn 0.6877 -0.6881 0.2315
vn 0.8989 -0.3727 0.2304
vn 0.7521 -0.3116 0.5807
vn 0.5750 -0.5751 0.5819
vn -0.9089 0.3596 0.2110
vn -0.7479 0.3869 0.5394
vn 0.3721 -0.8987 0.2322
vn 0.3110 -0.7508 0.5827
vn -0.9457 0.2363 0.2233
vn -0.7843 0.2623 0.5622
vn -0.8989 -0.3727 0.2304
vn -0.6877 -0.6881 0.2315
vn -0.5750 -0.5751 0.5819
vn -0.7521 -0.3116 0.5807
vn -0.0000 -0.9726 0.2324
vn -0.0000 -0.8125 0.5830
vn -0.3721 -0.8987 0.2322
vn -0.3110 -0.7508 0.5827
vn 0.3723 0.8983 0.2334
vn 0.3106 0.7498 0.5842
vn -0.0000 -0.0018 1.0000
vn 0.4015 -0.0890 -0.9115
vn -0.0138 -0.0128 -0.9998
vn -0.0127 -0.0116 -0.9999
vn 0.3803 -0.0858 -0.9209
vn -0.0044 -0.0019 -1.0000
vn -0.0044 -0.0017 -1.0000
vn 0.0022 -0.0053 -1.0000
vn 0.0021 -0.0053 -1.0000
vn -0.2654 -0.2537 -0.9302
vn -0.3395 -0.1408 -0.9300
vn -0.0000 -0.0032 -1.0000
vn -0.3680 -0.0125 -0.9297
vn -0.3379 0.1263 -0.9327
vn -0.2554 0.2552 -0.9325
vn -0.1384 0.3339 -0.9324
vn -0.0000 0.3615 -0.9324
vn 0.1384 0.3339 -0.9324
vn 0.2554 0.2552 -0.9325
vn 0.3379 0.1263 -0.9327
vn 0.3680 -0.0125 -0.9297
vn 0.3395 -0.1408 -0.9300
vn 0.2654 -0.2537 -0.9302
vn -0.0000 -0.3732 -0.9278
vn -0.1304 -0.3363 -0.9327
vn 0.7273 -0.1365 -0.6726
vn 0.0224 -0.0217 -0.9995
vn 0.1304 -0.3363 -0.9327
vn -0.0925 -0.9957 -0.0000
vn 0.0925 -0.9957 -0.0000
vn -0.0000 0.8475 0.5308
vn -0.0000 -0.7457 -0.6663
vn -0.0000 0.8706 0.4921
vn -0.0000 0.5158 0.8567
vn 0.9475 0.3191 -0.0211
vn 0.9992 -0.0385 -0.0124
vn 0.7010 -0.7128 0.0226
vn -0.9475 0.3191 -0.0211
vn -0.9992 -0.0385 -0.0124
vn -0.7010 -0.7128 0.0226
vn -0.0000 -0.9989 0.0463
vt 0.426252 0.468908
vt 0.402116 0.476663
vt 0.394043 0.449181
vt 0.418179 0.441427
vt 0.383075 0.450457
vt 0.427869 0.436065
vt 0.392049 0.410503
vt 0.397507 0.408749
vt 0.881398 0.434719
vt 0.853804 0.454029
vt 0.851285 0.449803
vt 0.868888 0.484142
vt 0.849578 0.456547
vt 0.847059 0.452322
vt 0.831975 0.422208
vt 0.819465 0.471632
vt 0.916936 0.241540
vt 0.905500 0.225979
vt 0.912439 0.218667
vt 0.904532 0.235892
vt 0.913817 0.263340
vt 0.907551 0.250643
vt 0.905300 0.242836
vt 0.896786 0.232518
vt 0.889888 0.220974
vt 0.898837 0.257183
vt 0.899805 0.247270
vt 0.899038 0.240326
vt 0.893800 0.264806
vt 0.887560 0.243978
vt 0.491448 0.568631
vt 0.506494 0.604670
vt 0.490821 0.610026
vt 0.477062 0.574922
vt 0.508465 0.639934
vt 0.494872 0.642144
vt 0.507794 0.704497
vt 0.495500 0.738666
vt 0.482439 0.731369
vt 0.493101 0.701407
vt 0.475685 0.769163
vt 0.464729 0.758678
vt 0.449905 0.795156
vt 0.419974 0.816896
vt 0.411074 0.803686
vt 0.441175 0.782376
vt 0.432231 0.733379
vt 0.408593 0.709884
vt 0.418344 0.697535
vt 0.446355 0.713819
vt 0.495778 0.671736
vt 0.458365 0.669061
vt 0.456613 0.645756
vt 0.388861 0.762632
vt 0.413058 0.749864
vt 0.449404 0.622003
vt 0.435387 0.598107
vt 0.455240 0.692002
vt 0.395278 0.719480
vt 0.378618 0.725231
vt 0.418924 0.637840
vt 0.408152 0.624617
vt 0.425000 0.652744
vt 0.426700 0.668166
vt 0.424475 0.683339
vt 0.536661 0.568848
vt 0.562409 0.516124
vt 0.569468 0.521776
vt 0.545849 0.571143
vt 0.535808 0.628352
vt 0.545091 0.626501
vt 0.559898 0.679217
vt 0.566751 0.673009
vt 0.604903 0.482044
vt 0.608135 0.489998
vt 0.621443 0.609932
vt 0.636222 0.632952
vt 0.073178 0.014334
vt 0.159223 0.014334
vt 0.159223 0.019634
vt 0.073178 0.019634
vt 0.276919 0.795391
vt 0.310199 0.795542
vt 0.310043 0.802721
vt 0.276717 0.802475
vt 0.310051 0.809681
vt 0.276688 0.809321
vt 0.310053 0.816773
vt 0.276645 0.816297
vt 0.276554 0.823348
vt 0.310000 0.824306
vt 0.343796 0.795300
vt 0.343711 0.802512
vt 0.343806 0.809491
vt 0.343914 0.816597
vt 0.343837 0.823966
vt 0.244132 0.795225
vt 0.243847 0.802249
vt 0.243735 0.808627
vt 0.243588 0.816003
vt 0.243386 0.823404
vt 0.210968 0.815732
vt 0.213779 0.823773
vt 0.276543 0.795473
vt 0.309823 0.795623
vt 0.309668 0.802802
vt 0.276342 0.802556
vt 0.309675 0.809762
vt 0.276312 0.809403
vt 0.309677 0.816854
vt 0.276269 0.816379
vt 0.276178 0.823429
vt 0.309624 0.824389
vt 0.343420 0.795382
vt 0.343335 0.802594
vt 0.343431 0.809572
vt 0.343539 0.816679
vt 0.343462 0.824047
vt 0.243756 0.795307
vt 0.243471 0.802330
vt 0.243359 0.808709
vt 0.243212 0.816084
vt 0.243010 0.823485
vt 0.210555 0.807871
vt 0.210592 0.815814
vt 0.277352 0.778334
vt 0.246344 0.778637
vt 0.246298 0.771386
vt 0.277464 0.771345
vt 0.246241 0.764288
vt 0.277417 0.764638
vt 0.246276 0.757704
vt 0.277382 0.757827
vt 0.277409 0.750898
vt 0.246460 0.750184
vt 0.213814 0.780443
vt 0.211342 0.772781
vt 0.209012 0.763924
vt 0.211458 0.756156
vt 0.214004 0.748402
vt 0.307819 0.778227
vt 0.308126 0.771168
vt 0.308164 0.764831
vt 0.308115 0.757739
vt 0.308091 0.750474
vt 0.339440 0.780444
vt 0.342028 0.773060
vt 0.342375 0.756767
vt 0.340039 0.749078
vt 0.344523 0.765631
vt 0.508873 0.671285
vt 0.528805 0.551332
vt 0.795860 0.334005
vt 0.793461 0.330650
vt 0.825221 0.314373
vt 0.827030 0.317904
vt 0.831776 0.316922
vt 0.833187 0.325537
vt 0.829045 0.325541
vt 0.764634 0.364216
vt 0.761009 0.361103
vt 0.824524 0.369395
vt 0.819883 0.368966
vt 0.824643 0.405836
vt 0.820100 0.405594
vt 0.819992 0.446947
vt 0.815514 0.446440
vt 0.597963 0.466787
vt 0.576319 0.468381
vt 0.573633 0.457076
vt 0.599444 0.455868
vt 0.727587 0.347899
vt 0.644657 0.480113
vt 0.623333 0.462887
vt 0.681184 0.323686
vt 0.625514 0.306729
vt 0.566123 0.301723
vt 0.546778 0.468994
vt 0.506249 0.309705
vt 0.770471 0.459643
vt 0.635283 0.513063
vt 0.639567 0.510404
vt 0.645754 0.520373
vt 0.641470 0.523032
vt 0.406412 0.667853
vt 0.406824 0.657625
vt 0.401181 0.649118
vt 0.395762 0.640525
vt 0.376624 0.704875
vt 0.386060 0.700221
vt 0.395599 0.695815
vt 0.400838 0.686855
vt 0.406429 0.678143
vt 0.091725 0.270754
vt 0.063860 0.240209
vt 0.072498 0.237840
vt 0.098699 0.265683
vt 0.199141 0.289180
vt 0.157701 0.298908
vt 0.157317 0.291144
vt 0.195246 0.282906
vt 0.121758 0.289719
vt 0.126160 0.282790
vt 0.981315 0.474624
vt 0.982800 0.463781
vt 0.935848 0.463781
vt 0.936502 0.471632
vt 0.621252 0.588499
vt 0.649192 0.600793
vt 0.652826 0.605650
vt 0.697724 0.460247
vt 0.693889 0.456764
vt 0.636187 0.506482
vt 0.708078 0.481692
vt 0.521661 0.468126
vt 0.486551 0.338823
vt 0.493107 0.338303
vt 0.528968 0.466076
vt 0.499104 0.335302
vt 0.536275 0.464025
vt 0.215036 0.792471
vt 0.211605 0.800053
vt 0.210932 0.807789
vt 0.214660 0.792553
vt 0.211229 0.800134
vt 0.213403 0.823855
vt 0.563861 0.808797
vt 0.581861 0.808798
vt 0.581861 0.988504
vt 0.563854 0.988501
vt 0.527623 0.808796
vt 0.545742 0.808796
vt 0.545735 0.988500
vt 0.527616 0.988499
vt 0.509504 0.808795
vt 0.509497 0.988498
vt 0.618231 0.472189
vt 0.556436 0.478425
vt 0.632769 0.486356
vt 0.649276 0.594829
vt 0.630634 0.569325
vt 0.651744 0.589411
vt 0.653638 0.554990
vt 0.073178 0.009071
vt 0.159223 0.009070
vt 0.073178 0.024934
vt 0.159223 0.024935
vt 0.159223 0.030213
vt 0.073178 0.030212
vt 0.657064 0.586573
vt 0.069087 0.019634
vt 0.069087 0.024934
vt 0.069087 0.030212
vt 0.069087 0.009071
vt 0.069087 0.014334
vt 0.064997 0.014334
vt 0.064997 0.019634
vt 0.064997 0.009071
vt 0.064997 0.024934
vt 0.064997 0.030212
vt 0.053217 0.014334
vt 0.057308 0.014334
vt 0.057308 0.019634
vt 0.053217 0.019634
vt 0.049126 0.014334
vt 0.049126 0.019634
vt 0.049126 0.009071
vt 0.053217 0.009071
vt 0.053217 0.024934
vt 0.049126 0.024934
vt 0.057308 0.024934
vt 0.057308 0.030212
vt 0.057308 0.009071
vt 0.053217 0.030212
vt 0.049126 0.030212
vt 0.012603 0.019634
vt 0.012603 0.024935
vt 0.012603 0.030212
vt 0.012603 0.009071
vt 0.012603 0.014334
vt 0.257987 0.234473
vt 0.231757 0.268815
vt 0.227237 0.263323
vt 0.251609 0.231553
vt 0.705130 0.686319
vt 0.705130 0.696318
vt 0.663966 0.696318
vt 0.663966 0.686319
vt 0.518505 0.700421
vt 0.567640 0.727031
vt 0.578332 0.754220
vt 0.501543 0.756306
vt 0.637022 0.695727
vt 0.637022 0.686910
vt 0.577600 0.686319
vt 0.577600 0.696318
vt 0.564348 0.796930
vt 0.480489 0.788222
vt 0.648081 0.028721
vt 0.648081 0.011784
vt 0.654540 0.011784
vt 0.654540 0.028721
vt 0.660999 0.011784
vt 0.660999 0.028721
vt 0.667458 0.011784
vt 0.667458 0.028721
vt 0.673917 0.011784
vt 0.673917 0.028721
vt 0.680376 0.011784
vt 0.680376 0.028721
vt 0.686836 0.011784
vt 0.686836 0.028721
vt 0.717344 0.031425
vt 0.712017 0.025975
vt 0.716699 0.024113
vt 0.719365 0.026621
vt 0.641621 0.028721
vt 0.641621 0.011784
vt 0.635162 0.028721
vt 0.635162 0.011784
vt 0.308612 0.029643
vt 0.308612 0.011429
vt 0.319880 0.011429
vt 0.319880 0.029643
vt 0.327834 0.011429
vt 0.327834 0.029643
vt 0.257577 0.029643
vt 0.257577 0.011429
vt 0.265531 0.011429
vt 0.265531 0.029643
vt 0.273484 0.011429
vt 0.273484 0.029643
vt 0.284752 0.011429
vt 0.284752 0.029643
vt 0.292706 0.011429
vt 0.292706 0.029643
vt 0.222199 0.027357
vt 0.244585 0.027357
vt 0.238028 0.033914
vt 0.228756 0.033914
vt 0.300659 0.029643
vt 0.300659 0.011429
vt 0.442250 0.016858
vt 0.460032 0.016858
vt 0.460032 0.021053
vt 0.442250 0.021053
vt 0.460032 0.025248
vt 0.442250 0.025248
vt 0.460032 0.029442
vt 0.442250 0.029442
vt 0.460032 0.033636
vt 0.442250 0.033637
vt 0.460032 0.037831
vt 0.442250 0.037832
vt 0.460032 0.042026
vt 0.442250 0.042026
vt 0.463442 0.025247
vt 0.463442 0.029442
vt 0.442250 0.012664
vt 0.460032 0.012664
vt 0.442250 0.008469
vt 0.460032 0.008470
vt 0.463442 0.037831
vt 0.463442 0.042026
vt 0.463442 0.033637
vt 0.463442 0.008470
vt 0.463442 0.012664
vt 0.463442 0.021053
vt 0.463442 0.016859
vt 0.524557 0.008470
vt 0.524557 0.012665
vt 0.524557 0.033636
vt 0.524557 0.037831
vt 0.524557 0.025248
vt 0.524557 0.029442
vt 0.524557 0.016859
vt 0.524557 0.021054
vt 0.524557 0.042026
vt 0.540411 0.008470
vt 0.613391 0.008471
vt 0.613391 0.012666
vt 0.540411 0.012665
vt 0.540411 0.021054
vt 0.613391 0.021054
vt 0.613391 0.025248
vt 0.540411 0.025248
vt 0.540411 0.029442
vt 0.613391 0.029442
vt 0.613391 0.033637
vt 0.540411 0.033636
vt 0.540411 0.037831
vt 0.613390 0.037831
vt 0.613390 0.042025
vt 0.540411 0.042026
vt 0.613391 0.016860
vt 0.540411 0.016859
vt 0.536637 0.025248
vt 0.536637 0.021054
vt 0.536637 0.029442
vt 0.536636 0.033636
vt 0.536636 0.037831
vt 0.536636 0.042026
vt 0.536637 0.012665
vt 0.536637 0.008470
vt 0.536637 0.016859
vt 0.532606 0.016859
vt 0.532606 0.012665
vt 0.528431 0.012665
vt 0.528431 0.016859
vt 0.532606 0.008470
vt 0.528431 0.008470
vt 0.532606 0.042026
vt 0.532606 0.037831
vt 0.528431 0.037831
vt 0.528431 0.042026
vt 0.532606 0.033636
vt 0.528431 0.033636
vt 0.532606 0.029442
vt 0.528431 0.029442
vt 0.532606 0.025247
vt 0.528431 0.025248
vt 0.532606 0.021054
vt 0.528431 0.021054
vt 0.442251 0.016859
vt 0.460032 0.016859
vt 0.460032 0.021054
vt 0.442251 0.021054
vt 0.460032 0.025249
vt 0.442251 0.025248
vt 0.460032 0.029443
vt 0.442251 0.029443
vt 0.460032 0.033637
vt 0.442251 0.033637
vt 0.460032 0.037832
vt 0.442251 0.037832
vt 0.460032 0.042026
vt 0.442251 0.042026
vt 0.463443 0.025249
vt 0.463443 0.029443
vt 0.442251 0.012665
vt 0.460032 0.012665
vt 0.442251 0.008470
vt 0.460032 0.008470
vt 0.463443 0.037832
vt 0.463443 0.042026
vt 0.463443 0.033638
vt 0.463443 0.008470
vt 0.463443 0.012665
vt 0.463443 0.021054
vt 0.463443 0.016859
vt 0.524557 0.008470
vt 0.524557 0.012665
vt 0.524557 0.033637
vt 0.524557 0.037832
vt 0.524557 0.025248
vt 0.524557 0.029443
vt 0.524557 0.016859
vt 0.524557 0.021054
vt 0.524557 0.042026
vt 0.540410 0.008470
vt 0.613389 0.008471
vt 0.613389 0.012665
vt 0.540410 0.012665
vt 0.540410 0.021054
vt 0.613389 0.021054
vt 0.613389 0.025248
vt 0.540410 0.025248
vt 0.540410 0.029443
vt 0.613389 0.029442
vt 0.613389 0.033637
vt 0.540410 0.033637
vt 0.540410 0.037832
vt 0.613389 0.037832
vt 0.613389 0.042026
vt 0.540410 0.042026
vt 0.613389 0.016859
vt 0.540410 0.016859
vt 0.536636 0.025249
vt 0.536636 0.021054
vt 0.536636 0.029443
vt 0.536636 0.033637
vt 0.536636 0.037832
vt 0.536636 0.042026
vt 0.536636 0.012665
vt 0.536636 0.008470
vt 0.536636 0.016859
vt 0.532606 0.016859
vt 0.532606 0.012665
vt 0.528431 0.012665
vt 0.528431 0.016859
vt 0.532606 0.008470
vt 0.528431 0.008470
vt 0.532606 0.042026
vt 0.532606 0.037832
vt 0.528431 0.037832
vt 0.528431 0.042026
vt 0.532606 0.033637
vt 0.528431 0.033637
vt 0.532606 0.029443
vt 0.528431 0.029443
vt 0.532606 0.025249
vt 0.528431 0.025249
vt 0.532606 0.021054
vt 0.528431 0.021054
vt 0.442251 0.016859
vt 0.460032 0.016859
vt 0.460032 0.021054
vt 0.442251 0.021054
vt 0.460032 0.025249
vt 0.442251 0.025248
vt 0.442251 0.029443
vt 0.460032 0.033637
vt 0.442251 0.033637
vt 0.460032 0.037832
vt 0.442251 0.037832
vt 0.442251 0.042026
vt 0.442251 0.012665
vt 0.460032 0.012665
vt 0.442251 0.008470
vt 0.463443 0.037832
vt 0.463443 0.042026
vt 0.463443 0.033637
vt 0.463443 0.012665
vt 0.463443 0.021054
vt 0.524557 0.008471
vt 0.524557 0.012665
vt 0.524557 0.033637
vt 0.524557 0.037832
vt 0.524557 0.025248
vt 0.524557 0.029443
vt 0.524557 0.016859
vt 0.524557 0.021054
vt 0.524557 0.042026
vt 0.540411 0.008471
vt 0.613390 0.008471
vt 0.613390 0.012665
vt 0.540411 0.012665
vt 0.540411 0.021054
vt 0.613390 0.021055
vt 0.613390 0.025249
vt 0.540411 0.025249
vt 0.540411 0.029443
vt 0.613390 0.029443
vt 0.613390 0.033637
vt 0.540411 0.033637
vt 0.540411 0.037832
vt 0.613391 0.037832
vt 0.613391 0.042026
vt 0.540411 0.042026
vt 0.613390 0.016860
vt 0.540411 0.016860
vt 0.536637 0.025249
vt 0.536637 0.021054
vt 0.536637 0.029443
vt 0.536637 0.033637
vt 0.536637 0.037832
vt 0.536637 0.042026
vt 0.536637 0.012665
vt 0.536637 0.008471
vt 0.536637 0.016860
vt 0.532606 0.016860
vt 0.532606 0.012665
vt 0.528431 0.012665
vt 0.528431 0.016859
vt 0.532606 0.008471
vt 0.528431 0.008471
vt 0.532606 0.042026
vt 0.532606 0.037832
vt 0.528431 0.037832
vt 0.528431 0.042026
vt 0.532606 0.033637
vt 0.528431 0.033637
vt 0.532606 0.029443
vt 0.528431 0.029443
vt 0.532606 0.025249
vt 0.528431 0.025249
vt 0.532606 0.021054
vt 0.528431 0.021054
vt 0.982557 0.615236
vt 0.982536 0.642383
vt 0.670034 0.645017
vt 0.664108 0.615807
vt 0.982189 0.584259
vt 0.665909 0.588621
vt 0.982189 0.563416
vt 0.678434 0.558948
vt 0.829956 0.064848
vt 0.829956 0.019275
vt 0.850524 0.019275
vt 0.850524 0.064848
vt 0.477897 0.915208
vt 0.491688 0.950750
vt 0.202532 0.950750
vt 0.202532 0.915208
vt 0.495950 0.986291
vt 0.202532 0.986291
vt 0.464374 0.879666
vt 0.202532 0.879667
vt 0.458290 0.844125
vt 0.202532 0.844125
vt 0.826459 0.540256
vt 0.868357 0.540184
vt 0.868370 0.544265
vt 0.826472 0.544347
vt 0.868347 0.548306
vt 0.826449 0.548400
vt 0.868331 0.552424
vt 0.826434 0.552532
vt 0.826510 0.527940
vt 0.868415 0.527982
vt 0.868390 0.532102
vt 0.826485 0.532073
vt 0.868359 0.536142
vt 0.826454 0.536126
vt 0.910125 0.540215
vt 0.910131 0.544286
vt 0.910102 0.548318
vt 0.910079 0.552428
vt 0.910174 0.528001
vt 0.910150 0.532112
vt 0.910121 0.536144
vt 0.951867 0.540237
vt 0.951874 0.544307
vt 0.951844 0.548338
vt 0.951820 0.552447
vt 0.951916 0.528028
vt 0.951891 0.532136
vt 0.951861 0.536167
vt 0.993595 0.540259
vt 0.993601 0.544328
vt 0.993572 0.548358
vt 0.993548 0.552465
vt 0.993643 0.528054
vt 0.993619 0.532162
vt 0.993589 0.536191
vt 0.655568 0.540192
vt 0.700245 0.540233
vt 0.700264 0.544330
vt 0.655903 0.544693
vt 0.700271 0.548436
vt 0.656747 0.549073
vt 0.656791 0.531496
vt 0.700283 0.532128
vt 0.700243 0.536168
vt 0.655945 0.535746
vt 0.742369 0.540244
vt 0.742374 0.544345
vt 0.742348 0.548406
vt 0.742389 0.532080
vt 0.742363 0.536142
vt 0.784424 0.540241
vt 0.784431 0.544342
vt 0.784403 0.548402
vt 0.784442 0.532079
vt 0.784414 0.536141
vt 0.826460 0.540253
vt 0.868358 0.540180
vt 0.868371 0.544261
vt 0.826473 0.544344
vt 0.868349 0.548303
vt 0.826451 0.548397
vt 0.868333 0.552420
vt 0.826436 0.552529
vt 0.826512 0.527937
vt 0.868417 0.527979
vt 0.868391 0.532097
vt 0.826487 0.532069
vt 0.868361 0.536138
vt 0.826456 0.536123
vt 0.910127 0.540212
vt 0.910132 0.544283
vt 0.910103 0.548314
vt 0.910080 0.552424
vt 0.910176 0.527998
vt 0.910152 0.532108
vt 0.910122 0.536141
vt 0.951869 0.540234
vt 0.951875 0.544304
vt 0.951846 0.548334
vt 0.951822 0.552443
vt 0.951917 0.528024
vt 0.951893 0.532133
vt 0.951863 0.536164
vt 0.993597 0.540256
vt 0.993603 0.544325
vt 0.993573 0.548355
vt 0.993550 0.552462
vt 0.993645 0.528051
vt 0.993621 0.532158
vt 0.993590 0.536188
vt 0.655570 0.540189
vt 0.700247 0.540230
vt 0.700265 0.544326
vt 0.655905 0.544689
vt 0.700272 0.548432
vt 0.656749 0.549069
vt 0.656793 0.531492
vt 0.700284 0.532124
vt 0.700244 0.536165
vt 0.655947 0.535743
vt 0.742371 0.540240
vt 0.742375 0.544341
vt 0.742350 0.548403
vt 0.742391 0.532076
vt 0.742364 0.536139
vt 0.784426 0.540237
vt 0.784433 0.544338
vt 0.784404 0.548399
vt 0.784444 0.532075
vt 0.784416 0.536137
vt 0.826459 0.540211
vt 0.868357 0.540284
vt 0.868370 0.536201
vt 0.826472 0.536120
vt 0.868348 0.532162
vt 0.826450 0.532067
vt 0.868332 0.528044
vt 0.826435 0.527935
vt 0.826511 0.552527
vt 0.868416 0.552485
vt 0.868390 0.548366
vt 0.826486 0.548395
vt 0.868360 0.544326
vt 0.826455 0.544341
vt 0.910126 0.540251
vt 0.910132 0.536181
vt 0.910102 0.532149
vt 0.910079 0.528040
vt 0.910175 0.552466
vt 0.910151 0.548356
vt 0.910121 0.544323
vt 0.951867 0.540230
vt 0.951874 0.536160
vt 0.951844 0.532130
vt 0.951820 0.528021
vt 0.951916 0.552439
vt 0.951891 0.548331
vt 0.951861 0.544300
vt 0.993595 0.540207
vt 0.993601 0.536139
vt 0.993572 0.532109
vt 0.993548 0.528003
vt 0.993643 0.552413
vt 0.993619 0.548305
vt 0.993589 0.544276
vt 0.655570 0.540274
vt 0.700246 0.540233
vt 0.700265 0.536138
vt 0.655904 0.535774
vt 0.700272 0.532031
vt 0.656749 0.531394
vt 0.656793 0.548971
vt 0.700284 0.548340
vt 0.700244 0.544299
vt 0.655947 0.544721
vt 0.742370 0.540224
vt 0.742375 0.536123
vt 0.742349 0.532061
vt 0.742391 0.548388
vt 0.742364 0.544325
vt 0.784425 0.540226
vt 0.784432 0.536126
vt 0.784404 0.532064
vt 0.784443 0.548388
vt 0.784415 0.544327
vt 0.226742 0.664860
vt 0.208457 0.698197
vt 0.179910 0.689072
vt 0.186742 0.656628
vt 0.127752 0.681057
vt 0.130820 0.648647
vt 0.093874 0.680711
vt 0.101687 0.646221
vt 0.199280 0.535236
vt 0.216681 0.571200
vt 0.189296 0.577332
vt 0.184871 0.541938
vt 0.144482 0.571269
vt 0.155077 0.538467
vt 0.100451 0.550780
vt 0.126349 0.518807
vt 0.188189 0.635805
vt 0.132627 0.627815
vt 0.166352 0.744222
vt 0.125777 0.737962
vt 0.851806 0.198787
vt 0.872879 0.196786
vt 0.869421 0.148972
vt 0.847744 0.154681
vt 0.074028 0.705397
vt 0.891061 0.151466
vt 0.899968 0.136783
vt 0.868054 0.132504
vt 0.835412 0.137925
vt 0.858213 0.097913
vt 0.805046 0.074864
vt 0.902148 0.102627
vt 0.185848 0.750928
vt 0.735724 0.271785
vt 0.756028 0.272329
vt 0.755520 0.284181
vt 0.732979 0.284717
vt 0.156847 0.801940
vt 0.148802 0.796202
vt 0.156899 0.775902
vt 0.171887 0.784941
vt 0.540806 0.208324
vt 0.542944 0.137378
vt 0.556271 0.135863
vt 0.554600 0.206779
vt 0.173620 0.496540
vt 0.861706 0.356492
vt 0.857063 0.331234
vt 0.918952 0.329162
vt 0.917025 0.359954
vt 0.868674 0.381895
vt 0.915468 0.384824
vt 0.903166 0.467804
vt 0.907418 0.462067
vt 0.910621 0.462267
vt 0.910247 0.468247
vt 0.746184 0.768840
vt 0.746028 0.707238
vt 0.786165 0.707084
vt 0.786321 0.768686
vt 0.826303 0.706929
vt 0.826458 0.768531
vt 0.104039 0.164261
vt 0.099139 0.185496
vt 0.074601 0.185384
vt 0.080890 0.154363
vt 0.117000 0.146328
vt 0.099125 0.127879
vt 0.078236 0.216662
vt 0.069201 0.190727
vt 0.084583 0.213769
vt 0.094885 0.241356
vt 0.099638 0.236876
vt 0.118235 0.259189
vt 0.121276 0.253090
vt 0.147024 0.267518
vt 0.147718 0.260695
vt 0.177152 0.265294
vt 0.175358 0.258613
vt 0.204324 0.252240
vt 0.200312 0.246668
vt 0.225040 0.230762
vt 0.219705 0.226806
vt 0.238299 0.206552
vt 0.233455 0.198856
vt 0.040865 0.231160
vt 0.063252 0.271398
vt 0.057809 0.275943
vt 0.034739 0.233182
vt 0.100617 0.300786
vt 0.097050 0.307417
vt 0.146807 0.314964
vt 0.145843 0.322522
vt 0.195316 0.311897
vt 0.197151 0.319337
vt 0.239699 0.291267
vt 0.244154 0.297484
vt 0.272035 0.255973
vt 0.278397 0.259557
vt 0.136368 0.134795
vt 0.127678 0.111150
vt 0.605876 0.950682
vt 0.727398 0.950682
vt 0.727398 0.985068
vt 0.605876 0.985068
vt 0.745394 0.916889
vt 0.727398 0.916889
vt 0.727398 0.912099
vt 0.745394 0.912099
vt 0.745394 0.945365
vt 0.727398 0.945365
vt 0.727398 0.941054
vt 0.745394 0.941054
vt 0.745394 0.950682
vt 0.158568 0.131465
vt 0.159207 0.105762
vt 0.727398 0.830798
vt 0.745394 0.830798
vt 0.745394 0.853292
vt 0.727398 0.853292
vt 0.235624 0.284188
vt 0.265773 0.251468
vt 0.180677 0.137695
vt 0.192952 0.114147
vt 0.198231 0.151910
vt 0.218304 0.135467
vt 0.727398 0.921971
vt 0.745394 0.921971
vt 0.208592 0.172253
vt 0.233603 0.164697
vt 0.727398 0.873388
vt 0.745394 0.873388
vt 0.745394 0.885208
vt 0.727398 0.885208
vt 0.210041 0.194966
vt 0.605876 0.945365
vt 0.605876 0.941054
vt 0.727398 0.889949
vt 0.605876 0.889949
vt 0.605876 0.885208
vt 0.727398 0.894411
vt 0.605876 0.894412
vt 0.605876 0.775769
vt 0.727398 0.775769
vt 0.727398 0.801823
vt 0.605876 0.801823
vt 0.481337 0.374946
vt 0.533791 0.537931
vt 0.515204 0.547662
vt 0.460453 0.377216
vt 0.172989 0.060120
vt 0.212395 0.070866
vt 0.204512 0.075507
vt 0.178076 0.066550
vt 0.039843 0.132029
vt 0.069906 0.088765
vt 0.745394 0.889949
vt 0.191485 0.107188
vt 0.188216 0.100604
vt 0.066376 0.798877
vt 0.006516 0.798587
vt 0.006749 0.750397
vt 0.066610 0.750687
vt 0.088951 0.324983
vt 0.043623 0.288581
vt 0.230680 0.382924
vt 0.265661 0.424560
vt 0.172221 0.453851
vt 0.164564 0.444738
vt 0.011495 0.486655
vt 0.013570 0.470374
vt 0.117043 0.463879
vt 0.116589 0.467443
vt 0.078643 0.091612
vt 0.111524 0.070667
vt 0.109345 0.079416
vt 0.086500 0.092148
vt 0.165343 0.100000
vt 0.170944 0.095070
vt 0.745394 0.801823
vt 0.930346 0.801823
vt 0.930346 0.830798
vt 0.745394 0.775769
vt 0.930346 0.775769
vt 0.930346 0.894411
vt 0.745394 0.894412
vt 0.930346 0.889949
vt 0.930346 0.885208
vt 0.930346 0.916889
vt 0.930346 0.912099
vt 0.099281 0.119765
vt 0.074648 0.156191
vt 0.045779 0.141455
vt 0.038202 0.177667
vt 0.030291 0.182481
vt 0.068834 0.159597
vt 0.064702 0.175631
vt 0.043820 0.172263
vt 0.050342 0.148519
vt 0.114317 0.104177
vt 0.100196 0.114232
vt 0.122018 0.107633
vt 0.069318 0.180333
vt 0.829956 0.064848
vt 0.829956 0.019274
vt 0.850524 0.019274
vt 0.850524 0.064848
vt 0.829956 0.064848
vt 0.829956 0.019274
vt 0.850524 0.019274
vt 0.850524 0.064848
vt 0.913688 0.064848
vt 0.850524 0.064848
vt 0.850524 0.019275
vt 0.913688 0.006746
vt 0.829956 0.064848
vt 0.829956 0.019275
vt 0.850523 0.064848
vt 0.850523 0.019275
vt 0.913688 0.064848
vt 0.850523 0.064848
vt 0.850523 0.019274
vt 0.913688 0.006746
vt 0.076148 0.360121
vt 0.011816 0.357293
vt 0.011816 0.336725
vt 0.076148 0.333899
vt 0.850524 0.019275
vt 0.076148 0.360121
vt 0.011815 0.357293
vt 0.011815 0.336726
vt 0.076148 0.333899
vt 0.913688 0.064848
vt 0.850524 0.064848
vt 0.850524 0.019275
vt 0.913688 0.006746
vt 0.076148 0.360120
vt 0.011815 0.357293
vt 0.011815 0.336725
vt 0.076148 0.333899
vt 0.076148 0.360120
vt 0.011815 0.357293
vt 0.011815 0.336726
vt 0.076148 0.333899
vt 0.913688 0.064848
vt 0.850524 0.019275
vt 0.913688 0.006746
vt 0.076149 0.360120
vt 0.011815 0.357293
vt 0.011815 0.336726
vt 0.076149 0.333899
vt 0.202558 0.839661
vt 0.458316 0.839661
vt 0.434772 0.133734
vt 0.433280 0.118342
vt 0.469588 0.118272
vt 0.468544 0.131856
vt 0.636128 0.236043
vt 0.636235 0.214032
vt 0.666945 0.212682
vt 0.668685 0.236871
vt 0.465705 0.227149
vt 0.431293 0.231704
vt 0.441972 0.219303
vt 0.456207 0.217167
vt 0.458580 0.143618
vt 0.444486 0.145305
vt 0.680868 0.203957
vt 0.673542 0.203638
vt 0.670853 0.126201
vt 0.681672 0.125748
vt 0.695968 0.206471
vt 0.694226 0.129042
vt 0.715407 0.136314
vt 0.705407 0.217555
vt 0.720699 0.234941
vt 0.733006 0.155299
vt 0.766707 0.202283
vt 0.738823 0.248015
vt 0.751409 0.255666
vt 0.773324 0.224967
vt 0.775141 0.243151
vt 0.758889 0.260558
vt 0.573156 0.205478
vt 0.574649 0.134630
vt 0.587947 0.133059
vt 0.587106 0.203949
vt 0.330295 0.237773
vt 0.333596 0.107666
vt 0.606234 0.203419
vt 0.606844 0.131875
vt 0.627131 0.129885
vt 0.626628 0.202930
vt 0.645512 0.202896
vt 0.645577 0.129044
vt 0.658313 0.127739
vt 0.658482 0.202173
vt 0.475463 0.215023
vt 0.478045 0.142411
vt 0.491916 0.140927
vt 0.489498 0.213147
vt 0.508347 0.211429
vt 0.510845 0.139947
vt 0.524376 0.138477
vt 0.522196 0.209760
vt 0.501589 0.129731
vt 0.498782 0.223138
vt 0.533804 0.127422
vt 0.531380 0.219793
vt 0.565508 0.124823
vt 0.563820 0.216905
vt 0.597295 0.122011
vt 0.596731 0.214328
vt 0.636265 0.119055
vt 0.665892 0.117867
vt 0.711221 0.240672
vt 0.726057 0.132648
vt 0.776806 0.204471
vt 0.740751 0.258518
vt 0.687615 0.213289
vt 0.686307 0.117405
vt 0.784463 0.242399
vt 0.930346 0.853292
vt 0.930346 0.873388
vt 0.930346 0.921971
vt 0.930346 0.945365
vt 0.930346 0.941054
vt 0.930346 0.950682
vt 0.982204 0.950682
vt 0.982204 0.945365
vt 0.118848 0.355062
vt 0.173228 0.355062
vt 0.151989 0.438639
vt 0.140086 0.438639
vt 0.231294 0.049616
vt 0.280135 0.087645
vt 0.266564 0.098476
vt 0.222883 0.064553
vt 0.257623 0.313220
vt 0.203687 0.338446
vt 0.298325 0.268594
vt 0.316899 0.205927
vt 0.294318 0.204685
vt 0.214820 0.376642
vt 0.161515 0.442839
vt 0.021821 0.440317
vt 0.118849 0.457300
vt 0.829956 0.019275
vt 0.829956 0.019274
vt 0.850524 0.019274
vt 0.829956 0.064848
vt 0.829956 0.019274
vt 0.850523 0.019274
vt 0.850523 0.064848
vt 0.829956 0.064848
vt 0.913688 0.064848
vt 0.913688 0.006746
vt 0.076148 0.360121
vt 0.011815 0.357293
vt 0.011815 0.336726
vt 0.076148 0.333899
vt 0.076148 0.360120
vt 0.011815 0.357293
vt 0.011815 0.336726
vt 0.076148 0.333899
vt 0.913688 0.064848
vt 0.913688 0.006746
vt 0.076148 0.360120
vt 0.011815 0.357293
vt 0.011815 0.336726
vt 0.076148 0.333898
vt 0.076149 0.360120
vt 0.011815 0.357293
vt 0.011815 0.336726
vt 0.076149 0.333899
vt 0.829956 0.064848
vt 0.829956 0.019275
vt 0.850523 0.064848
vt 0.829956 0.019275
vt 0.829957 0.064852
vt 0.829957 0.019278
vt 0.850524 0.019278
vt 0.850524 0.064851
vt 0.829956 0.064848
vt 0.850524 0.019274
vt 0.850524 0.064848
vt 0.829956 0.064848
vt 0.829956 0.019275
vt 0.850523 0.019275
vt 0.850523 0.064848
vt 0.913688 0.064848
vt 0.913688 0.006746
vt 0.913688 0.064848
vt 0.913688 0.006746
vt 0.829956 0.064848
vt 0.829956 0.019275
vt 0.913688 0.064848
vt 0.913688 0.006746
vt 0.076148 0.360120
vt 0.011815 0.357293
vt 0.011815 0.336726
vt 0.076148 0.333899
vt 0.076148 0.360120
vt 0.011815 0.357293
vt 0.011815 0.336726
vt 0.076148 0.333898
vt 0.913688 0.064848
vt 0.913689 0.064852
vt 0.913689 0.006750
vt 0.076149 0.360120
vt 0.011815 0.357293
vt 0.011815 0.336726
vt 0.913688 0.064848
vt 0.913688 0.006746
vt 0.076147 0.360120
vt 0.011814 0.357292
vt 0.011814 0.336725
vt 0.076147 0.333898
vt 0.913688 0.006746
vt 0.076148 0.360121
vt 0.011816 0.357293
vt 0.011816 0.336725
vt 0.076148 0.333899
vt 0.423298 0.577745
vt 0.367608 0.407606
vt 0.102759 0.206363
vt 0.113644 0.223608
vt 0.129978 0.235564
vt 0.149738 0.241121
vt 0.170292 0.239490
vt 0.188826 0.230700
vt 0.202779 0.215714
vt 0.209419 0.257876
vt 0.179670 0.272588
vt 0.147803 0.307330
vt 0.193826 0.303831
vt 0.146224 0.275747
vt 0.104045 0.293450
vt 0.114429 0.265786
vt 0.068579 0.265614
vt 0.088906 0.245869
vt 0.044685 0.228809
vt 0.230926 0.234120
vt 0.072999 0.217844
vt 0.283329 0.211926
vt 0.272197 0.219645
vt 0.243433 0.213409
vt 0.168991 0.051167
vt 0.066212 0.193953
vt 0.745394 0.985068
vt 0.077326 0.949835
vt 0.077140 0.809737
vt 0.154879 0.810923
vt 0.170932 0.950067
vt 0.168239 0.809436
vt 0.183679 0.946112
vt 0.930346 0.985068
vt 0.982204 0.985068
vt 0.039197 0.192371
vt 0.027045 0.125278
vt 0.060206 0.076867
vt 0.114394 0.058933
vt 0.310228 0.142626
vt 0.293496 0.147977
vt 0.171216 0.034496
vt 0.016220 0.180543
vt 0.042395 0.195502
vt 0.723819 0.492174
vt 0.752591 0.492174
vt 0.752591 0.520045
vt 0.723819 0.520045
vt 0.782873 0.492174
vt 0.782873 0.520045
vt 0.811742 0.492174
vt 0.811742 0.520045
vt 0.842024 0.492174
vt 0.842024 0.520045
vt 0.868608 0.492174
vt 0.868608 0.520045
vt 0.898889 0.492174
vt 0.898889 0.520045
vt 0.925445 0.492174
vt 0.925445 0.520045
vt 0.966394 0.492174
vt 0.966394 0.520045
vt 0.866440 0.706774
vt 0.866596 0.768376
vt 0.906577 0.706620
vt 0.906733 0.768221
vt 0.706046 0.768995
vt 0.705891 0.707393
vt 0.048899 0.586554
vt 0.020265 0.540324
vt 0.118508 0.479190
vt 0.124776 0.489309
vt 0.236855 0.384529
vt 0.285508 0.476416
vt 0.181353 0.463103
vt 0.170001 0.443143
vt 0.167256 0.349979
vt 0.151144 0.433529
vt 0.021175 0.422400
vt 0.064370 0.381665
vt 0.117548 0.447866
vt 0.112093 0.463065
vt 0.108433 0.358495
vt 0.133360 0.434594
vt 0.003525 0.481655
vt 0.111356 0.477480
vt 0.026415 0.424560
vt 0.061395 0.382924
vt 0.127511 0.444738
vt 0.119854 0.453851
vt 0.584792 0.768216
vt 0.585483 0.706619
vt 0.625616 0.707307
vt 0.624925 0.768903
vt 0.266869 0.440910
vt 0.173227 0.457300
vt 0.274895 0.470148
vt 0.280581 0.486655
vt 0.175487 0.467443
vt 0.175033 0.463879
vt 0.031759 0.568681
vt 0.119819 0.493488
vt 0.065442 0.991639
vt 0.005582 0.991349
vt 0.005815 0.943158
vt 0.065675 0.943449
vt 0.006049 0.894968
vt 0.065909 0.895258
vt 0.056566 0.739388
vt 0.006679 0.702205
vt 0.056527 0.712519
vt 0.187342 0.363828
vt 0.155332 0.439955
vt 0.077255 0.376642
vt 0.104734 0.363828
vt 0.136744 0.439955
vt 0.130560 0.442839
vt 0.066538 0.701722
vt 0.851070 0.280926
vt 0.864247 0.241307
vt 0.873776 0.232413
vt 0.882548 0.282896
vt 0.847709 0.230782
vt 0.856391 0.212647
vt 0.929441 0.039554
vt 0.929441 0.032413
vt 0.988073 0.032413
vt 0.988073 0.039553
vt 0.929442 0.231475
vt 0.929442 0.180811
vt 0.988074 0.180811
vt 0.988074 0.231475
vt 0.879256 0.410149
vt 0.913748 0.412308
vt 0.902428 0.479596
vt 0.909242 0.484301
vt 0.869083 0.213442
vt 0.988074 0.314553
vt 0.988074 0.334097
vt 0.929442 0.334097
vt 0.929442 0.314553
vt 0.988074 0.385336
vt 0.929442 0.385336
vt 0.446726 0.334486
vt 0.982204 0.775769
vt 0.982204 0.801823
vt 0.982204 0.830798
vt 0.982204 0.889949
vt 0.982204 0.885208
vt 0.982204 0.916889
vt 0.982204 0.912099
vt 0.982204 0.941054
vt 0.982204 0.853292
vt 0.982204 0.873388
vt 0.982204 0.894412
vt 0.982204 0.921971
vt 0.173604 0.988822
vt 0.353647 0.364952
vt 0.077394 0.988658
vt 0.679299 0.299959
vt 0.688015 0.264780
vt 0.715369 0.280291
vt 0.706325 0.310187
vt 0.564948 0.291807
vt 0.563178 0.259549
vt 0.596326 0.257864
vt 0.596201 0.291052
vt 0.661884 0.296172
vt 0.667876 0.261616
vt 0.356220 0.348450
vt 0.332650 0.299523
vt 0.433309 0.277686
vt 0.443130 0.309735
vt 0.635564 0.259235
vt 0.632800 0.292538
vt 0.467540 0.270621
vt 0.473916 0.302335
vt 0.499475 0.265760
vt 0.503903 0.297524
vt 0.531240 0.262179
vt 0.534315 0.294083
vt 0.465848 0.247956
vt 0.498650 0.243470
vt 0.715816 0.264033
vt 0.736443 0.102268
vt 0.795793 0.186958
vt 0.781960 0.196290
vt 0.729258 0.120349
vt 0.689534 0.238243
vt 0.689696 0.083659
vt 0.686907 0.103823
vt 0.339699 0.058996
vt 0.436514 0.091650
vt 0.331253 0.096667
vt 0.502661 0.116465
vt 0.471800 0.094171
vt 0.504109 0.093300
vt 0.534582 0.114309
vt 0.535282 0.091425
vt 0.566038 0.111754
vt 0.566258 0.088885
vt 0.597898 0.108983
vt 0.598008 0.086031
vt 0.530982 0.239991
vt 0.563314 0.237214
vt 0.430136 0.253926
vt 0.667322 0.103833
vt 0.669408 0.081903
vt 0.596575 0.234998
vt 0.636933 0.105710
vt 0.637924 0.082790
vt 0.766124 0.272834
vt 0.772035 0.280351
vt 0.328163 0.260554
vt 0.728433 0.316912
vt 0.780421 0.258922
vt 0.797536 0.243890
vt 0.782246 0.271900
vt 0.802388 0.293115
vt 0.787268 0.305285
vt 0.752739 0.307463
vt 0.737420 0.308870
vt 0.311113 0.394488
vt 0.295009 0.398979
vt 0.268455 0.318346
vt 0.280991 0.312617
vt 0.324919 0.389223
vt 0.289373 0.309012
vt 0.345306 0.454048
vt 0.326009 0.458845
vt 0.353796 0.514188
vt 0.329355 0.516834
vt 0.355021 0.577178
vt 0.326063 0.577791
vt 0.305718 0.461153
vt 0.307194 0.516044
vt 0.301675 0.575096
vt 0.292020 0.645676
vt 0.319514 0.648911
vt 0.282707 0.733194
vt 0.313361 0.735321
vt 0.273739 0.641398
vt 0.285426 0.572230
vt 0.292355 0.515119
vt 0.292558 0.462076
vt 0.284010 0.401410
vt 0.259839 0.320923
vt 0.358536 0.656509
vt 0.363133 0.735321
vt 0.074028 0.597695
vt 0.257144 0.723485
vt 0.762330 0.315422
vt 0.754639 0.316933
vt 0.828367 0.254348
vt 0.532994 0.059017
vt 0.563227 0.056084
vt 0.503380 0.060787
vt 0.474335 0.060227
vt 0.445159 0.056373
vt 0.636411 0.048222
vt 0.671746 0.046814
vt 0.594919 0.052542
vt 0.366513 0.015312
vt 0.696786 0.048907
vt 0.757406 0.075877
vt 0.828367 0.178540
vt 0.735938 0.318118
vt 0.766792 0.006746
vt 0.766792 0.064848
vt 0.766792 0.006746
vt 0.766792 0.064848
vt 0.766792 0.006746
vt 0.766792 0.064848
vt 0.766792 0.006746
vt 0.766792 0.064848
vt 0.766792 0.006746
vt 0.766791 0.006746
vt 0.766791 0.064848
vt 0.766791 0.006746
vt 0.766791 0.064848
vt 0.766792 0.006746
vt 0.766792 0.064848
vt 0.766792 0.006750
vt 0.766792 0.064852
vt 0.766792 0.006746
vt 0.766792 0.064848
vt 0.766792 0.006746
vt 0.766792 0.006746
vt 0.766792 0.064848
vt 0.766792 0.006746
vt 0.766792 0.064848
vt 0.766792 0.006746
vt 0.766792 0.064848
vt 0.982281 0.669208
vt 0.690336 0.673001
vt 0.605876 0.873388
vt 0.605876 0.912099
vt 0.605876 0.921971
vt 0.605876 0.830798
vt 0.605876 0.853292
vt 0.605876 0.916889
vt 0.136727 0.599119
vt 0.087409 0.576005
vt 0.189602 0.605622
vt 0.222948 0.602539
vt 0.229037 0.638776
vt 0.231333 0.612692
vt 0.189636 0.614983
vt 0.134434 0.606983
vt 0.081282 0.581529
vt 0.222199 0.018085
vt 0.244585 0.018085
vt 0.228756 0.011528
vt 0.238028 0.011528
vt 0.124966 0.772431
vt 0.082170 0.743583
vt 0.088604 0.781823
vt 0.893475 0.195723
vt 0.902148 0.195230
vt 0.900340 0.150938
vt 0.126495 0.792097
vt 0.104366 0.800718
vt 0.144917 0.342245
vt 0.665754 0.707548
vt 0.665909 0.769150
vt 0.656119 0.758796
vt 0.633741 0.758662
vt 0.016329 0.237794
vt 0.110143 0.043371
vt 0.066142 0.847068
vt 0.006282 0.846777
vt 0.055908 0.836733
vt 0.056042 0.809112
vt 0.006290 0.654016
vt 0.066149 0.653533
vt 0.055965 0.642899
vt 0.005582 0.605830
vt 0.055570 0.616033
vt 0.065429 0.604573
vt 0.730476 0.026034
vt 0.725100 0.031501
vt 0.722967 0.026800
vt 0.725646 0.024282
vt 0.724969 0.013153
vt 0.730370 0.018423
vt 0.725741 0.020591
vt 0.723193 0.017903
vt 0.712198 0.018416
vt 0.717539 0.013153
vt 0.719451 0.017766
vt 0.716921 0.020447
vt 0.721248 0.022318
vt 0.242056 0.497496
vt 0.248787 0.507997
vt 0.241385 0.512271
vt 0.232264 0.503151
vt 0.237110 0.519672
vt 0.224652 0.516337
vt 0.237110 0.528220
vt 0.224653 0.531561
vt 0.241382 0.535622
vt 0.232266 0.544743
vt 0.248784 0.539896
vt 0.245449 0.552352
vt 0.257330 0.539897
vt 0.256753 0.552352
vt 0.264737 0.512272
vt 0.269010 0.519676
vt 0.253059 0.523947
vt 0.257335 0.507998
vt 0.369754 0.513666
vt 0.369754 0.492699
vt 0.379847 0.492699
vt 0.379847 0.513666
vt 0.369754 0.620848
vt 0.369754 0.599881
vt 0.379847 0.599881
vt 0.379847 0.620848
vt 0.369754 0.585512
vt 0.369754 0.571143
vt 0.379847 0.571143
vt 0.379847 0.585512
vt 0.369754 0.556774
vt 0.369754 0.542405
vt 0.379847 0.542405
vt 0.379847 0.556774
vt 0.369754 0.528036
vt 0.379847 0.528036
vt 0.249533 0.586889
vt 0.241425 0.586889
vt 0.241425 0.571618
vt 0.249533 0.571618
vt 0.249533 0.607447
vt 0.241425 0.607447
vt 0.249533 0.628004
vt 0.241425 0.628004
vt 0.249533 0.648562
vt 0.241425 0.648562
vt 0.249533 0.669120
vt 0.241426 0.669120
vt 0.249533 0.684391
vt 0.241426 0.684391
vt 0.269008 0.528223
vt 0.264733 0.535625
vt 0.826459 0.540251
vt 0.826472 0.544342
vt 0.868370 0.544260
vt 0.868357 0.540178
vt 0.826450 0.548395
vt 0.868348 0.548300
vt 0.826435 0.552527
vt 0.868332 0.552418
vt 0.826511 0.527935
vt 0.826486 0.532067
vt 0.868390 0.532096
vt 0.868416 0.527977
vt 0.826455 0.536121
vt 0.868360 0.536136
vt 0.910132 0.544281
vt 0.910126 0.540210
vt 0.910102 0.548312
vt 0.910079 0.552422
vt 0.910151 0.532106
vt 0.910175 0.527996
vt 0.910121 0.536139
vt 0.951874 0.544302
vt 0.951867 0.540232
vt 0.951844 0.548332
vt 0.951820 0.552441
vt 0.951891 0.532131
vt 0.951916 0.528023
vt 0.951861 0.536162
vt 0.993601 0.544323
vt 0.993595 0.540254
vt 0.993572 0.548353
vt 0.993548 0.552459
vt 0.993619 0.532157
vt 0.993643 0.528049
vt 0.993589 0.536186
vt 0.655570 0.540187
vt 0.655904 0.544688
vt 0.700265 0.544324
vt 0.700246 0.540228
vt 0.656749 0.549067
vt 0.700272 0.548430
vt 0.656793 0.531491
vt 0.655947 0.535741
vt 0.700244 0.536162
vt 0.700284 0.532122
vt 0.742375 0.544339
vt 0.742370 0.540238
vt 0.742349 0.548401
vt 0.742364 0.536137
vt 0.742391 0.532074
vt 0.784432 0.544336
vt 0.784425 0.540235
vt 0.784404 0.548398
vt 0.784415 0.536135
vt 0.784443 0.532073
vt 0.929442 0.301837
vt 0.988074 0.301837
vt 0.988074 0.281731
vt 0.929442 0.281731
vt 0.929442 0.155130
vt 0.988074 0.155130
vt 0.988074 0.128789
vt 0.929441 0.128789
vt 0.988074 0.098617
vt 0.929441 0.098617
vt 0.313135 0.327382
vt 0.305946 0.309670
vt 0.307849 0.308418
vt 0.315167 0.326577
vt 0.333014 0.382671
vt 0.341929 0.405709
vt 0.344351 0.404871
vt 0.336287 0.381959
vt 0.348879 0.426514
vt 0.351433 0.425663
vt 0.327403 0.363584
vt 0.320063 0.345051
vt 0.322206 0.344212
vt 0.329566 0.362748
vt 0.356235 0.448347
vt 0.358952 0.447428
vt 0.334540 0.381421
vt 0.336307 0.379893
vt 0.364077 0.471860
vt 0.367230 0.471441
vt 0.309853 0.307621
vt 0.317031 0.325816
vt 0.324155 0.343409
vt 0.331665 0.361908
vt 0.337804 0.379236
vt 0.339130 0.381040
vt 0.346633 0.404074
vt 0.353801 0.424826
vt 0.361404 0.446550
vt 0.369963 0.470485
vt 0.327321 0.342085
vt 0.335073 0.360481
vt 0.320036 0.324601
vt 0.313189 0.307030
vt 0.346108 0.376285
vt 0.343592 0.379734
vt 0.350226 0.402865
vt 0.357573 0.423472
vt 0.365402 0.445099
vt 0.374002 0.468041
vt 0.934657 0.751800
vt 0.922689 0.741714
vt 0.940656 0.728238
vt 0.945573 0.733233
vt 0.914500 0.710361
vt 0.921618 0.695009
vt 0.940613 0.708470
vt 0.938253 0.714921
vt 0.946897 0.756260
vt 0.951427 0.735063
vt 0.933719 0.684269
vt 0.948571 0.679332
vt 0.951834 0.700621
vt 0.945417 0.703440
vt 0.948634 0.756888
vt 0.952672 0.735330
vt 0.978343 0.750590
vt 0.964225 0.756888
vt 0.959162 0.735255
vt 0.965293 0.732641
vt 0.961592 0.679722
vt 0.957950 0.701090
vt 0.988644 0.739432
vt 0.970085 0.727851
vt 0.963438 0.679782
vt 0.959205 0.701303
vt 0.977920 0.685556
vt 0.988702 0.696635
vt 0.969933 0.708475
vt 0.965206 0.703775
vt 0.993714 0.725569
vt 0.972828 0.721559
vt 0.994139 0.710814
vt 0.972610 0.714699
vt 0.915427 0.727257
vt 0.938056 0.721787
vt 0.954967 0.718130
vt 0.051332 0.204273
vt 0.060022 0.204586
vt 0.918528 0.730612
vt 0.916600 0.715775
vt 0.954951 0.718195
vt 0.920494 0.701329
vt 0.929730 0.689556
vt 0.942700 0.682111
vt 0.957533 0.680213
vt 0.971959 0.684150
vt 0.983771 0.693321
vt 0.991160 0.706322
vt 0.992996 0.721164
vt 0.989128 0.735618
vt 0.979916 0.747407
vt 0.966894 0.754775
vt 0.938631 0.750861
vt 0.926031 0.743831
vt 0.051332 0.204273
vt 0.060022 0.204586
vt 0.951818 0.756714
vt 0.931092 0.765952
vt 0.988074 0.444207
vt 0.929442 0.444207
vt 0.988073 0.020598
vt 0.929441 0.020598
vt 0.929441 0.012318
vt 0.988073 0.012318
s 1
usemtl Material.003
f 1/1/1 2/2/1 4/3/1 3/4/1
f 3/4/1 4/3/1 6/5/1 5/6/1
f 5/6/1 6/5/1 8/7/1 7/8/1
f 9/1/2 11/4/2 12/3/2 10/2/2
f 11/4/2 13/6/2 14/5/2 12/3/2
f 13/6/2 15/8/2 16/7/2 14/5/2
f 19/9/3 21/10/3 22/11/3
f 17/12/3 23/13/3 21/10/3
f 21/10/3 23/13/3 24/14/3 22/11/3
f 22/11/3 24/14/3 18/15/3
f 23/13/3 20/16/3 24/14/3
f 25/17/3 26/18/4 27/19/5
f 26/18/4 25/17/3 30/20/6
f 25/17/3 27/21/5 28/22/7
f 25/17/3 28/22/7 29/23/8
f 25/17/3 29/23/8 30/20/6
f 26/18/4 30/20/6 35/24/9
f 27/19/5 26/18/4 31/25/10
f 28/22/7 27/21/5 32/26/11
f 29/23/8 28/22/7 33/27/12
f 30/20/6 29/23/8 34/28/13
f 26/18/4 35/24/9 31/25/10
f 27/21/5 31/29/10 32/26/11
f 28/22/7 32/26/11 33/27/12
f 29/23/8 33/27/12 34/28/13
f 30/20/6 34/28/13 35/24/9
f 31/25/10 35/24/9 36/30/14
f 32/26/11 31/29/10 36/30/14
f 33/27/12 32/26/11 36/30/14
f 34/28/13 33/27/12 36/30/14
f 35/24/9 34/28/13 36/30/14
f 212/31/15 73/32/16 51/33/17 184/34/18
f 73/32/16 74/35/19 52/36/20 51/33/17
f 75/37/21 76/38/22 55/39/23 54/40/24
f 76/38/22 77/41/25 56/42/26 55/39/23
f 78/43/27 211/44/28 183/45/29 57/46/30
f 77/41/25 78/43/27 57/46/30 56/42/26
f 63/47/31 70/48/32 69/49/33 62/50/34
f 53/51/35 60/52/36 59/53/37 52/36/20
f 183/45/29 192/54/38 64/55/39 57/46/30
f 51/33/17 58/56/40 193/57/41 184/34/18
f 56/42/26 63/47/31 62/50/34 55/39/23
f 54/40/24 61/58/42 60/52/36 53/51/35
f 52/36/20 59/53/37 58/56/40 51/33/17
f 57/46/30 64/55/39 63/47/31 56/42/26
f 55/39/23 62/50/34 61/58/42 54/40/24
f 64/55/39 71/59/43 70/48/32 63/47/31
f 192/54/38 201/60/44 71/59/43 64/55/39
f 58/56/40 65/61/45 202/62/46 193/57/41
f 59/53/37 66/63/47 65/61/45 58/56/40
f 60/52/36 67/64/48 66/63/47 59/53/37
f 61/58/42 68/65/49 67/64/48 60/52/36
f 62/50/34 69/49/33 68/65/49 61/58/42
f 84/66/50 80/67/51 83/68/51 85/69/50
f 86/70/52 84/66/50 85/69/50 82/71/52
f 221/72/53 86/70/52 82/71/52 227/73/53
f 80/67/51 224/74/54 230/75/54 83/68/51
f 227/73/55 82/71/56 143/76/57 330/77/55
f 150/78/58 92/79/58 91/80/1 151/81/1
f 105/82/59 109/83/60 110/84/61 106/85/62
f 106/85/62 110/84/61 111/86/63 107/87/64
f 107/87/64 111/86/63 112/88/65 108/89/66
f 105/90/59 108/89/66 112/88/65 109/91/60
f 109/83/60 272/92/67 273/93/68 110/84/61
f 110/84/61 273/93/68 274/94/69 111/86/63
f 111/86/63 274/94/69 275/95/70 112/88/65
f 112/88/65 275/95/70 272/96/67 109/91/60
f 113/97/71 105/82/59 106/85/62 114/98/72
f 114/98/72 106/85/62 107/87/64 115/99/73
f 115/99/73 107/87/64 108/89/66 116/100/74
f 116/100/74 108/89/66 105/90/59 113/101/71
f 283/102/75 116/100/74 113/101/71 282/103/76
f 117/104/59 121/105/60 122/106/61 118/107/62
f 118/107/62 122/106/61 123/108/63 119/109/64
f 119/109/64 123/108/63 124/110/65 120/111/66
f 117/112/59 120/111/66 124/110/65 121/113/60
f 121/105/60 292/114/67 293/115/68 122/106/61
f 122/106/61 293/115/68 294/116/69 123/108/63
f 123/108/63 294/116/69 295/117/70 124/110/65
f 124/110/65 295/117/70 292/118/67 121/113/60
f 125/119/71 117/104/59 118/107/62 126/120/72
f 126/120/72 118/107/62 119/109/64 127/121/73
f 127/121/73 119/109/64 120/111/66 128/122/74
f 128/122/74 120/111/66 117/112/59 125/123/71
f 302/124/77 127/121/73 128/122/74 303/125/75
f 131/126/59 135/127/60 136/128/61 132/129/62
f 132/129/62 136/128/61 137/130/63 133/131/64
f 133/131/64 137/130/63 138/132/65 134/133/66
f 131/134/59 134/133/66 138/132/65 135/135/60
f 135/127/60 318/136/67 319/137/68 136/128/61
f 136/128/61 319/137/68 320/138/69 137/130/63
f 137/130/63 320/138/69 321/139/70 138/132/65
f 138/132/65 321/139/70 318/140/67 135/135/60
f 139/141/71 131/126/59 132/129/62 140/142/72
f 140/142/72 132/129/62 133/131/64 141/143/73
f 141/143/73 133/131/64 134/133/66 142/144/74
f 142/144/74 134/133/66 131/134/59 139/145/71
f 327/146/76 139/141/71 140/142/72 329/147/78
f 328/148/75 142/144/74 139/145/71 327/149/76
f 326/150/77 141/143/73 142/144/74 328/148/75
f 329/147/78 140/142/72 141/143/73 326/150/77
f 74/35/19 79/151/79 53/51/35 52/36/20
f 79/151/79 75/37/21 54/40/24 53/51/35
f 212/31/15 219/152/80 73/32/16
f 100/153/81 250/154/81 258/155/82 93/156/82
f 93/156/82 258/157/82 262/158/83 102/159/83
f 96/160/84 253/161/84 250/154/81 100/153/81
f 102/159/83 262/158/83 251/162/85 99/163/85
f 99/163/85 251/162/85 256/164/86 98/165/86
f 98/165/86 256/164/86 247/166/87 103/167/87
f 46/168/88 81/169/89 90/170/89 89/171/88
f 221/172/90 231/173/90 87/174/91 86/175/91
f 86/175/91 87/174/91 89/171/92 84/176/92
f 84/176/92 89/171/92 90/170/93 80/177/93
f 80/177/93 90/170/93 226/178/94 224/179/94
f 100/153/1 93/156/1 102/159/1
f 95/180/1 100/153/1 102/159/1 99/163/1
f 95/180/1 96/160/1 100/153/1
f 95/180/1 99/163/1 98/165/1
f 263/181/3 97/182/3 101/183/3 249/184/3
f 67/64/48 44/185/95 40/186/96 66/63/47
f 66/63/47 40/186/96 45/187/97 65/61/45
f 65/61/45 45/187/97 172/188/98 202/62/46
f 201/60/44 171/189/99 42/190/100 71/59/43
f 71/59/43 42/190/100 41/191/101 70/48/32
f 70/48/32 41/191/101 43/192/102 69/49/33
f 69/49/33 43/192/102 72/193/103 68/65/49
f 68/65/49 72/193/103 44/185/95 67/64/48
f 79/194/104 74/195/105 182/196/106 2417/197/107
f 77/198/108 76/199/109 50/200/110 49/201/111
f 215/202/112 216/199/113 2422/200/114 2421/203/115
f 219/204/116 180/205/116 47/206/116 73/207/116
f 95/180/1 98/165/1 103/167/1
f 82/71/56 85/69/117 144/208/117 143/76/57
f 330/77/118 143/76/119 92/209/120 336/210/118
f 104/211/121 260/212/121 253/161/84 96/160/84
f 104/211/121 97/182/122 263/213/122 260/212/121
f 94/214/1 104/211/1 96/160/1 95/180/1
f 97/182/1 104/211/1 94/214/1 101/183/1
f 304/215/123 305/216/123 130/217/124 129/218/125
f 129/218/125 130/217/124 309/219/126 308/220/126
f 282/221/76 113/97/71 114/98/72 276/222/78
f 276/222/78 114/98/72 115/99/73 281/223/77
f 281/223/77 115/99/73 116/100/74 283/102/75
f 301/224/76 125/119/71 126/120/72 296/225/78
f 296/225/78 126/120/72 127/121/73 302/124/77
f 303/125/75 128/122/74 125/123/71 301/226/76
f 88/227/127 178/228/128 172/229/128 40/230/127
f 81/231/129 46/232/1 72/233/1 41/234/129
f 46/232/1 88/227/127 40/230/127 72/233/1
f 225/235/130 81/231/129 41/234/129 171/236/130
f 88/237/131 46/168/88 89/171/88 87/174/132
f 81/169/89 225/238/133 226/178/133 90/170/89
f 178/239/134 88/237/131 87/174/132 231/173/134
f 143/76/119 144/208/135 91/240/135 92/209/120
f 144/208/135 145/241/136 146/242/137 91/240/135
f 83/68/138 230/75/139 333/243/139 145/241/140
f 85/69/117 83/68/138 145/241/140 144/208/117
f 342/244/80 336/245/80 92/79/58 150/78/58
f 152/246/129 146/247/129 241/248/130 343/249/130
f 151/81/1 91/80/1 146/247/129 152/246/129
f 145/241/136 333/243/141 241/250/141 146/242/137
f 154/251/1 151/81/142 152/246/143 155/252/144
f 155/252/144 152/246/143 343/249/145 347/253/130
f 351/254/80 342/244/146 150/78/147 153/255/148
f 153/255/148 150/78/147 151/81/142 154/251/1
f 147/256/149 153/255/148 154/251/1 148/257/150
f 341/258/151 351/254/80 153/255/148 147/256/149
f 149/259/152 155/252/144 347/253/130 337/260/153
f 148/257/150 154/251/1 155/252/144 149/259/152
f 161/261/148 159/262/154 160/263/142 162/264/1
f 156/265/149 161/261/148 162/264/1 157/266/150
f 355/267/151 362/268/80 161/261/148 156/265/149
f 157/266/150 162/264/1 163/269/144 158/270/152
f 160/263/1 148/257/1 149/259/129 164/271/129
f 164/271/129 149/259/129 337/260/130 363/272/130
f 364/273/80 341/258/80 147/256/58 159/262/58
f 159/262/58 147/256/58 148/257/1 160/263/1
f 162/264/1 160/263/142 164/271/143 163/269/144
f 163/269/144 164/271/143 363/272/145 358/274/130
f 362/268/80 364/273/146 159/262/154 161/261/148
f 158/270/152 163/269/144 358/274/130 366/275/153
f 38/276/1 157/266/1 158/270/129 39/277/129
f 39/277/129 158/270/129 366/275/130 169/278/130
f 165/279/80 355/267/80 156/265/58 37/280/58
f 37/280/58 156/265/58 157/266/1 38/276/1
f 212/31/15 184/34/18 185/33/155 213/32/156
f 213/32/156 185/33/155 186/36/157 214/35/158
f 215/37/159 188/40/160 189/39/161 216/38/162
f 216/38/162 189/39/161 190/42/163 217/41/164
f 218/43/165 191/46/166 183/45/29 211/44/28
f 217/41/164 190/42/163 191/46/166 218/43/165
f 199/47/167 198/50/168 207/49/169 208/48/170
f 187/51/171 186/36/157 195/53/172 196/52/173
f 183/45/29 191/46/166 200/55/174 192/54/38
f 185/33/155 184/34/18 193/57/41 194/56/175
f 190/42/163 189/39/161 198/50/168 199/47/167
f 188/40/160 187/51/171 196/52/173 197/58/176
f 186/36/157 185/33/155 194/56/175 195/53/172
f 191/46/166 190/42/163 199/47/167 200/55/174
f 189/39/161 188/40/160 197/58/176 198/50/168
f 200/55/174 199/47/167 208/48/170 209/59/177
f 192/54/38 200/55/174 209/59/177 201/60/44
f 194/56/175 193/57/41 202/62/46 203/61/178
f 195/53/172 194/56/175 203/61/178 204/63/179
f 196/52/173 195/53/172 204/63/179 205/64/180
f 197/58/176 196/52/173 205/64/180 206/65/181
f 198/50/168 197/58/176 206/65/181 207/49/169
f 232/66/182 233/69/182 229/68/183 222/67/183
f 234/70/184 228/71/184 233/69/182 232/66/182
f 221/72/53 227/73/53 228/71/184 234/70/184
f 222/67/183 229/68/183 230/75/54 224/74/54
f 227/73/55 330/77/55 331/76/185 228/71/186
f 344/78/187 345/81/2 239/80/2 240/79/187
f 264/82/188 265/85/189 269/84/190 268/83/191
f 265/85/189 266/87/192 270/86/193 269/84/190
f 266/87/192 267/89/194 271/88/195 270/86/193
f 264/90/188 268/91/191 271/88/195 267/89/194
f 268/83/191 269/84/190 273/93/68 272/92/67
f 269/84/190 270/86/193 274/94/69 273/93/68
f 270/86/193 271/88/195 275/95/70 274/94/69
f 271/88/195 268/91/191 272/96/67 275/95/70
f 277/97/196 278/98/197 265/85/189 264/82/188
f 278/98/197 279/99/198 266/87/192 265/85/189
f 279/99/198 280/100/199 267/89/194 266/87/192
f 280/100/199 277/101/196 264/90/188 267/89/194
f 283/102/75 282/103/76 277/101/196 280/100/199
f 284/104/188 285/107/189 289/106/190 288/105/191
f 285/107/189 286/109/192 290/108/193 289/106/190
f 286/109/192 287/111/194 291/110/195 290/108/193
f 284/112/188 288/113/191 291/110/195 287/111/194
f 288/105/191 289/106/190 293/115/68 292/114/67
f 289/106/190 290/108/193 294/116/69 293/115/68
f 290/108/193 291/110/195 295/117/70 294/116/69
f 291/110/195 288/113/191 292/118/67 295/117/70
f 297/119/196 298/120/197 285/107/189 284/104/188
f 298/120/197 299/121/198 286/109/192 285/107/189
f 299/121/198 300/122/199 287/111/194 286/109/192
f 300/122/199 297/123/196 284/112/188 287/111/194
f 302/124/77 303/125/75 300/122/199 299/121/198
f 310/126/188 311/129/189 315/128/190 314/127/191
f 311/129/189 312/131/192 316/130/193 315/128/190
f 312/131/192 313/133/194 317/132/195 316/130/193
f 310/134/188 314/135/191 317/132/195 313/133/194
f 314/127/191 315/128/190 319/137/68 318/136/67
f 315/128/190 316/130/193 320/138/69 319/137/68
f 316/130/193 317/132/195 321/139/70 320/138/69
f 317/132/195 314/135/191 318/140/67 321/139/70
f 322/141/196 323/142/197 311/129/189 310/126/188
f 323/142/197 324/143/198 312/131/192 311/129/189
f 324/143/198 325/144/199 313/133/194 312/131/192
f 325/144/199 322/145/196 310/134/188 313/133/194
f 327/146/76 329/147/78 323/142/197 322/141/196
f 328/148/75 327/149/76 322/145/196 325/144/199
f 326/150/77 328/148/75 325/144/199 324/143/198
f 329/147/78 326/150/77 324/143/198 323/142/197
f 214/35/158 186/36/157 187/51/171 220/151/200
f 220/151/200 187/51/171 188/40/160 215/37/159
f 212/31/15 213/32/156 219/152/80
f 254/153/81 242/156/82 258/155/82 250/154/81
f 242/156/82 257/159/83 262/158/83 258/157/82
f 245/160/84 254/153/81 250/154/81 253/161/84
f 257/159/83 252/163/85 251/162/85 262/158/83
f 252/163/85 248/165/86 256/164/86 251/162/85
f 248/165/86 259/167/87 247/166/87 256/164/86
f 179/168/201 237/171/201 238/170/202 223/169/202
f 221/172/90 234/175/203 235/174/203 231/173/90
f 234/175/203 232/176/204 237/171/204 235/174/203
f 232/176/204 222/177/205 238/170/205 237/171/204
f 222/177/205 224/179/94 226/178/94 238/170/205
f 254/153/2 257/159/2 242/156/2
f 244/180/2 252/163/2 257/159/2 254/153/2
f 244/180/2 254/153/2 245/160/2
f 244/180/2 248/165/2 252/163/2
f 263/181/3 249/184/3 255/183/3 246/182/3
f 205/64/180 204/63/179 170/186/206 176/185/207
f 204/63/179 203/61/178 177/187/208 170/186/206
f 203/61/178 202/62/46 172/188/98 177/187/208
f 201/60/44 209/59/177 174/190/209 171/189/99
f 209/59/177 208/48/170 173/191/210 174/190/209
f 208/48/170 207/49/169 175/192/211 173/191/210
f 207/49/169 206/65/181 210/193/212 175/192/211
f 206/65/181 205/64/180 176/185/207 210/193/212
f 75/202/213 79/194/104 2417/197/107 181/203/214
f 211/281/215 78/282/216 48/283/217 2418/284/215
f 216/199/113 217/198/218 2423/201/219 2422/200/114
f 244/180/2 259/167/2 248/165/2
f 228/71/186 331/76/185 332/208/220 233/69/220
f 330/77/118 336/210/118 240/209/221 331/76/222
f 261/211/121 245/160/84 253/161/84 260/212/121
f 261/211/121 260/212/121 263/213/122 246/182/122
f 243/214/2 244/180/2 245/160/2 261/211/2
f 246/182/2 255/183/2 243/214/2 261/211/2
f 304/215/123 306/218/223 307/217/224 305/216/123
f 306/218/223 308/220/126 309/219/126 307/217/224
f 282/221/76 276/222/78 278/98/197 277/97/196
f 276/222/78 281/223/77 279/99/198 278/98/197
f 281/223/77 283/102/75 280/100/199 279/99/198
f 301/224/76 296/225/78 298/120/197 297/119/196
f 296/225/78 302/124/77 299/121/198 298/120/197
f 303/125/75 301/226/76 297/123/196 300/122/199
f 236/227/225 170/230/225 172/229/128 178/228/128
f 223/231/226 173/234/226 210/233/2 179/232/2
f 179/232/2 210/233/2 170/230/225 236/227/225
f 225/235/130 171/236/130 173/234/226 223/231/226
f 236/237/227 235/174/228 237/171/201 179/168/201
f 223/169/202 238/170/202 226/178/133 225/238/133
f 178/239/134 231/173/134 235/174/228 236/237/227
f 331/76/222 240/209/221 239/240/229 332/208/229
f 332/208/229 239/240/229 335/242/230 334/241/231
f 229/68/232 334/241/233 333/243/139 230/75/139
f 233/69/220 332/208/220 334/241/233 229/68/232
f 342/244/80 344/78/187 240/79/187 336/245/80
f 346/246/226 343/249/130 241/248/130 335/247/226
f 345/81/2 346/246/226 335/247/226 239/80/2
f 334/241/231 335/242/230 241/250/141 333/243/141
f 349/251/2 350/252/234 346/246/235 345/81/236
f 350/252/234 347/253/130 343/249/145 346/246/235
f 351/254/80 348/255/237 344/78/238 342/244/146
f 348/255/237 349/251/2 345/81/236 344/78/238
f 338/256/239 339/257/240 349/251/2 348/255/237
f 341/258/151 338/256/239 348/255/237 351/254/80
f 340/259/241 337/260/153 347/253/130 350/252/234
f 339/257/240 340/259/241 350/252/234 349/251/2
f 359/261/237 360/264/2 357/263/236 356/262/242
f 352/265/239 353/266/240 360/264/2 359/261/237
f 355/267/151 352/265/239 359/261/237 362/268/80
f 353/266/240 354/270/241 361/269/234 360/264/2
f 357/263/2 365/271/226 340/259/226 339/257/2
f 365/271/226 363/272/130 337/260/130 340/259/226
f 364/273/80 356/262/187 338/256/187 341/258/80
f 356/262/187 357/263/2 339/257/2 338/256/187
f 360/264/2 361/269/234 365/271/235 357/263/236
f 361/269/234 358/274/130 363/272/145 365/271/235
f 362/268/80 359/261/237 356/262/242 364/273/146
f 354/270/241 366/275/153 358/274/130 361/269/234
f 167/276/2 168/277/226 354/270/226 353/266/2
f 168/277/226 169/278/130 366/275/130 354/270/226
f 165/279/80 166/280/187 352/265/187 355/267/80
f 166/280/187 167/276/2 353/266/2 352/265/187
f 369/285/243 375/286/243 373/287/244 372/288/244
f 375/289/245 374/290/245 367/291/246 373/292/247
f 372/288/244 373/287/244 371/293/248 368/294/248
f 376/295/249 368/294/249 371/293/249 370/296/249
f 373/292/247 367/291/246 370/297/250 371/298/250
f 372/292/251 368/298/252 376/297/252 377/291/253
f 369/289/2 372/292/251 377/291/253 378/290/2
f 1274/299/3 379/300/254 380/301/255 1275/302/256
f 1275/302/256 380/301/255 381/303/257 1276/304/130
f 1276/304/130 381/303/257 382/305/258 1277/306/259
f 1277/306/259 382/305/258 383/307/260 1278/308/14
f 1278/308/14 383/307/260 384/309/261 1279/310/82
f 1279/310/82 384/309/261 385/311/262 1280/312/80
f 382/313/258 381/314/257 1228/315/263 1227/316/264
f 1281/317/265 386/318/266 379/300/254 1274/299/3
f 1280/319/80 385/320/262 386/318/266 1281/317/265
f 387/321/267 388/322/267 390/323/268 389/324/268
f 389/324/268 390/323/268 392/325/269 391/326/269
f 391/327/269 392/328/269 394/329/270 393/330/270
f 393/330/270 394/329/270 396/331/271 395/332/271
f 395/332/271 396/331/271 398/333/272 397/334/272
f 397/334/272 398/333/272 400/335/273 399/336/273
f 394/337/274 400/338/274 398/339/274 396/340/274
f 401/341/275 402/342/275 388/322/267 387/321/267
f 399/336/273 400/335/273 402/342/275 401/341/275
f 403/343/276 404/344/276 406/345/277 405/346/277
f 405/346/277 406/345/277 408/347/1 407/348/1
f 407/348/1 408/347/1 410/349/278 409/350/278
f 409/350/278 410/349/278 412/351/279 411/352/279
f 411/352/279 412/351/279 414/353/280 413/354/280
f 413/354/280 414/353/280 416/355/2 415/356/2
f 410/349/281 408/347/281 421/357/281 422/358/281
f 417/359/282 418/360/282 404/344/276 403/343/276
f 415/361/2 416/362/2 418/360/282 417/359/282
f 416/355/281 414/353/281 424/363/281 425/364/281
f 412/351/281 410/349/281 422/358/281 423/365/281
f 418/360/281 416/362/281 425/366/281 426/367/281
f 408/347/281 406/345/281 420/368/281 421/357/281
f 414/353/281 412/351/281 423/365/281 424/363/281
f 404/344/281 418/360/281 426/367/281 419/369/281
f 406/345/281 404/344/281 419/369/281 420/368/281
f 426/367/282 425/366/2 433/370/283 434/371/284
f 424/363/280 423/365/279 431/372/285 432/373/286
f 422/358/278 421/357/1 429/374/287 430/375/288
f 420/368/277 419/369/276 427/376/289 428/377/290
f 419/369/276 426/367/282 434/371/284 427/376/289
f 425/364/2 424/363/280 432/373/286 433/378/283
f 423/365/279 422/358/278 430/375/288 431/372/285
f 421/357/1 420/368/277 428/377/290 429/374/287
f 435/379/291 1364/380/292 1363/381/293 436/382/294
f 437/383/295 1369/384/296 1368/385/281 438/386/297
f 439/387/298 1367/388/299 1366/389/279 440/390/300
f 441/391/301 1365/392/302 1364/393/292 435/394/291
f 436/382/294 1363/381/293 1362/395/276 442/396/303
f 442/396/303 1362/395/276 1369/384/296 437/383/295
f 438/386/297 1368/385/281 1367/388/299 439/387/298
f 440/390/300 1366/389/279 1365/392/302 441/391/301
f 463/397/304 464/398/305 437/383/295 438/386/297
f 460/399/306 463/397/304 438/386/297 439/387/298
f 457/400/307 460/399/306 439/387/298 440/390/300
f 454/401/308 457/400/307 440/390/300 441/391/301
f 451/402/309 454/401/308 441/391/301 435/394/291
f 448/403/310 451/404/309 435/379/291 436/382/294
f 445/405/311 448/403/310 436/382/294 442/396/303
f 464/398/305 445/405/311 442/396/303 437/383/295
f 444/406/312 447/407/313 448/403/310 445/405/311
f 446/408/314 447/407/313 444/406/312 443/409/315
f 434/371/284 446/408/314 443/409/315 427/376/289
f 447/407/313 450/410/316 451/404/309 448/403/310
f 449/411/317 450/410/316 447/407/313 446/408/314
f 433/370/283 449/411/317 446/408/314 434/371/284
f 450/412/316 453/413/318 454/401/308 451/402/309
f 452/414/319 453/413/318 450/412/316 449/415/317
f 432/373/286 452/414/319 449/415/317 433/378/283
f 453/413/318 456/416/320 457/400/307 454/401/308
f 455/417/321 456/416/320 453/413/318 452/414/319
f 431/372/285 455/417/321 452/414/319 432/373/286
f 456/416/320 459/418/322 460/399/306 457/400/307
f 458/419/323 459/418/322 456/416/320 455/417/321
f 430/375/288 458/419/323 455/417/321 431/372/285
f 459/418/322 462/420/324 463/397/304 460/399/306
f 461/421/325 462/420/324 459/418/322 458/419/323
f 429/374/287 461/421/325 458/419/323 430/375/288
f 462/420/324 465/422/326 464/398/305 463/397/304
f 466/423/327 465/422/326 462/420/324 461/421/325
f 428/377/290 466/423/327 461/421/325 429/374/287
f 465/422/326 444/406/312 445/405/311 464/398/305
f 443/409/315 444/406/312 465/422/326 466/423/327
f 427/376/289 443/409/315 466/423/327 428/377/290
f 467/424/328 468/425/328 470/426/329 469/427/329
f 469/427/329 470/426/329 472/428/1 471/429/1
f 471/429/1 472/428/1 474/430/330 473/431/330
f 473/431/330 474/430/330 476/432/331 475/433/331
f 475/433/331 476/432/331 478/434/332 477/435/332
f 477/435/332 478/434/332 480/436/2 479/437/2
f 474/430/333 472/428/333 485/438/333 486/439/333
f 481/440/334 482/441/334 468/425/328 467/424/328
f 479/442/2 480/443/2 482/441/334 481/440/334
f 480/436/333 478/434/333 488/444/333 489/445/333
f 476/432/333 474/430/333 486/439/333 487/446/333
f 482/441/333 480/443/333 489/447/333 490/448/333
f 472/428/333 470/426/333 484/449/333 485/438/333
f 478/434/333 476/432/333 487/446/333 488/444/333
f 468/425/333 482/441/333 490/448/333 483/450/333
f 470/426/333 468/425/333 483/450/333 484/449/333
f 490/448/334 489/447/2 497/451/335 498/452/336
f 488/444/332 487/446/331 495/453/337 496/454/338
f 486/439/330 485/438/1 493/455/339 494/456/340
f 484/449/329 483/450/328 491/457/341 492/458/342
f 483/450/328 490/448/334 498/452/336 491/457/341
f 489/445/2 488/444/332 496/454/338 497/459/335
f 487/446/331 486/439/330 494/456/340 495/453/337
f 485/438/1 484/449/329 492/458/342 493/455/339
f 499/460/343 1436/461/344 1435/462/345 500/463/346
f 501/464/347 1441/465/348 1440/466/333 502/467/349
f 503/468/350 1439/469/351 1438/470/331 504/471/352
f 505/472/353 1437/473/354 1436/474/344 499/475/343
f 500/463/346 1435/462/345 1434/476/328 506/477/355
f 506/477/355 1434/476/328 1441/465/348 501/464/347
f 502/467/349 1440/466/333 1439/469/351 503/468/350
f 504/471/352 1438/470/331 1437/473/354 505/472/353
f 527/478/356 528/479/357 501/464/347 502/467/349
f 524/480/358 527/478/356 502/467/349 503/468/350
f 521/481/359 524/480/358 503/468/350 504/471/352
f 518/482/360 521/481/359 504/471/352 505/472/353
f 515/483/361 518/482/360 505/472/353 499/475/343
f 512/484/362 515/485/361 499/460/343 500/463/346
f 509/486/363 512/484/362 500/463/346 506/477/355
f 528/479/357 509/486/363 506/477/355 501/464/347
f 508/487/364 511/488/365 512/484/362 509/486/363
f 510/489/366 511/488/365 508/487/364 507/490/367
f 498/452/336 510/489/366 507/490/367 491/457/341
f 511/488/365 514/491/368 515/485/361 512/484/362
f 513/492/369 514/491/368 511/488/365 510/489/366
f 497/451/335 513/492/369 510/489/366 498/452/336
f 514/493/368 517/494/370 518/482/360 515/483/361
f 516/495/371 517/494/370 514/493/368 513/496/369
f 496/454/338 516/495/371 513/496/369 497/459/335
f 517/494/370 520/497/372 521/481/359 518/482/360
f 519/498/373 520/497/372 517/494/370 516/495/371
f 495/453/337 519/498/373 516/495/371 496/454/338
f 520/497/372 523/499/374 524/480/358 521/481/359
f 522/500/375 523/499/374 520/497/372 519/498/373
f 494/456/340 522/500/375 519/498/373 495/453/337
f 523/499/374 526/501/376 527/478/356 524/480/358
f 525/502/377 526/501/376 523/499/374 522/500/375
f 493/455/339 525/502/377 522/500/375 494/456/340
f 526/501/376 529/503/378 528/479/357 527/478/356
f 530/504/379 529/503/378 526/501/376 525/502/377
f 492/458/342 530/504/379 525/502/377 493/455/339
f 529/503/378 508/487/364 509/486/363 528/479/357
f 507/490/367 508/487/364 529/503/378 530/504/379
f 491/457/341 507/490/367 530/504/379 492/458/342
f 531/505/380 532/506/380 534/507/381 533/508/381
f 533/508/381 534/507/381 536/509/1 535/510/1
f 535/510/1 536/509/1 538/430/382 537/511/382
f 537/511/382 538/430/382 540/512/383 539/513/383
f 539/513/383 540/512/383 542/514/384 541/515/384
f 541/515/384 542/514/384 544/436/2 543/516/2
f 538/430/385 536/509/385 549/438/385 550/439/385
f 545/517/386 546/518/386 532/506/380 531/505/380
f 543/519/2 544/443/2 546/518/386 545/517/386
f 544/436/385 542/514/385 552/520/385 553/521/385
f 540/512/385 538/430/385 550/439/385 551/522/385
f 546/518/385 544/443/385 553/447/385 554/523/385
f 536/509/385 534/507/385 548/524/385 549/438/385
f 542/514/385 540/512/385 551/522/385 552/520/385
f 532/506/385 546/518/385 554/523/385 547/450/385
f 534/507/385 532/506/385 547/450/385 548/524/385
f 554/523/386 553/447/2 561/525/387 562/526/388
f 552/520/384 551/522/383 559/527/389 560/528/390
f 550/439/382 549/438/1 557/529/391 558/530/392
f 548/524/381 547/450/380 555/531/393 556/532/394
f 547/450/380 554/523/386 562/526/388 555/531/393
f 553/521/2 552/520/384 560/528/390 561/533/387
f 551/522/383 550/439/382 558/530/392 559/527/389
f 549/438/1 548/524/381 556/532/394 557/529/391
f 563/534/395 1508/535/396 1507/536/397 564/537/398
f 565/538/399 1513/539/400 1512/540/385 566/541/401
f 567/542/402 1511/543/403 1510/544/383 568/545/404
f 569/546/405 1509/547/406 1508/548/396 563/549/395
f 564/537/398 1507/536/397 1506/550/380 570/551/407
f 570/551/407 1506/550/380 1513/539/400 565/538/399
f 566/541/401 1512/540/385 1511/543/403 567/542/402
f 568/545/404 1510/544/383 1509/547/406 569/546/405
f 591/552/408 592/553/409 565/538/399 566/541/401
f 588/554/410 591/552/408 566/541/401 567/542/402
f 585/555/411 588/554/410 567/542/402 568/545/404
f 582/556/412 585/555/411 568/545/404 569/546/405
f 579/557/413 582/556/412 569/546/405 563/549/395
f 576/558/414 579/559/413 563/534/395 564/537/398
f 573/560/415 576/558/414 564/537/398 570/551/407
f 592/553/409 573/560/415 570/551/407 565/538/399
f 572/561/416 575/562/417 576/558/414 573/560/415
f 574/563/418 575/562/417 572/561/416 571/564/419
f 562/526/388 574/563/418 571/564/419 555/531/393
f 575/562/417 578/565/420 579/559/413 576/558/414
f 577/566/421 578/565/420 575/562/417 574/563/418
f 561/525/387 577/566/421 574/563/418 562/526/388
f 578/567/420 581/568/422 582/556/412 579/557/413
f 580/569/423 581/568/422 578/567/420 577/570/421
f 560/528/390 580/569/423 577/570/421 561/533/387
f 581/568/422 584/571/424 585/555/411 582/556/412
f 583/572/425 584/571/424 581/568/422 580/569/423
f 559/527/389 583/572/425 580/569/423 560/528/390
f 584/571/424 587/573/426 588/554/410 585/555/411
f 586/574/427 587/573/426 584/571/424 583/572/425
f 558/530/392 586/574/427 583/572/425 559/527/389
f 587/573/426 590/575/428 591/552/408 588/554/410
f 589/576/429 590/575/428 587/573/426 586/574/427
f 557/529/391 589/576/429 586/574/427 558/530/392
f 590/575/428 593/577/430 592/553/409 591/552/408
f 594/578/431 593/577/430 590/575/428 589/576/429
f 556/532/394 594/578/431 589/576/429 557/529/391
f 593/577/430 572/561/416 573/560/415 592/553/409
f 571/564/419 572/561/416 593/577/430 594/578/431
f 555/531/393 571/564/419 594/578/431 556/532/394
f 596/579/432 597/580/433 600/581/434 599/582/58
f 595/583/435 596/579/432 599/582/58 598/584/436
f 1514/585/80 595/583/435 598/584/436 1518/586/80
f 2252/587/437 628/588/438 629/589/439 2253/590/440
f 653/591/441 654/592/442 658/593/443 657/594/129
f 654/592/442 1572/595/130 1577/596/130 658/593/443
f 652/597/444 653/591/441 657/594/129 656/598/445
f 651/599/446 652/597/444 656/598/445 655/600/446
f 659/601/447 666/602/448 667/603/449 660/604/450
f 660/604/450 667/603/449 668/605/451 661/606/452
f 661/606/452 668/605/451 669/607/453 662/608/454
f 663/609/455 670/610/456 671/611/457 664/612/458
f 664/612/458 671/611/457 672/613/459 665/614/460
f 659/601/447 665/614/460 672/613/459 666/602/448
f 666/602/448 673/615/58 674/616/461 667/603/449
f 667/603/449 674/616/461 675/617/462 668/605/451
f 668/605/451 675/617/462 676/618/463 669/607/453
f 670/610/456 677/619/464 678/620/465 671/611/457
f 671/611/457 678/620/465 679/621/466 672/613/459
f 672/613/459 679/621/466 673/615/58 666/602/448
f 673/615/58 680/622/436 681/623/467 674/616/461
f 674/616/461 681/623/467 682/624/468 675/617/462
f 675/617/462 682/624/468 683/625/469 676/618/463
f 677/619/464 684/626/470 685/627/471 678/620/465
f 678/620/465 685/627/471 686/628/472 679/621/466
f 679/621/466 686/628/472 680/622/436 673/615/58
f 680/622/436 1610/629/80 1611/630/473 681/623/467
f 681/623/467 1611/630/473 1612/631/474 682/624/468
f 682/624/468 1612/631/474 1613/632/475 683/625/469
f 684/626/470 1614/633/476 1615/634/477 685/627/471
f 685/627/471 1615/634/477 1616/635/478 686/628/472
f 686/628/472 1616/635/478 1610/629/80 680/622/436
f 1617/636/130 687/637/443 688/638/479 1618/639/480
f 1618/639/480 688/638/479 689/640/481 1619/641/475
f 1620/642/476 690/643/482 691/644/483 1621/645/484
f 1621/645/484 691/644/483 687/637/443 1617/636/130
f 687/637/443 692/646/129 693/647/485 688/638/479
f 688/638/479 693/647/485 694/648/486 689/640/481
f 690/643/482 695/649/487 696/650/488 691/644/483
f 691/644/483 696/650/488 692/646/129 687/637/443
f 692/646/129 697/651/445 698/652/489 693/647/485
f 693/647/485 698/652/489 699/653/490 694/648/486
f 695/649/487 700/654/491 701/655/492 696/650/488
f 696/650/488 701/655/492 697/651/445 692/646/129
f 697/651/445 659/601/447 660/604/450 698/652/489
f 698/652/489 660/604/450 661/606/452 699/653/490
f 700/654/491 664/612/458 665/614/460 701/655/492
f 701/655/492 665/614/460 659/601/447 697/651/445
f 702/656/447 709/657/448 710/658/449 703/659/450
f 703/659/450 710/658/449 711/660/451 704/661/452
f 704/661/452 711/660/451 712/662/453 705/663/454
f 706/664/455 713/665/456 714/666/457 707/667/458
f 707/667/458 714/666/457 715/668/459 708/669/460
f 702/656/447 708/669/460 715/668/459 709/657/448
f 709/657/448 716/670/58 717/671/461 710/658/449
f 710/658/449 717/671/461 718/672/462 711/660/451
f 711/660/451 718/672/462 719/673/463 712/662/453
f 713/665/456 720/674/464 721/675/465 714/666/457
f 714/666/457 721/675/465 722/676/466 715/668/459
f 715/668/459 722/676/466 716/670/58 709/657/448
f 716/670/58 723/677/436 724/678/467 717/671/461
f 717/671/461 724/678/467 725/679/468 718/672/462
f 718/672/462 725/679/468 726/680/469 719/673/463
f 720/674/464 727/681/470 728/682/471 721/675/465
f 721/675/465 728/682/471 729/683/472 722/676/466
f 722/676/466 729/683/472 723/677/436 716/670/58
f 723/677/436 1665/684/80 1666/685/473 724/678/467
f 724/678/467 1666/685/473 1667/686/474 725/679/468
f 725/679/468 1667/686/474 1668/687/475 726/680/469
f 727/681/470 1669/688/476 1670/689/477 728/682/471
f 728/682/471 1670/689/477 1671/690/478 729/683/472
f 729/683/472 1671/690/478 1665/684/80 723/677/436
f 1672/691/130 730/692/443 731/693/479 1673/694/480
f 1673/694/480 731/693/479 732/695/481 1674/696/475
f 1675/697/476 733/698/482 734/699/483 1676/700/484
f 1676/700/484 734/699/483 730/692/443 1672/691/130
f 730/692/443 735/701/129 736/702/485 731/693/479
f 731/693/479 736/702/485 737/703/486 732/695/481
f 733/698/482 738/704/487 739/705/488 734/699/483
f 734/699/483 739/705/488 735/701/129 730/692/443
f 735/701/129 740/706/445 741/707/489 736/702/485
f 736/702/485 741/707/489 742/708/490 737/703/486
f 738/704/487 743/709/491 744/710/492 739/705/488
f 739/705/488 744/710/492 740/706/445 735/701/129
f 740/706/445 702/656/447 703/659/450 741/707/489
f 741/707/489 703/659/450 704/661/452 742/708/490
f 743/709/491 707/667/458 708/669/460 744/710/492
f 744/710/492 708/669/460 702/656/447 740/706/445
f 745/711/447 752/712/448 753/713/449 746/714/450
f 746/714/450 753/713/449 754/715/451 747/716/452
f 747/716/452 754/715/451 755/717/453 748/718/454
f 749/719/455 756/720/456 757/721/457 750/722/458
f 750/722/458 757/721/457 758/723/459 751/724/460
f 745/711/447 751/724/460 758/723/459 752/712/448
f 752/712/448 759/725/58 760/726/461 753/713/449
f 753/713/449 760/726/461 761/727/462 754/715/451
f 754/715/451 761/727/462 762/728/463 755/717/453
f 756/720/456 763/729/464 764/730/465 757/721/457
f 757/721/457 764/730/465 765/731/466 758/723/459
f 758/723/459 765/731/466 759/725/58 752/712/448
f 759/725/58 766/732/436 767/733/467 760/726/461
f 760/726/461 767/733/467 768/734/468 761/727/462
f 761/727/462 768/734/468 769/735/469 762/728/463
f 763/729/464 770/736/470 771/737/471 764/730/465
f 764/730/465 771/737/471 772/738/472 765/731/466
f 765/731/466 772/738/472 766/732/436 759/725/58
f 766/732/436 1720/739/80 1721/740/473 767/733/467
f 767/733/467 1721/740/473 1722/741/474 768/734/468
f 768/734/468 1722/741/474 1723/742/475 769/735/469
f 770/736/470 1724/743/476 1725/744/477 771/737/471
f 771/737/471 1725/744/477 1726/745/478 772/738/472
f 772/738/472 1726/745/478 1720/739/80 766/732/436
f 1727/746/130 773/747/443 774/748/479 1728/749/480
f 1728/749/480 774/748/479 775/750/481 1729/751/475
f 1730/752/476 776/753/482 777/754/483 1731/755/484
f 1731/755/484 777/754/483 773/747/443 1727/746/130
f 773/747/443 778/756/129 779/757/485 774/748/479
f 774/748/479 779/757/485 780/758/486 775/750/481
f 776/753/482 781/759/487 782/760/488 777/754/483
f 777/754/483 782/760/488 778/756/129 773/747/443
f 778/756/129 783/761/445 784/762/489 779/757/485
f 779/757/485 784/762/489 785/763/490 780/758/486
f 781/759/487 786/764/491 787/765/492 782/760/488
f 782/760/488 787/765/492 783/761/445 778/756/129
f 783/761/445 745/711/447 746/714/450 784/762/489
f 784/762/489 746/714/450 747/716/452 785/763/490
f 786/764/491 750/722/458 751/724/460 787/765/492
f 787/765/492 751/724/460 745/711/447 783/761/445
f 860/766/493 857/767/494 835/768/495 843/769/496
f 843/769/496 835/768/495 837/770/497 844/771/498
f 844/771/498 837/770/497 850/772/499 851/773/500
f 856/774/501 859/775/502 839/776/503 834/777/504
f 834/777/504 839/776/503 840/778/505 836/779/506
f 836/779/506 840/778/505 1802/780/507 1798/781/508
f 2431/782/509 843/769/496 844/771/498 2432/783/510
f 837/770/497 835/768/495 845/784/511 846/785/512
f 1812/786/513 847/787/514 849/788/515 1816/789/513
f 1818/790/516 850/772/499 837/770/497 846/785/512
f 849/788/517 848/791/518 852/792/518 853/793/519
f 1816/789/520 849/788/517 853/793/519 1822/794/520
f 1822/794/521 853/793/522 855/795/523 1825/796/521
f 853/793/522 852/792/524 854/797/524 855/795/523
f 835/768/495 857/767/494 861/798/525 845/784/511
f 870/799/526 871/800/527 1207/801/528 1208/802/529
f 893/803/530 892/804/531 889/805/532 891/806/530
f 901/807/1 912/808/1 913/809/1 902/810/1
f 836/779/506 1798/781/508 1793/811/3
f 856/774/501 834/777/504 1793/811/3
f 834/777/504 836/779/506 1793/811/3
f 959/812/1 960/813/1 950/814/1 951/815/1
f 958/816/1 959/812/1 951/815/1 952/817/1
f 956/818/1 957/819/1 954/820/1 955/821/1
f 1102/822/265 984/823/265 985/824/533 1103/825/533
f 1103/825/533 985/824/533 986/826/3 1098/827/3
f 1065/828/534 1011/829/535 1041/830/536 1188/831/534
f 1009/832/537 1065/828/534 1188/831/534 1189/833/537
f 1021/834/538 1020/835/539 1041/830/540 1040/836/541
f 1022/837/542 1021/834/538 1040/836/541 1042/838/543
f 1023/839/544 1022/837/542 1042/838/543 1043/840/544
f 1024/841/545 1023/839/544 1043/840/544 1044/842/545
f 1025/843/546 1024/841/545 1044/842/545 1045/844/546
f 1026/845/547 1025/843/546 1045/844/546 1046/846/547
f 1027/847/548 1026/845/547 1046/846/547 1047/848/548
f 1016/849/549 1027/847/548 1047/848/548 1048/850/550
f 1032/851/551 1034/852/552 1050/853/553 1049/854/554
f 1034/852/552 1035/855/555 1051/856/555 1050/853/553
f 1035/855/555 1036/857/556 1052/858/556 1051/856/555
f 1036/857/556 1037/859/557 1053/860/558 1052/858/556
f 1037/859/557 1038/861/559 1054/862/559 1053/860/558
f 1038/861/559 1039/863/560 1055/864/561 1054/862/559
f 1064/865/562 1009/832/537 1189/833/537 1019/866/562
f 2166/867/563 1178/868/564 1187/869/565 2175/870/566
f 1151/871/567 1154/872/568 1180/873/569 1150/874/570
f 1161/875/571 1163/876/572 1162/877/573 1168/878/574
f 1170/879/575 1178/868/576 1163/876/572 1161/875/571
f 1008/880/577 1064/865/562 1019/866/562 1018/881/577
f 1136/882/578 1131/883/579 1171/884/580 1172/885/581
f 1039/863/582 1038/861/583 1070/886/584 1069/887/585
f 1063/888/586 1008/880/577 1018/881/577 1190/889/586
f 1062/890/587 1063/888/586 1190/889/586 1017/891/587
f 1153/892/588 1149/893/589 1168/878/590 1162/877/591
f 1007/894/592 1062/890/587 1017/891/587 1073/895/593
f 1184/896/594 1132/897/595 1143/898/596 1145/899/597
f 1015/900/598 1007/894/592 1073/895/593 1048/850/599
f 1163/876/572 2173/901/600 2174/902/601 1162/877/573
f 1177/903/602 2117/904/603 2137/905/604 1145/899/605
f 1179/906/606 2116/907/607 2117/904/603 1177/903/602
f 1172/885/581 1171/884/608 1132/897/595 1184/896/594
f 2167/908/609 1181/909/610 1135/910/611 2163/911/612
f 1137/912/613 1129/913/614 1181/914/610 1174/915/615
f 1087/916/616 1086/917/616 1201/918/616 1202/919/616
f 1189/833/617 1188/831/618 1193/920/619 1192/921/620
f 1144/922/621 1177/903/602 1145/899/605 1143/898/622
f 1086/917/623 1074/923/623 1200/924/623 1201/918/623
f 1149/893/624 1153/892/625 1154/872/568 1151/871/567
f 1100/925/279 1114/926/279 1110/927/279 1112/928/279
f 1122/929/626 982/930/627 1050/853/628 1051/856/629
f 976/931/630 1121/932/631 1123/933/632 1120/934/633
f 1113/935/634 987/936/635 1118/937/635 1115/938/636
f 1089/939/637 1088/940/637 1203/941/637 1204/942/637
f 1074/923/638 1075/943/638 1199/944/638 1200/924/638
f 1130/945/639 1139/946/640 1140/947/641 1131/883/579
f 1129/948/614 1137/949/613 1139/946/640 1130/945/639
f 1147/950/642 1142/951/643 1144/922/621 1148/952/644
f 1148/952/644 1144/922/621 1143/898/622 1146/953/645
f 1156/954/646 1151/871/567 1150/874/570 1155/955/647
f 1178/868/576 2166/867/648 2173/901/600 1163/876/572
f 1089/939/649 1077/956/649 1189/833/617 1192/921/620
f 1078/957/650 1090/958/650 1193/920/619 1188/831/618
f 1090/958/650 1091/959/650 1194/960/651 1193/920/619
f 1196/961/650 1195/962/650 1206/963/650 1205/964/650
f 1198/965/649 1197/966/649 1204/942/649 1203/941/649
f 1200/924/652 1199/944/652 1202/919/652 1201/918/652
f 1075/943/653 1087/916/653 1202/919/653 1199/944/653
f 1088/940/654 1076/967/654 1198/965/654 1203/941/654
f 1077/956/655 1089/939/655 1204/942/655 1197/966/655
f 1090/958/656 1078/957/656 1196/961/656 1205/964/656
f 1078/957/657 1079/968/657 1195/962/657 1196/961/657
f 1079/968/658 1091/959/658 1206/963/658 1195/962/658
f 1076/967/659 1077/956/659 1197/966/659 1198/965/659
f 1091/959/660 1090/958/660 1205/964/660 1206/963/660
f 2269/969/661 624/970/662 625/971/663 2270/972/664
f 2251/973/665 622/974/666 623/975/667 2268/976/668
f 2255/977/669 2267/978/670 621/979/671 635/980/669
f 2266/981/672 609/982/673 621/979/671 2267/978/670
f 2260/977/674 2275/983/675 632/984/676 604/980/674
f 2259/985/677 2276/986/678 633/987/679 603/988/677
f 601/989/680 636/990/681 637/991/682 616/992/680
f 2258/977/683 2278/978/684 638/993/685 616/980/683
f 616/994/686 638/995/685 639/996/687 615/997/686
f 2257/998/688 2256/999/689 640/1000/690 615/1001/688
f 608/1002/691 641/1003/692 642/1004/693 620/1005/691
f 619/1006/694 645/1007/695 644/1008/696 618/1009/694
f 2249/1010/697 2280/590/698 646/1011/699 618/1012/697
f 618/1013/700 646/1014/699 647/1015/701 607/1016/700
f 655/600/80 650/1017/80 649/1018/80 651/599/80
f 910/1019/702 792/1020/703 814/1021/704 922/1022/705
f 807/1023/706 899/1024/707 1219/1025/708 810/1026/709
f 822/1027/710 908/1028/710 894/1029/710 896/1030/710
f 910/1019/711 922/1022/711 895/1031/711 825/1032/711
f 922/1022/712 822/1027/712 896/1030/712 895/1031/712
f 908/1028/713 910/1019/713 825/1032/713 894/1029/713
f 820/1033/1 900/1034/1 821/1035/1 936/1036/1
f 907/1037/1 832/1038/1 833/1039/1 942/1040/1
f 941/1041/1 830/1042/1 831/1043/1 940/1044/1
f 829/1045/1 917/1046/1 943/1047/1 906/1048/1
f 905/1049/1 929/1050/1 916/1051/1 828/1052/1
f 819/1053/714 909/1054/715 910/1019/702 908/1028/716
f 930/1055/1 826/1056/1 827/1057/1 904/1058/1
f 932/1059/1 934/1060/1 915/1061/1 933/1062/1
f 894/1029/1 825/1032/1 895/1031/1 896/1030/1
f 918/1063/1 919/1064/1 920/1065/1 921/1066/1
f 903/1067/1 914/1068/1 925/1069/1 924/1070/1
f 822/1027/717 922/1022/717 919/1064/717 918/1063/717
f 923/1071/718 823/1072/718 921/1066/718 920/1065/718
f 823/1072/719 822/1027/719 918/1063/719 921/1066/719
f 922/1022/720 923/1071/720 920/1065/720 919/1064/720
f 823/1072/721 923/1071/721 914/1068/721 903/1067/721
f 824/1073/722 926/1074/722 924/1070/722 925/1069/722
f 926/1074/723 823/1072/723 903/1067/723 924/1070/723
f 923/1071/724 824/1073/724 925/1069/724 914/1068/724
f 926/1074/725 824/1073/725 912/808/725 901/807/725
f 927/1075/726 928/1076/726 902/810/726 913/809/726
f 928/1076/727 926/1074/727 901/807/727 902/810/727
f 824/1073/728 927/1075/728 913/809/728 912/808/728
f 928/1076/729 927/1075/729 929/1050/729 905/1049/729
f 911/1077/730 931/1078/730 828/1052/730 916/1051/730
f 931/1078/731 928/1076/731 905/1049/731 828/1052/731
f 927/1075/732 911/1077/732 916/1051/732 929/1050/732
f 931/1078/733 911/1077/733 826/1056/733 930/1055/733
f 935/1079/734 899/1024/734 904/1058/734 827/1057/734
f 899/1024/735 931/1078/735 930/1055/735 904/1058/735
f 911/1077/736 935/1079/736 827/1057/736 826/1056/736
f 899/1024/737 935/1079/737 934/1060/737 932/1059/737
f 1221/1080/738 1219/1025/738 933/1062/738 915/1061/738
f 1219/1025/739 899/1024/739 932/1059/739 933/1062/739
f 935/1079/740 1221/1080/740 915/1061/740 934/1060/740
f 897/1081/741 937/1082/741 830/1042/741 941/1041/741
f 939/1083/742 898/1084/742 940/1044/742 831/1043/742
f 898/1084/743 897/1081/743 941/1041/743 940/1044/743
f 937/1082/744 939/1083/744 831/1043/744 830/1042/744
f 1220/1085/745 1222/1086/745 832/1038/745 907/1037/745
f 937/1082/746 897/1081/746 942/1040/746 833/1039/746
f 897/1081/747 1220/1085/747 907/1037/747 942/1040/747
f 1222/1086/748 937/1082/748 833/1039/748 832/1038/748
f 898/1084/749 939/1083/749 917/1046/749 829/1045/749
f 939/1083/750 938/1087/750 943/1047/750 917/1046/750
f 1171/884/608 1173/1088/751 1141/1089/752 1132/897/595
f 1167/1090/753 1149/893/624 1151/871/567 1156/954/646
f 1160/1091/754 1161/875/571 1168/878/574 1159/1092/755
f 1169/1093/756 1170/879/575 1161/875/571 1160/1091/754
f 1157/1094/757 1169/1093/756 1160/1091/754 1158/1095/758
f 1132/897/595 1141/1089/752 1146/953/759 1143/898/596
f 1142/951/760 1147/950/761 1155/955/762 1150/874/763
f 1179/906/764 1142/951/760 1150/874/763 1180/873/765
f 1149/893/589 1167/1090/766 1159/1092/767 1168/878/590
f 1131/883/579 1140/947/641 1173/1088/768 1171/884/580
f 1142/951/643 1179/906/606 1177/903/602 1144/922/621
f 1111/1096/769 975/1097/770 998/1098/771 997/1099/772
f 1030/1100/773 979/1101/774 1028/1102/775 1029/1103/776
f 984/1104/777 983/1105/778 1053/860/779 1054/862/780
f 985/1106/781 984/1104/777 1054/862/780 1055/864/782
f 986/1107/783 985/1106/781 1055/864/782 1056/1108/784
f 989/1109/785 976/931/630 1120/934/633 1005/1110/785
f 987/936/786 1117/1111/786 1002/1112/786 1118/937/786
f 2281/587/787 647/1113/701 646/1011/699 2280/590/698
f 2254/981/788 630/1114/789 648/1115/790 2282/978/791
f 2284/1116/792 627/1117/793 612/1118/794 2272/1119/795
f 2271/981/796 626/982/797 632/984/676 2275/983/675
f 2283/1120/798 610/1114/799 633/987/679 2276/986/678
f 2262/1121/800 2272/1119/795 612/1118/794 617/1122/800
f 617/1123/801 612/1124/794 627/1125/793 605/1126/801
f 604/1127/802 632/1128/676 626/1129/797 603/1130/802
f 2263/1131/803 2282/978/791 648/1115/790 607/1132/803
f 607/1133/804 648/1134/790 630/1135/789 606/1136/804
f 635/1137/805 621/1138/671 609/1139/673 601/1140/805
f 602/1013/806 623/1014/667 622/1015/666 635/1016/806
f 634/1013/807 625/1014/663 624/1015/662 602/1016/807
f 2296/1141/808 642/1142/693 641/987/692 2286/1143/809
f 2274/1141/810 614/1144/811 640/1000/690 2256/999/689
f 2288/1145/812 643/1146/813 613/1147/814 2273/1148/815
f 2279/1149/816 644/970/696 645/1150/695 2295/1151/817
f 2293/1152/818 611/1153/819 631/1154/820 2294/1155/821
f 2291/1156/822 2270/972/664 625/971/663 634/1157/822
f 2287/1158/823 2268/976/668 623/975/667 602/1159/823
f 2292/1120/824 637/1114/682 636/987/681 2285/1119/825
f 2277/1160/826 639/1161/687 638/993/685 2278/978/684
f 2261/1162/827 2294/1155/821 631/1154/820 605/1163/827
f 605/1164/828 631/1165/820 611/1166/819 604/1167/828
f 2290/985/829 2285/1119/825 636/987/681 601/988/829
f 615/1168/830 640/1169/690 614/1170/811 608/1171/830
f 2265/1172/831 2286/1143/809 641/987/692 608/988/831
f 2264/1173/832 2273/1148/815 613/1147/814 620/1174/832
f 620/1175/833 613/1176/814 643/1177/813 619/1140/833
f 2250/1178/834 2295/1151/817 645/1150/695 619/1179/834
f 606/1180/835 629/1181/439 628/1182/438 617/1183/835
f 2289/1010/836 2253/590/440 629/589/439 606/1184/836
f 603/1185/837 633/1186/679 610/1187/799 634/1188/837
f 1174/915/615 1181/914/610 2167/1189/80 2169/1190/80
f 1135/910/611 1130/945/639 1131/883/579 1136/882/578
f 1181/909/610 1129/948/614 1130/945/639 1135/910/611
f 1011/829/535 1010/1191/838 1040/836/839 1041/830/536
f 1010/1191/838 1066/1192/840 1042/838/840 1040/836/839
f 1066/1192/840 1012/1193/841 1043/840/841 1042/838/840
f 1012/1193/841 1067/1194/842 1044/842/842 1043/840/841
f 1067/1194/842 1013/1195/843 1045/844/843 1044/842/842
f 1013/1195/843 1068/1196/844 1046/846/844 1045/844/843
f 1068/1196/844 1014/1197/845 1047/848/845 1046/846/844
f 1014/1197/845 1015/900/598 1048/850/599 1047/848/845
f 1009/832/1 1012/1193/1 1066/1192/1 1065/828/1
f 1064/865/1 1067/1194/1 1012/1193/1 1009/832/1
f 1008/880/1 1013/1195/1 1067/1194/1 1064/865/1
f 1063/888/1 1068/1196/1 1013/1195/1 1008/880/1
f 1062/890/1 1014/1197/1 1068/1196/1 1063/888/1
f 1007/894/1 1015/900/1 1014/1197/1 1062/890/1
f 1065/828/1 1066/1192/1 1010/1191/1 1011/829/1
f 1025/843/846 1026/845/847 1061/1198/848 1081/1199/849
f 1037/859/850 1036/857/851 1060/1200/852 1093/1201/853
f 1024/841/854 1025/843/846 1081/1199/849 1072/1202/855
f 1036/857/851 1035/855/856 1059/1203/857 1060/1200/852
f 1023/839/858 1024/841/854 1072/1202/855 1058/1204/859
f 1035/855/856 1034/852/860 1071/1205/861 1059/1203/857
f 1022/837/862 1023/839/858 1058/1204/859 1057/1206/863
f 1034/852/860 1032/851/864 1092/1207/865 1071/1205/861
f 1038/861/583 1037/859/850 1093/1201/853 1070/886/584
f 1026/845/847 1027/847/866 1082/1208/867 1061/1198/848
f 1021/834/868 1022/837/862 1057/1206/863 1080/1209/869
f 1016/849/870 1095/1210/871 1096/1211/872 1084/1212/873
f 1079/968/650 1078/957/650 1188/831/618 1041/830/540
f 1077/956/649 1076/967/649 1019/866/874 1189/833/617
f 1075/943/652 1074/923/652 1190/889/875 1018/881/876
f 1087/916/652 1075/943/652 1018/881/876 1191/1213/877
f 1091/959/650 1079/968/650 1041/830/540 1194/960/651
f 1027/847/866 1016/849/870 1084/1212/873 1082/1208/867
f 1020/835/878 1021/834/868 1080/1209/869 1083/1214/879
f 1178/868/564 1170/879/880 1128/1215/881 1187/869/565
f 2168/1216/882 2175/1217/566 1187/1218/565 1175/1219/883
f 1175/1219/883 1187/1218/565 1128/1220/881 1138/1221/884
f 1170/879/880 1169/1093/885 1138/1222/886 1128/1215/881
f 1138/1222/886 1169/1093/885 1157/1094/887 1126/1223/887
f 1033/1224/888 1032/851/551 1049/854/554 1194/960/651
f 1039/863/560 1095/1210/889 1056/1108/890 1055/864/561
f 1110/1225/891 1114/1226/892 1192/921/893 1193/920/894
f 1074/923/652 1086/917/652 1029/1103/895 1190/889/875
f 1088/940/649 1089/939/649 1192/921/620 1031/1227/896
f 1086/917/652 1087/916/652 1191/1213/877 1029/1103/895
f 978/1228/897 986/1107/783 1056/1108/784 1085/1229/898
f 979/1101/774 978/1228/897 1085/1229/898 1028/1102/775
f 980/1230/899 1030/1100/773 1029/1103/776 1191/1213/900
f 981/1231/901 1110/1225/891 1193/920/894 1194/960/902
f 1095/1210/871 1039/863/582 1069/887/585 1096/1211/872
f 1032/851/864 1033/1224/903 1094/1232/904 1092/1207/865
f 1033/1224/903 1020/835/878 1083/1214/879 1094/1232/904
f 1095/1210/889 1016/849/549 1048/850/550 1056/1108/890
f 1020/835/539 1033/1224/888 1194/960/651 1041/830/540
f 1048/850/550 1073/895/905 1085/1229/906 1056/1108/890
f 1018/881/876 1019/866/874 1031/1227/896 1191/1213/877
f 1017/891/907 1190/889/875 1029/1103/895 1028/1102/908
f 1073/895/905 1017/891/907 1028/1102/908 1085/1229/906
f 1076/967/649 1088/940/649 1031/1227/896 1019/866/874
f 1096/1233/909 1069/1234/910 1082/1235/911 1084/1236/909
f 1070/1237/912 1061/1238/913 1082/1235/911 1069/1234/910
f 1061/1238/913 1070/1237/912 1093/1239/914 1081/1240/915
f 1081/1240/915 1093/1239/914 1060/1241/916 1072/1242/917
f 1059/1243/918 1058/1244/919 1072/1242/917 1060/1241/916
f 1058/1244/919 1059/1243/918 1071/1245/920 1057/1246/921
f 1057/1246/921 1071/1245/920 1092/1247/922 1080/1248/923
f 1094/1249/924 1083/1250/924 1080/1248/923 1092/1247/922
f 1098/827/3 986/826/3 978/1251/925 973/1252/925
f 973/1252/925 978/1251/925 979/1253/256 1097/1254/256
f 977/1255/926 983/1256/926 984/823/265 1102/822/265
f 974/1257/927 1099/1258/928 995/1259/929 994/1260/930
f 1097/1261/931 974/1262/927 994/1263/930 993/1264/932
f 973/1265/933 1097/1261/931 993/1264/932 992/1266/934
f 1102/1267/935 1103/1268/936 1001/1269/937 1000/1270/938
f 1098/1271/939 973/1265/933 992/1266/934 991/1272/940
f 1103/1268/936 1098/1271/939 991/1272/940 1001/1269/937
f 977/1273/941 1102/1267/935 1000/1270/938 999/1274/942
f 1100/1275/943 1112/1276/944 1109/1277/945 996/1278/946
f 976/1279/281 982/1280/281 1122/1281/281 1121/1282/281
f 1121/932/631 1107/1283/947 1006/1284/947 1123/933/632
f 1108/1285/948 1101/1286/949 1124/1287/950 1125/1288/948
f 1101/1289/949 977/1273/941 999/1274/942 1124/1290/950
f 1107/1283/951 1108/1285/951 1125/1288/951 1006/1284/951
f 1097/1291/256 979/1292/256 1030/1293/952 974/1294/952
f 974/1294/952 1030/1293/952 980/1295/130 1099/1296/130
f 1104/1297/953 1110/927/953 981/1298/953 1105/1299/953
f 1117/1111/954 1100/1275/943 996/1278/946 1002/1112/954
f 1106/1300/955 989/1109/955 1005/1110/955 1119/1301/955
f 1104/1302/956 1105/1303/956 1004/1304/956 1003/1305/956
f 1099/1258/928 1113/935/634 1115/938/636 995/1259/929
f 981/1298/957 1111/1306/957 1105/1299/957
f 1112/1276/944 1104/1302/958 1003/1305/958 1109/1277/945
f 1112/928/959 1110/927/959 1104/1297/959
f 1105/1303/960 1111/1096/769 997/1099/772 1004/1304/960
f 975/1097/770 1106/1300/961 1119/1301/961 998/1098/771
f 966/1307/1 961/1308/1 964/1309/1 963/1310/1
f 961/1308/1 966/1307/1 969/1311/1 970/1312/1
f 957/1313/962 956/1314/963 947/1315/963 946/1316/962
f 966/1317/964 960/1318/965 945/1319/965 944/1320/964
f 960/813/1 966/1307/1 963/1310/1 950/814/1
f 967/1321/1 958/816/1 952/817/1 953/1322/1
f 957/819/1 967/1321/1 953/1322/1 954/820/1
f 972/1323/1 956/818/1 955/821/1 971/1324/1
f 961/1308/1 970/1312/1 968/1325/1 964/1309/1
f 965/1326/966 949/1327/967 964/1328/967 968/1329/966
f 949/1327/967 948/1330/968 963/1331/968 964/1328/967
f 1127/1332/969 1137/912/613 1174/915/615
f 1137/949/613 1127/1333/969 1133/1334/970 1139/946/640
f 1139/946/640 1133/1334/970 1134/1335/971 1140/947/641
f 1176/1336/972 1148/952/644 1146/953/645 1164/1337/973
f 1152/1338/974 1156/954/646 1155/955/647 1186/1339/975
f 1158/1095/758 1160/1091/754 1159/1092/755 1185/1340/976
f 1140/947/641 1134/1335/971 1183/1341/977 1173/1088/768
f 1173/1088/751 1183/1341/978 1182/1342/979 1141/1089/752
f 1165/1343/980 1147/950/642 1148/952/644 1176/1336/972
f 1166/1344/981 1167/1090/753 1156/954/646 1152/1338/974
f 1141/1089/752 1182/1342/979 1164/1337/982 1146/953/759
f 1147/950/761 1165/1343/983 1186/1339/983 1155/955/762
f 1167/1090/766 1166/1344/984 1185/1340/984 1159/1092/767
f 1126/1345/985 1175/1219/883 1138/1221/884
f 1127/1332/969 1174/915/615 2169/1190/80 2162/1346/80
f 2176/1347/130 2168/1216/882 1175/1219/883 1126/1345/985
f 2229/1348/986 795/1349/987 800/1350/988 2231/1351/989
f 2244/1352/990 813/1353/991 797/1354/992 2230/1355/993
f 2224/1356/994 809/1357/995 795/1349/996 2229/1348/997
f 2226/1358/998 794/1359/999 793/1360/1000 2227/1361/1001
f 2230/1355/993 797/1354/992 808/1362/1002 2235/1363/1003
f 2235/1363/1003 808/1362/1002 809/1357/995 2224/1356/994
f 2227/1361/1001 793/1360/1000 811/1364/1004 2242/1365/1005
f 2242/1365/1005 811/1364/1004 812/1366/1006 2225/1367/1007
f 2225/1367/1007 812/1366/1006 818/1368/1006 2243/1369/1007
f 2243/1369/1007 818/1368/1006 813/1353/991 2244/1352/990
f 874/1370/1008 822/1027/1009 823/1072/1010 875/1371/1011
f 1208/802/529 800/1350/1012 799/1372/1013 870/799/526
f 886/1373/1014 801/1374/1015 869/1375/1016 868/1376/1017
f 800/1350/1012 795/1349/1018 867/1377/1019 799/1372/1013
f 789/1378/1020 886/1373/1014 868/1376/1017 796/1379/1021
f 788/1380/1022 885/1381/1023 792/1020/703 865/1382/1024
f 879/1383/1025 814/1021/704 884/1384/1026 883/1385/1027
f 878/1386/1028 879/1383/1025 883/1385/1027 815/1387/1029
f 877/1388/1030 878/1386/1028 815/1387/1029 816/1389/1031
f 798/1390/1032 877/1388/1030 816/1389/1031 790/1391/1033
f 876/1392/1034 817/1393/1035 813/1353/1036 818/1368/1037
f 875/1371/1011 876/1392/1034 818/1368/1037 812/1366/1038
f 874/1370/1008 875/1371/1011 812/1366/1038 811/1364/1039
f 864/1394/1040 874/1370/1008 811/1364/1039 793/1360/1041
f 807/1023/706 810/1026/709 809/1357/1042 808/1362/1043
f 796/1379/1021 873/1395/1044 882/1396/1045 789/1378/1020
f 866/1397/1046 807/1023/706 808/1362/1043 797/1354/1047
f 873/1395/1044 872/1398/1048 806/1399/1049 882/1396/1045
f 871/800/527 803/1400/1050 791/1401/1051 1207/801/528
f 872/1398/1048 798/1390/1032 790/1391/1033 806/1399/1049
f 817/1393/1035 866/1397/1046 797/1354/1047 813/1353/1036
f 814/1021/704 792/1020/703 885/1381/1023 884/1384/1026
f 810/1026/709 867/1377/1019 795/1349/1018 809/1357/1042
f 863/1402/1052 864/1394/1040 793/1360/1041 794/1359/1053
f 1221/1080/1054 873/1395/1044 796/1379/1021 1222/1086/1055
f 1222/1086/1055 796/1379/1021 868/1376/1017 937/1082/1056
f 937/1082/1056 868/1376/1017 869/1375/1016 939/1083/1057
f 927/1075/1058 877/1388/1030 798/1390/1032 911/1077/1059
f 909/1054/715 865/1382/1024 792/1020/703 910/1019/702
f 911/1077/1059 798/1390/1032 872/1398/1048 935/1079/1060
f 935/1079/1060 872/1398/1048 873/1395/1044 1221/1080/1054
f 922/1022/705 814/1021/704 879/1383/1025 923/1071/1061
f 923/1071/1061 879/1383/1025 878/1386/1028 824/1073/1062
f 824/1073/1062 878/1386/1028 877/1388/1030 927/1075/1058
f 876/1392/1034 926/1074/1063 928/1076/1064 817/1393/1035
f 875/1371/1011 823/1072/1010 926/1074/1063 876/1392/1034
f 864/1394/1040 908/1028/716 822/1027/1009 874/1370/1008
f 866/1397/1046 931/1078/1065 899/1024/707 807/1023/706
f 863/1402/1052 819/1053/714 908/1028/716 864/1394/1040
f 817/1393/1035 928/1076/1064 931/1078/1065 866/1397/1046
f 799/1372/1013 897/1081/1066 898/1084/1067 870/799/526
f 867/1377/1019 1220/1085/1068 897/1081/1066 799/1372/1013
f 810/1026/709 1219/1025/708 1220/1085/1068 867/1377/1019
f 938/1087/1069 871/800/1069 906/1048/1069 943/1047/1069
f 871/800/1070 898/1084/1070 829/1045/1070 906/1048/1070
f 2231/1351/989 800/1350/988 1208/802/1071 2248/1403/1072
f 804/1404/1073 938/1087/1074 802/1405/1075 805/1406/1076
f 938/1087/1074 869/1375/1016 801/1374/1015 802/1405/1075
f 939/1083/1057 869/1375/1016 938/1087/1074
f 870/799/526 898/1084/1067 871/800/527
f 805/1406/1076 791/1401/1051 803/1400/1050 804/1404/1073
f 2246/1407/1077 2247/1408/1078 791/1401/1079 805/1406/1080
f 871/800/527 938/1087/1074 804/1404/1073 803/1400/1050
f 881/1409/1081 880/1410/1082 1208/802/1071 1207/801/1083
f 1213/1411/1084 1218/1412/1085 880/1413/1086 881/1414/1087
f 2216/1415/1088 1213/1411/1084 881/1414/1087 2214/1416/1089
f 2217/1417/1090 1212/1418/1091 1213/1411/1084 2216/1415/1088
f 2218/1419/1092 1211/1420/1093 1212/1418/1091 2217/1417/1090
f 2219/1421/1094 1210/1422/1095 1211/1420/1093 2218/1419/1092
f 1212/1418/1091 1217/1423/1096 1218/1412/1085 1213/1411/1084
f 1211/1420/1093 1216/1424/1097 1217/1423/1096 1212/1418/1091
f 1210/1422/1095 1215/1425/1098 1216/1424/1097 1211/1420/1093
f 1214/1426/1099 1215/1425/1098 1210/1422/1095 1209/1427/1100
f 850/1428/1101 1214/1426/1099 1209/1427/1100 851/1429/1102
f 2213/1430/1103 2212/1431/1104 1215/1425/1098 1214/1426/1099
f 1215/1425/1098 2212/1431/1104 2211/1432/1105 1216/1424/1097
f 1216/1424/1097 2211/1432/1105 2210/1433/1106 1217/1423/1096
f 1217/1423/1096 2210/1433/1106 2209/1434/1107 1218/1412/1085
f 1218/1412/1085 2209/1434/1107 2208/1435/1108 880/1413/1086
f 851/1429/1102 1209/1427/1100 2220/1436/1109 2215/1437/1110
f 1209/1427/1100 1210/1422/1095 2219/1421/1094 2220/1436/1109
f 2432/783/510 844/771/498 851/773/500 2215/1438/1111
f 1818/1439/1112 2213/1430/1103 1214/1426/1099 850/1428/1101
f 1207/801/1083 2245/1440/1113 2214/1441/1114 881/1409/1081
f 802/1405/1115 2234/1442/1116 2246/1407/1077 805/1406/1080
f 791/1401/1079 2247/1408/1078 2245/1440/1113 1207/801/1083
f 815/1387/1117 2240/1443/1118 2241/1444/1119 816/1389/1120
f 883/1385/1117 2239/1445/1118 2240/1443/1118 815/1387/1117
f 884/1384/1121 2238/1446/1122 2239/1445/1118 883/1385/1117
f 885/1381/1123 2228/1447/1124 2238/1446/1122 884/1384/1121
f 806/1399/1125 2236/1448/1126 2237/1449/1127 882/1396/1128
f 790/1391/1129 2223/1450/1130 2236/1448/1126 806/1399/1125
f 788/1380/1131 2221/1451/1132 2228/1447/1124 885/1381/1123
f 882/1396/1128 2237/1449/1127 2222/1452/1133 789/1378/1134
f 816/1389/1120 2241/1444/1119 2223/1450/1130 790/1391/1129
f 789/1378/1134 2222/1452/1133 2232/1453/1135 886/1373/1136
f 886/1373/1136 2232/1453/1135 2233/1454/1137 801/1374/1138
f 801/1374/1138 2233/1454/1137 2234/1442/1116 802/1405/1115
f 1208/802/1071 880/1410/1082 2208/1455/1139 2248/1403/1072
f 606/1456/1140 630/1114/789 2254/981/788 2289/1457/1140
f 634/1458/1141 610/1114/799 2283/1120/798 2291/1459/1141
f 617/1460/1142 628/588/438 2252/587/437 2262/1461/1142
f 620/1462/1143 642/1142/693 2296/1141/808 2264/1463/1143
f 608/1464/1144 614/1144/811 2274/1141/810 2265/1463/1144
f 616/1458/1145 637/1114/682 2292/1120/824 2258/1459/1145
f 604/1465/1146 611/1153/819 2293/1152/818 2260/1466/1146
f 601/1467/1147 609/982/673 2266/981/672 2290/1468/1147
f 602/1469/1148 624/970/662 2269/969/661 2287/1470/1148
f 619/1471/1149 643/1146/813 2288/1145/812 2250/1472/1149
f 635/1473/1150 622/974/666 2251/973/665 2255/1474/1150
f 607/1475/1151 647/1113/701 2281/587/787 2263/1461/1151
f 603/1467/1152 626/982/797 2271/981/796 2259/1468/1152
f 605/1476/1153 627/1117/793 2284/1116/792 2261/1477/1153
f 618/1478/1154 644/970/696 2279/1149/816 2249/1479/1154
f 615/1480/1155 639/1161/687 2277/1160/826 2257/1481/1155
f 597/580/433 649/1482/1156 650/1483/1156 600/581/434
f 2165/1484/1157 1184/896/594 1145/899/597 2137/905/1158
f 2116/907/1158 1179/906/764 1180/873/765 2170/1485/1158
f 2171/1486/1159 1153/892/588 1162/877/591 2174/902/1159
f 2164/1487/1160 1136/882/578 1172/885/581 2145/1488/1161
f 1153/892/625 2171/1486/1162 2172/1489/1163 1154/872/568
f 2145/1488/1161 1172/885/581 1184/896/594 2165/1484/1157
f 2163/911/612 1135/910/611 1136/882/578 2164/1487/1160
f 1154/872/568 2172/1489/1163 2170/1485/1164 1180/873/569
f 840/778/505 838/1490/1165 1858/1491/1166 1802/780/507
f 839/776/503 887/1492/1167 838/1490/1165 840/778/505
f 859/775/502 858/1493/1168 887/1492/1167 839/776/503
f 2433/1494/1169 860/766/493 843/769/496 2431/782/509
f 858/1493/1170 888/1495/1170 841/1496/1171 887/1492/1172
f 887/1492/1172 841/1496/1171 842/1497/1173 838/1490/1174
f 838/1490/1174 842/1497/1173 1805/1498/1175 1858/1491/1175
f 392/1499/274 402/1500/274 400/338/274 394/337/274
f 390/1501/274 388/1502/274 402/1500/274 392/1499/274
f 900/1034/1176 820/1033/1176 1220/1085/1176 1219/1025/1176
f 936/1036/1177 821/1035/1177 1221/1080/1177 1222/1086/1177
f 821/1035/1178 900/1034/1178 1219/1025/1178 1221/1080/1178
f 820/1033/1179 936/1036/1179 1222/1086/1179 1220/1085/1179
f 846/785/512 845/784/511 889/805/1180 890/1503/1181
f 1810/1504/1182 846/785/512 890/1503/1181 1813/1505/1183
f 847/787/514 892/1506/1184 848/791/1185 849/788/515
f 892/1506/1186 893/1507/1187 862/1508/1187 848/791/1184
f 845/784/511 861/798/525 891/806/1188 889/805/1180
f 847/1509/1189 1812/1510/1190 1813/1505/1190 890/1503/1191
f 892/804/531 847/1509/1189 890/1503/1191 889/805/532
f 990/1511/1192 1122/929/626 1051/856/629 1052/858/1193
f 990/1512/1194 1101/1513/1194 1108/1514/1194
f 1107/1515/1195 1122/1281/1195 990/1512/1195 1108/1514/1195
f 982/930/627 988/1516/1196 1049/854/1197 1050/853/628
f 983/1105/778 990/1511/1192 1052/858/1193 1053/860/779
f 1116/1517/1198 980/1230/899 1191/1213/900 1031/1227/1199
f 988/1516/1196 981/1231/901 1194/960/902 1049/854/1197
f 1114/1226/892 1116/1517/1198 1031/1227/1199 1192/921/893
f 1101/1513/296 990/1512/296 983/1256/926 977/1255/926
f 1121/1282/1200 1122/1281/1200 1107/1515/1200
f 1113/1518/1201 1116/1519/1201 987/1520/1201
f 1114/926/1201 1100/925/1201 1117/1521/1201
f 1111/1306/299 981/1298/299 988/1522/299 975/1523/299
f 1099/1296/130 980/1295/130 1116/1519/302 1113/1518/302
f 1106/1524/1202 988/1522/1202 982/1525/1202 989/1526/1202
f 982/1525/1203 976/1527/1203 989/1526/1203
f 975/1523/1204 988/1522/1204 1106/1524/1204
f 987/1520/1201 1116/1519/1198 1114/926/892 1117/1521/1201
f 384/1528/261 383/1529/260 1226/1530/1205 1225/1531/1206
f 386/1532/266 385/1533/262 1224/1534/1207 1223/1535/1208
f 380/1536/255 379/1537/254 1230/1538/1209 1229/1539/1210
f 381/314/257 380/1536/255 1229/1539/1210 1228/315/263
f 383/1529/260 382/313/258 1227/316/264 1226/1530/1205
f 385/1533/262 384/1528/261 1225/1531/1206 1224/1534/1207
f 379/1537/254 386/1532/266 1223/1535/1208 1230/1538/1209
f 1230/1538/1209 1223/1535/1208 1231/1540/1
f 1223/1535/1208 1224/1534/1207 1231/1540/1
f 1224/1534/1207 1225/1531/1206 1231/1540/1
f 1225/1531/1206 1226/1530/1205 1231/1540/1
f 1226/1530/1205 1227/316/264 1231/1540/1
f 1227/316/264 1228/315/263 1231/1540/1
f 1228/315/263 1229/1539/1210 1231/1540/1
f 1229/1539/1210 1230/1538/1209 1231/1540/1
f 1254/1541/1 1233/1542/1 1235/1543/1 1255/1544/1
f 1255/1544/1 1235/1543/1 1237/1545/1 1256/1546/1
f 1256/1546/1 1237/1545/1 1239/1547/1 1257/1548/1
f 1257/1548/1 1239/1547/1 1241/1549/1 1258/1550/1
f 1258/1550/1 1241/1549/1 1243/1551/1 1259/1552/1
f 1259/1552/1 1243/1551/1 1245/1553/1 1260/1554/1
f 1251/1555/1211 1249/1556/1212 1248/1557/1
f 1253/1558/1213 1251/1555/1211 1248/1557/1
f 1233/1542/1214 1253/1558/1213 1248/1557/1
f 1235/1543/1215 1233/1542/1214 1248/1557/1
f 1233/1559/1216 1254/1560/1216 1232/1561/1216 1265/1562/1216
f 1260/1563/1217 1245/1564/1217 1264/1565/1217 1244/1566/1217
f 1246/1567/1218 1247/1568/1219 1262/1569/1219 1263/1570/1218
f 1249/1571/80 1251/1572/1220 1252/1573/1220 1261/1574/80
f 1245/1564/1221 1246/1567/1218 1263/1570/1218 1264/1565/1221
f 1253/1575/1222 1233/1559/1223 1265/1562/1223 1250/1576/1222
f 1247/1568/1219 1249/1571/80 1261/1574/80 1262/1569/1219
f 1251/1572/1220 1253/1575/1222 1250/1576/1222 1252/1573/1220
f 1242/1577/1224 1259/1578/1224 1260/1579/1225 1244/1580/1225
f 1240/1581/1226 1258/1582/1226 1259/1578/1224 1242/1577/1224
f 1238/1583/130 1257/1584/130 1258/1582/1226 1240/1581/1226
f 1236/1585/1227 1256/1586/1227 1257/1584/130 1238/1583/130
f 1234/1587/1228 1255/1588/1228 1256/1586/1227 1236/1585/1227
f 1232/1589/1229 1254/1590/1229 1255/1588/1228 1234/1587/1228
f 1249/1556/1212 1247/1591/1230 1248/1557/1
f 1247/1591/1230 1246/1592/1231 1248/1557/1
f 1246/1592/1231 1245/1553/1232 1248/1557/1
f 1245/1553/1232 1243/1551/1233 1248/1557/1
f 1243/1551/1233 1241/1549/1234 1248/1557/1
f 1241/1549/1234 1239/1547/1235 1248/1557/1
f 1239/1547/1235 1237/1545/1236 1248/1557/1
f 1237/1545/1236 1235/1543/1215 1248/1557/1
f 1274/299/3 1275/302/256 1267/301/1237 1266/300/1238
f 1275/302/256 1276/304/130 1268/303/1239 1267/301/1237
f 1276/304/130 1277/306/259 1269/305/1240 1268/303/1239
f 1277/306/259 1278/308/14 1270/307/1241 1269/305/1240
f 1278/308/14 1279/310/82 1271/309/1242 1270/307/1241
f 1279/310/82 1280/312/80 1272/311/1243 1271/309/1242
f 1269/313/1240 2305/316/1244 2306/315/1245 1268/314/1239
f 1281/317/265 1274/299/3 1266/300/1238 1273/318/1246
f 1280/319/80 1281/317/265 1273/318/1246 1272/320/1243
f 1282/321/1247 1284/324/1248 1285/323/1248 1283/322/1247
f 1284/324/1248 1286/326/1249 1287/325/1249 1285/323/1248
f 1286/327/1249 1288/330/1250 1289/329/1250 1287/328/1249
f 1288/330/1250 1290/332/1251 1291/331/1251 1289/329/1250
f 1290/332/1251 1292/334/1252 1293/333/1252 1291/331/1251
f 1292/334/1252 1294/336/1253 1295/335/1253 1293/333/1252
f 1289/337/1254 1291/340/1254 1293/339/1254 1295/338/1254
f 1296/341/1255 1282/321/1247 1283/322/1247 1297/342/1255
f 1294/336/1253 1296/341/1255 1297/342/1255 1295/335/1253
f 1298/343/276 1300/346/282 1301/345/282 1299/344/276
f 1300/346/282 1302/348/2 1303/347/2 1301/345/282
f 1302/348/2 1304/350/280 1305/349/280 1303/347/2
f 1304/350/280 1306/352/279 1307/351/279 1305/349/280
f 1306/352/279 1308/354/278 1309/353/278 1307/351/279
f 1308/354/278 1310/356/1 1311/355/1 1309/353/278
f 1305/349/281 1317/358/281 1316/357/281 1303/347/281
f 1312/359/277 1298/343/276 1299/344/276 1313/360/277
f 1310/361/1 1312/359/277 1313/360/277 1311/362/1
f 1311/355/281 1320/364/281 1319/363/281 1309/353/281
f 1307/351/281 1318/365/281 1317/358/281 1305/349/281
f 1313/360/281 1321/367/281 1320/366/281 1311/362/281
f 1303/347/281 1316/357/281 1315/368/281 1301/345/281
f 1309/353/281 1319/363/281 1318/365/281 1307/351/281
f 1299/344/281 1314/369/281 1321/367/281 1313/360/281
f 1301/345/281 1315/368/281 1314/369/281 1299/344/281
f 1321/367/277 1329/371/1256 1328/370/1257 1320/366/1
f 1319/363/278 1327/373/1258 1326/372/1259 1318/365/279
f 1317/358/280 1325/375/1260 1324/374/1261 1316/357/2
f 1315/368/282 1323/377/1262 1322/376/1263 1314/369/276
f 1314/369/276 1322/376/1263 1329/371/1256 1321/367/277
f 1320/364/1 1328/378/1257 1327/373/1258 1319/363/278
f 1318/365/279 1326/372/1259 1325/375/1260 1317/358/280
f 1316/357/2 1324/374/1261 1323/377/1262 1315/368/282
f 1330/379/1264 1331/382/1265 1363/381/293 1364/380/292
f 1332/383/1266 1333/386/1267 1368/385/281 1369/384/296
f 1334/387/1268 1335/390/1269 1366/389/279 1367/388/299
f 1336/391/1270 1330/394/1264 1364/393/292 1365/392/302
f 1331/382/1265 1337/396/1271 1362/395/276 1363/381/293
f 1337/396/1271 1332/383/1266 1369/384/296 1362/395/276
f 1333/386/1267 1334/387/1268 1367/388/299 1368/385/281
f 1335/390/1269 1336/391/1270 1365/392/302 1366/389/279
f 1358/397/1272 1333/386/1267 1332/383/1266 1359/398/1273
f 1355/399/1274 1334/387/1268 1333/386/1267 1358/397/1272
f 1352/400/1275 1335/390/1269 1334/387/1268 1355/399/1274
f 1349/401/1276 1336/391/1270 1335/390/1269 1352/400/1275
f 1346/402/1277 1330/394/1264 1336/391/1270 1349/401/1276
f 1343/403/1278 1331/382/1265 1330/379/1264 1346/404/1277
f 1340/405/1279 1337/396/1271 1331/382/1265 1343/403/1278
f 1359/398/1273 1332/383/1266 1337/396/1271 1340/405/1279
f 1339/406/1280 1340/405/1279 1343/403/1278 1342/407/1281
f 1341/408/1282 1338/409/1283 1339/406/1280 1342/407/1281
f 1329/371/1256 1322/376/1263 1338/409/1283 1341/408/1282
f 1342/407/1281 1343/403/1278 1346/404/1277 1345/410/1284
f 1344/411/1285 1341/408/1282 1342/407/1281 1345/410/1284
f 1328/370/1257 1329/371/1256 1341/408/1282 1344/411/1285
f 1345/412/1284 1346/402/1277 1349/401/1276 1348/413/1286
f 1347/414/1287 1344/415/1285 1345/412/1284 1348/413/1286
f 1327/373/1258 1328/378/1257 1344/415/1285 1347/414/1287
f 1348/413/1286 1349/401/1276 1352/400/1275 1351/416/1288
f 1350/417/1289 1347/414/1287 1348/413/1286 1351/416/1288
f 1326/372/1259 1327/373/1258 1347/414/1287 1350/417/1289
f 1351/416/1288 1352/400/1275 1355/399/1274 1354/418/1290
f 1353/419/1291 1350/417/1289 1351/416/1288 1354/418/1290
f 1325/375/1260 1326/372/1259 1350/417/1289 1353/419/1291
f 1354/418/1290 1355/399/1274 1358/397/1272 1357/420/1292
f 1356/421/1293 1353/419/1291 1354/418/1290 1357/420/1292
f 1324/374/1261 1325/375/1260 1353/419/1291 1356/421/1293
f 1357/420/1292 1358/397/1272 1359/398/1273 1360/422/1294
f 1361/423/1295 1356/421/1293 1357/420/1292 1360/422/1294
f 1323/377/1262 1324/374/1261 1356/421/1293 1361/423/1295
f 1360/422/1294 1359/398/1273 1340/405/1279 1339/406/1280
f 1338/409/1283 1361/423/1295 1360/422/1294 1339/406/1280
f 1322/376/1263 1323/377/1262 1361/423/1295 1338/409/1283
f 1370/424/328 1372/427/334 1373/426/334 1371/425/328
f 1372/427/334 1374/429/2 1375/428/2 1373/426/334
f 1374/429/2 1376/431/332 1377/430/332 1375/428/2
f 1376/431/332 1378/433/331 1379/432/331 1377/430/332
f 1378/433/331 1380/435/330 1381/434/330 1379/432/331
f 1380/435/330 1382/437/1 1383/436/1 1381/434/330
f 1377/430/333 1389/439/333 1388/438/333 1375/428/333
f 1384/440/329 1370/424/328 1371/425/328 1385/441/329
f 1382/442/1 1384/440/329 1385/441/329 1383/443/1
f 1383/436/333 1392/445/333 1391/444/333 1381/434/333
f 1379/432/333 1390/446/333 1389/439/333 1377/430/333
f 1385/441/333 1393/448/333 1392/447/333 1383/443/333
f 1375/428/333 1388/438/333 1387/449/333 1373/426/333
f 1381/434/333 1391/444/333 1390/446/333 1379/432/333
f 1371/425/333 1386/450/333 1393/448/333 1385/441/333
f 1373/426/333 1387/449/333 1386/450/333 1371/425/333
f 1393/448/329 1401/452/1296 1400/451/1297 1392/447/1
f 1391/444/330 1399/454/1298 1398/453/1299 1390/446/331
f 1389/439/332 1397/456/1300 1396/455/1301 1388/438/2
f 1387/449/334 1395/458/1302 1394/457/1303 1386/450/328
f 1386/450/328 1394/457/1303 1401/452/1296 1393/448/329
f 1392/445/1 1400/459/1297 1399/454/1298 1391/444/330
f 1390/446/331 1398/453/1299 1397/456/1300 1389/439/332
f 1388/438/2 1396/455/1301 1395/458/1302 1387/449/334
f 1402/460/1304 1403/463/1305 1435/462/345 1436/461/344
f 1404/464/1306 1405/467/1307 1440/466/333 1441/465/348
f 1406/468/1308 1407/471/1309 1438/470/331 1439/469/351
f 1408/472/1310 1402/475/1304 1436/474/344 1437/473/354
f 1403/463/1305 1409/477/1311 1434/476/328 1435/462/345
f 1409/477/1311 1404/464/1306 1441/465/348 1434/476/328
f 1405/467/1307 1406/468/1308 1439/469/351 1440/466/333
f 1407/471/1309 1408/472/1310 1437/473/354 1438/470/331
f 1430/478/1312 1405/467/1307 1404/464/1306 1431/479/1313
f 1427/480/1314 1406/468/1308 1405/467/1307 1430/478/1312
f 1424/481/1315 1407/471/1309 1406/468/1308 1427/480/1314
f 1421/482/1316 1408/472/1310 1407/471/1309 1424/481/1315
f 1418/483/1317 1402/475/1304 1408/472/1310 1421/482/1316
f 1415/484/1318 1403/463/1305 1402/460/1304 1418/485/1317
f 1412/486/1319 1409/477/1311 1403/463/1305 1415/484/1318
f 1431/479/1313 1404/464/1306 1409/477/1311 1412/486/1319
f 1411/487/1320 1412/486/1319 1415/484/1318 1414/488/1321
f 1413/489/1322 1410/490/1323 1411/487/1320 1414/488/1321
f 1401/452/1296 1394/457/1303 1410/490/1323 1413/489/1322
f 1414/488/1321 1415/484/1318 1418/485/1317 1417/491/1324
f 1416/492/1325 1413/489/1322 1414/488/1321 1417/491/1324
f 1400/451/1297 1401/452/1296 1413/489/1322 1416/492/1325
f 1417/493/1324 1418/483/1317 1421/482/1316 1420/494/1326
f 1419/495/1327 1416/496/1325 1417/493/1324 1420/494/1326
f 1399/454/1298 1400/459/1297 1416/496/1325 1419/495/1327
f 1420/494/1326 1421/482/1316 1424/481/1315 1423/497/1328
f 1422/498/1329 1419/495/1327 1420/494/1326 1423/497/1328
f 1398/453/1299 1399/454/1298 1419/495/1327 1422/498/1329
f 1423/497/1328 1424/481/1315 1427/480/1314 1426/499/1330
f 1425/500/1331 1422/498/1329 1423/497/1328 1426/499/1330
f 1397/456/1300 1398/453/1299 1422/498/1329 1425/500/1331
f 1426/499/1330 1427/480/1314 1430/478/1312 1429/501/1332
f 1428/502/1333 1425/500/1331 1426/499/1330 1429/501/1332
f 1396/455/1301 1397/456/1300 1425/500/1331 1428/502/1333
f 1429/501/1332 1430/478/1312 1431/479/1313 1432/503/1334
f 1433/504/1335 1428/502/1333 1429/501/1332 1432/503/1334
f 1395/458/1302 1396/455/1301 1428/502/1333 1433/504/1335
f 1432/503/1334 1431/479/1313 1412/486/1319 1411/487/1320
f 1410/490/1323 1433/504/1335 1432/503/1334 1411/487/1320
f 1394/457/1303 1395/458/1302 1433/504/1335 1410/490/1323
f 1442/505/380 1444/508/386 1445/507/386 1443/506/380
f 1444/508/386 1446/510/2 1447/509/2 1445/507/386
f 1446/510/2 1448/511/384 1449/430/384 1447/509/2
f 1448/511/384 1450/513/383 1451/512/383 1449/430/384
f 1450/513/383 1452/515/382 1453/514/382 1451/512/383
f 1452/515/382 1454/516/1 1455/436/1 1453/514/382
f 1449/430/385 1461/439/385 1460/438/385 1447/509/385
f 1456/517/381 1442/505/380 1443/506/380 1457/518/381
f 1454/519/1 1456/517/381 1457/518/381 1455/443/1
f 1455/436/385 1464/521/385 1463/520/385 1453/514/385
f 1451/512/385 1462/522/385 1461/439/385 1449/430/385
f 1457/518/385 1465/523/385 1464/447/385 1455/443/385
f 1447/509/385 1460/438/385 1459/524/385 1445/507/385
f 1453/514/385 1463/520/385 1462/522/385 1451/512/385
f 1443/506/385 1458/450/385 1465/523/385 1457/518/385
f 1445/507/385 1459/524/385 1458/450/385 1443/506/385
f 1465/523/381 1473/526/1336 1472/525/1337 1464/447/1
f 1463/520/382 1471/528/1338 1470/527/1339 1462/522/383
f 1461/439/384 1469/530/1340 1468/529/1341 1460/438/2
f 1459/524/386 1467/532/1342 1466/531/1343 1458/450/380
f 1458/450/380 1466/531/1343 1473/526/1336 1465/523/381
f 1464/521/1 1472/533/1337 1471/528/1338 1463/520/382
f 1462/522/383 1470/527/1339 1469/530/1340 1461/439/384
f 1460/438/2 1468/529/1341 1467/532/1342 1459/524/386
f 1474/534/1344 1475/537/1345 1507/536/397 1508/535/396
f 1476/538/1346 1477/541/1347 1512/540/385 1513/539/400
f 1478/542/1348 1479/545/1349 1510/544/383 1511/543/403
f 1480/546/1350 1474/549/1344 1508/548/396 1509/547/406
f 1475/537/1345 1481/551/1351 1506/550/380 1507/536/397
f 1481/551/1351 1476/538/1346 1513/539/400 1506/550/380
f 1477/541/1347 1478/542/1348 1511/543/403 1512/540/385
f 1479/545/1349 1480/546/1350 1509/547/406 1510/544/383
f 1502/552/1352 1477/541/1347 1476/538/1346 1503/553/1353
f 1499/554/1354 1478/542/1348 1477/541/1347 1502/552/1352
f 1496/555/1355 1479/545/1349 1478/542/1348 1499/554/1354
f 1493/556/1356 1480/546/1350 1479/545/1349 1496/555/1355
f 1490/557/1357 1474/549/1344 1480/546/1350 1493/556/1356
f 1487/558/1358 1475/537/1345 1474/534/1344 1490/559/1357
f 1484/560/1359 1481/551/1351 1475/537/1345 1487/558/1358
f 1503/553/1353 1476/538/1346 1481/551/1351 1484/560/1359
f 1483/561/1360 1484/560/1359 1487/558/1358 1486/562/1361
f 1485/563/1362 1482/564/1363 1483/561/1360 1486/562/1361
f 1473/526/1336 1466/531/1343 1482/564/1363 1485/563/1362
f 1486/562/1361 1487/558/1358 1490/559/1357 1489/565/1364
f 1488/566/1365 1485/563/1362 1486/562/1361 1489/565/1364
f 1472/525/1337 1473/526/1336 1485/563/1362 1488/566/1365
f 1489/567/1364 1490/557/1357 1493/556/1356 1492/568/1366
f 1491/569/1367 1488/570/1365 1489/567/1364 1492/568/1366
f 1471/528/1338 1472/533/1337 1488/570/1365 1491/569/1367
f 1492/568/1366 1493/556/1356 1496/555/1355 1495/571/1368
f 1494/572/1369 1491/569/1367 1492/568/1366 1495/571/1368
f 1470/527/1339 1471/528/1338 1491/569/1367 1494/572/1369
f 1495/571/1368 1496/555/1355 1499/554/1354 1498/573/1370
f 1497/574/1371 1494/572/1369 1495/571/1368 1498/573/1370
f 1469/530/1340 1470/527/1339 1494/572/1369 1497/574/1371
f 1498/573/1370 1499/554/1354 1502/552/1352 1501/575/1372
f 1500/576/1373 1497/574/1371 1498/573/1370 1501/575/1372
f 1468/529/1341 1469/530/1340 1497/574/1371 1500/576/1373
f 1501/575/1372 1502/552/1352 1503/553/1353 1504/577/1374
f 1505/578/1375 1500/576/1373 1501/575/1372 1504/577/1374
f 1467/532/1342 1468/529/1341 1500/576/1373 1505/578/1375
f 1504/577/1374 1503/553/1353 1484/560/1359 1483/561/1360
f 1482/564/1363 1505/578/1375 1504/577/1374 1483/561/1360
f 1466/531/1343 1467/532/1342 1505/578/1375 1482/564/1363
f 1516/579/1376 1520/582/187 1521/581/1377 1517/580/1378
f 1515/583/1379 1519/584/1380 1520/582/187 1516/579/1376
f 1514/585/80 1518/586/80 1519/584/1380 1515/583/1379
f 2252/587/437 2253/590/440 1550/589/1381 1549/588/1382
f 1575/591/1383 1580/594/226 1581/593/1384 1576/592/1385
f 1576/592/1385 1581/593/1384 1577/596/130 1572/595/130
f 1574/597/1386 1579/598/1387 1580/594/226 1575/591/1383
f 1573/599/1388 1578/600/1388 1579/598/1387 1574/597/1386
f 1582/601/1389 1583/604/1390 1590/603/1391 1589/602/1392
f 1583/604/1390 1584/606/1393 1591/605/1394 1590/603/1391
f 1584/606/1393 1585/608/1395 1592/607/1396 1591/605/1394
f 1586/609/1397 1587/612/1398 1594/611/1399 1593/610/1400
f 1587/612/1398 1588/614/1401 1595/613/1402 1594/611/1399
f 1582/601/1389 1589/602/1392 1595/613/1402 1588/614/1401
f 1589/602/1392 1590/603/1391 1597/616/1403 1596/615/187
f 1590/603/1391 1591/605/1394 1598/617/1404 1597/616/1403
f 1591/605/1394 1592/607/1396 1599/618/486 1598/617/1404
f 1593/610/1400 1594/611/1399 1601/620/1405 1600/619/487
f 1594/611/1399 1595/613/1402 1602/621/1406 1601/620/1405
f 1595/613/1402 1589/602/1392 1596/615/187 1602/621/1406
f 1596/615/187 1597/616/1403 1604/623/1407 1603/622/1380
f 1597/616/1403 1598/617/1404 1605/624/1408 1604/623/1407
f 1598/617/1404 1599/618/486 1606/625/481 1605/624/1408
f 1600/619/487 1601/620/1405 1608/627/1409 1607/626/482
f 1601/620/1405 1602/621/1406 1609/628/1410 1608/627/1409
f 1602/621/1406 1596/615/187 1603/622/1380 1609/628/1410
f 1603/622/1380 1604/623/1407 1611/630/473 1610/629/80
f 1604/623/1407 1605/624/1408 1612/631/474 1611/630/473
f 1605/624/1408 1606/625/481 1613/632/475 1612/631/474
f 1607/626/482 1608/627/1409 1615/634/477 1614/633/476
f 1608/627/1409 1609/628/1410 1616/635/478 1615/634/477
f 1609/628/1410 1603/622/1380 1610/629/80 1616/635/478
f 1617/636/130 1618/639/480 1623/638/1411 1622/637/1384
f 1618/639/480 1619/641/475 1624/640/469 1623/638/1411
f 1620/642/476 1621/645/484 1626/644/1412 1625/643/470
f 1621/645/484 1617/636/130 1622/637/1384 1626/644/1412
f 1622/637/1384 1623/638/1411 1628/647/1413 1627/646/226
f 1623/638/1411 1624/640/469 1629/648/463 1628/647/1413
f 1625/643/470 1626/644/1412 1631/650/1414 1630/649/464
f 1626/644/1412 1622/637/1384 1627/646/226 1631/650/1414
f 1627/646/226 1628/647/1413 1633/652/1415 1632/651/1387
f 1628/647/1413 1629/648/463 1634/653/1416 1633/652/1415
f 1630/649/464 1631/650/1414 1636/655/1417 1635/654/1418
f 1631/650/1414 1627/646/226 1632/651/1387 1636/655/1417
f 1632/651/1387 1633/652/1415 1583/604/1390 1582/601/1389
f 1633/652/1415 1634/653/1416 1584/606/1393 1583/604/1390
f 1635/654/1418 1636/655/1417 1588/614/1401 1587/612/1398
f 1636/655/1417 1632/651/1387 1582/601/1389 1588/614/1401
f 1637/656/1389 1638/659/1390 1645/658/1391 1644/657/1392
f 1638/659/1390 1639/661/1393 1646/660/1394 1645/658/1391
f 1639/661/1393 1640/663/1395 1647/662/1396 1646/660/1394
f 1641/664/1397 1642/667/1398 1649/666/1399 1648/665/1400
f 1642/667/1398 1643/669/1401 1650/668/1402 1649/666/1399
f 1637/656/1389 1644/657/1392 1650/668/1402 1643/669/1401
f 1644/657/1392 1645/658/1391 1652/671/1403 1651/670/187
f 1645/658/1391 1646/660/1394 1653/672/1404 1652/671/1403
f 1646/660/1394 1647/662/1396 1654/673/486 1653/672/1404
f 1648/665/1400 1649/666/1399 1656/675/1405 1655/674/487
f 1649/666/1399 1650/668/1402 1657/676/1406 1656/675/1405
f 1650/668/1402 1644/657/1392 1651/670/187 1657/676/1406
f 1651/670/187 1652/671/1403 1659/678/1407 1658/677/1380
f 1652/671/1403 1653/672/1404 1660/679/1408 1659/678/1407
f 1653/672/1404 1654/673/486 1661/680/481 1660/679/1408
f 1655/674/487 1656/675/1405 1663/682/1409 1662/681/482
f 1656/675/1405 1657/676/1406 1664/683/1410 1663/682/1409
f 1657/676/1406 1651/670/187 1658/677/1380 1664/683/1410
f 1658/677/1380 1659/678/1407 1666/685/473 1665/684/80
f 1659/678/1407 1660/679/1408 1667/686/474 1666/685/473
f 1660/679/1408 1661/680/481 1668/687/475 1667/686/474
f 1662/681/482 1663/682/1409 1670/689/477 1669/688/476
f 1663/682/1409 1664/683/1410 1671/690/478 1670/689/477
f 1664/683/1410 1658/677/1380 1665/684/80 1671/690/478
f 1672/691/130 1673/694/480 1678/693/1411 1677/692/1384
f 1673/694/480 1674/696/475 1679/695/469 1678/693/1411
f 1675/697/476 1676/700/484 1681/699/1412 1680/698/470
f 1676/700/484 1672/691/130 1677/692/1384 1681/699/1412
f 1677/692/1384 1678/693/1411 1683/702/1413 1682/701/226
f 1678/693/1411 1679/695/469 1684/703/463 1683/702/1413
f 1680/698/470 1681/699/1412 1686/705/1414 1685/704/464
f 1681/699/1412 1677/692/1384 1682/701/226 1686/705/1414
f 1682/701/226 1683/702/1413 1688/707/1415 1687/706/1387
f 1683/702/1413 1684/703/463 1689/708/1416 1688/707/1415
f 1685/704/464 1686/705/1414 1691/710/1417 1690/709/1418
f 1686/705/1414 1682/701/226 1687/706/1387 1691/710/1417
f 1687/706/1387 1688/707/1415 1638/659/1390 1637/656/1389
f 1688/707/1415 1689/708/1416 1639/661/1393 1638/659/1390
f 1690/709/1418 1691/710/1417 1643/669/1401 1642/667/1398
f 1691/710/1417 1687/706/1387 1637/656/1389 1643/669/1401
f 1692/1593/1389 1693/1594/1390 1700/1595/1391 1699/1596/1392
f 1693/1594/1390 1694/1597/1393 1701/1598/1394 1700/1595/1391
f 1694/1597/1393 1695/1599/1395 1702/1600/1396 1701/1598/1394
f 1696/1601/1397 1697/1602/1398 1704/1603/1399 1703/1604/1400
f 1697/1602/1398 1698/1605/1401 1705/1606/1402 1704/1603/1399
f 1692/1593/1389 1699/1596/1392 1705/1606/1402 1698/1605/1401
f 1699/1596/1392 1700/1595/1391 1707/1607/1403 1706/1608/187
f 1700/1595/1391 1701/1598/1394 1708/1609/1404 1707/1607/1403
f 1701/1598/1394 1702/1600/1396 1709/1610/486 1708/1609/1404
f 1703/1604/1400 1704/1603/1399 1711/1611/1405 1710/1612/487
f 1704/1603/1399 1705/1606/1402 1712/1613/1406 1711/1611/1405
f 1705/1606/1402 1699/1596/1392 1706/1608/187 1712/1613/1406
f 1706/1608/187 1707/1607/1403 1714/1614/1407 1713/1615/1380
f 1707/1607/1403 1708/1609/1404 1715/1616/1408 1714/1614/1407
f 1708/1609/1404 1709/1610/486 1716/1617/481 1715/1616/1408
f 1710/1612/487 1711/1611/1405 1718/1618/1409 1717/1619/482
f 1711/1611/1405 1712/1613/1406 1719/1620/1410 1718/1618/1409
f 1712/1613/1406 1706/1608/187 1713/1615/1380 1719/1620/1410
f 1713/1615/1380 1714/1614/1407 1721/1621/473 1720/1622/80
f 1714/1614/1407 1715/1616/1408 1722/1623/474 1721/1621/473
f 1715/1616/1408 1716/1617/481 1723/1624/475 1722/1623/474
f 1717/1619/482 1718/1618/1409 1725/1625/477 1724/1626/476
f 1718/1618/1409 1719/1620/1410 1726/1627/478 1725/1625/477
f 1719/1620/1410 1713/1615/1380 1720/1622/80 1726/1627/478
f 1727/1628/130 1728/1629/480 1733/1630/1411 1732/1631/1384
f 1728/1629/480 1729/1632/475 1734/1633/469 1733/1630/1411
f 1730/1634/476 1731/1635/484 1736/1636/1412 1735/1637/470
f 1731/1635/484 1727/1628/130 1732/1631/1384 1736/1636/1412
f 1732/1631/1384 1733/1630/1411 1738/1638/1413 1737/1639/226
f 1733/1630/1411 1734/1633/469 1739/1640/463 1738/1638/1413
f 1735/1637/470 1736/1636/1412 1741/1641/1414 1740/1642/464
f 1736/1636/1412 1732/1631/1384 1737/1639/226 1741/1641/1414
f 1737/1639/226 1738/1638/1413 1743/1643/1415 1742/1644/1387
f 1738/1638/1413 1739/1640/463 1744/1645/1416 1743/1643/1415
f 1740/1642/464 1741/1641/1414 1746/1646/1417 1745/1647/1418
f 1741/1641/1414 1737/1639/226 1742/1644/1387 1746/1646/1417
f 1742/1644/1387 1743/1643/1415 1693/1594/1390 1692/1593/1389
f 1743/1643/1415 1744/1645/1416 1694/1597/1393 1693/1594/1390
f 1745/1647/1418 1746/1646/1417 1698/1605/1401 1697/1602/1398
f 1746/1646/1417 1742/1644/1387 1692/1593/1389 1698/1605/1401
f 1830/766/1419 1806/769/1420 1795/768/1421 1827/767/1422
f 1806/769/1420 1807/771/1423 1797/770/1424 1795/768/1421
f 1807/771/1423 1819/773/1425 1817/772/1426 1797/770/1424
f 1826/774/1427 1794/777/1428 1800/776/1429 1829/775/1430
f 1794/777/1428 1796/779/1431 1801/778/1432 1800/776/1429
f 1796/779/1431 1798/781/508 1802/780/507 1801/778/1432
f 2428/782/1433 2429/783/1434 1807/771/1423 1806/769/1420
f 1797/770/1424 1809/785/1435 1808/784/1436 1795/768/1421
f 1812/786/513 1816/789/513 1815/788/1437 1811/787/1438
f 1815/788/1439 1821/793/1440 1820/792/1441 1814/791/1441
f 1816/789/520 1822/794/520 1821/793/1440 1815/788/1439
f 1822/794/521 1825/796/521 1824/795/1442 1821/793/1443
f 1821/793/1443 1824/795/1442 1823/797/1444 1820/792/1444
f 1795/768/1421 1808/784/1436 1831/798/1445 1827/767/1422
f 1840/799/1446 2197/802/1447 2196/801/1448 1841/800/1449
f 1864/803/1450 1862/806/1450 1860/805/1451 1863/804/1452
f 1872/807/2 1873/810/2 1884/809/2 1883/808/2
f 1796/779/1431 1793/811/3 1798/781/508
f 1826/774/1427 1793/811/3 1794/777/1428
f 1794/777/1428 1793/811/3 1796/779/1431
f 1931/812/2 1922/815/2 1921/814/2 1932/813/2
f 1930/816/2 1923/817/2 1922/815/2 1931/812/2
f 1928/818/2 1926/821/2 1925/820/2 1929/819/2
f 2072/822/265 2073/825/533 1955/824/533 1954/823/265
f 2073/825/533 2068/827/3 1956/826/3 1955/824/533
f 2035/828/1453 2177/831/1453 2011/830/1454 1981/829/1455
f 1979/832/1456 2178/833/1456 2177/831/1453 2035/828/1453
f 1991/834/1457 2010/836/1458 2011/830/1459 1990/835/1460
f 1992/837/1461 2012/838/1462 2010/836/1458 1991/834/1457
f 1993/839/1463 2013/840/1463 2012/838/1462 1992/837/1461
f 1994/841/1464 2014/842/1464 2013/840/1463 1993/839/1463
f 1995/843/1465 2015/844/1465 2014/842/1464 1994/841/1464
f 1996/845/1466 2016/846/1466 2015/844/1465 1995/843/1465
f 1997/847/1467 2017/848/1468 2016/846/1466 1996/845/1466
f 1986/849/1469 2018/850/1470 2017/848/1468 1997/847/1467
f 2002/851/1471 2019/854/1472 2020/853/1473 2004/852/1474
f 2004/852/1474 2020/853/1473 2021/856/1475 2005/855/1475
f 2005/855/1475 2021/856/1475 2022/858/1476 2006/857/1476
f 2006/857/1476 2022/858/1476 2023/860/1477 2007/859/1478
f 2007/859/1478 2023/860/1477 2024/862/1479 2008/861/1479
f 2008/861/1479 2024/862/1479 2025/864/1480 2009/863/1481
f 2034/865/1482 1989/866/1482 2178/833/1456 1979/832/1456
f 2166/867/563 2175/870/566 2161/869/1483 2152/868/1484
f 2123/871/1485 2122/874/1486 2154/873/1487 2126/872/1488
f 2133/875/1489 2141/878/1490 2134/877/1491 2135/876/1492
f 2143/879/1493 2133/875/1489 2135/876/1492 2152/868/1494
f 1978/880/1495 1988/881/1495 1989/866/1482 2034/865/1482
f 2106/882/1496 2146/885/1497 2144/884/1498 2101/883/1499
f 2009/863/1500 2039/887/1501 2040/886/1502 2008/861/1503
f 2033/888/1504 2179/889/1504 1988/881/1495 1978/880/1495
f 2032/890/1505 1987/891/1505 2179/889/1504 2033/888/1504
f 2125/892/1506 2134/877/1507 2141/878/1508 2121/893/1509
f 1977/894/1510 2043/895/1511 1987/891/1505 2032/890/1505
f 2158/896/1512 2115/899/1513 2113/898/1514 2102/897/1515
f 1985/900/1516 2018/850/1517 2043/895/1511 1977/894/1510
f 2135/876/1492 2134/877/1491 2174/902/601 2173/901/600
f 2151/903/1518 2115/899/1519 2137/905/604 2117/904/603
f 2153/906/1520 2151/903/1518 2117/904/603 2116/907/607
f 2146/885/1497 2158/896/1512 2102/897/1515 2144/884/1521
f 2167/908/609 2163/911/612 2105/910/1522 2155/909/1523
f 2107/912/1524 2148/915/1525 2155/914/1523 2099/913/1526
f 2057/916/1527 2191/919/1527 2190/918/1527 2056/917/1527
f 2178/833/1528 2181/921/1529 2182/920/1530 2177/831/1531
f 2114/922/1532 2113/898/1533 2115/899/1519 2151/903/1518
f 2056/917/1534 2190/918/1534 2189/924/1534 2044/923/1534
f 2121/893/1535 2123/871/1485 2126/872/1488 2125/892/1536
f 2070/925/279 2082/928/279 2080/927/279 2084/926/279
f 2092/929/1537 2021/856/1538 2020/853/1539 1952/930/1540
f 1946/931/1541 2090/934/1542 2093/933/1543 2091/932/1544
f 2083/935/1545 2085/938/1546 2088/937/1547 1957/936/1547
f 2059/939/1548 2193/942/1548 2192/941/1548 2058/940/1548
f 2044/923/1549 2189/924/1549 2188/944/1549 2045/943/1549
f 2100/945/1550 2101/883/1499 2110/947/1551 2109/946/1552
f 2099/948/1526 2100/945/1550 2109/946/1552 2107/949/1524
f 2119/950/1553 2120/952/1554 2114/922/1532 2112/951/1555
f 2120/952/1554 2118/953/1556 2113/898/1533 2114/922/1532
f 2128/954/1557 2127/955/1558 2122/874/1486 2123/871/1485
f 2152/868/1494 2135/876/1492 2173/901/600 2166/867/648
f 2059/939/1559 2181/921/1529 2178/833/1528 2047/956/1559
f 2048/957/1560 2177/831/1531 2182/920/1530 2060/958/1560
f 2060/958/1560 2182/920/1530 2183/960/1561 2061/959/1560
f 2185/961/1560 2194/964/1560 2195/963/1560 2184/962/1560
f 2187/965/1559 2192/941/1559 2193/942/1559 2186/966/1559
f 2189/924/1562 2190/918/1562 2191/919/1562 2188/944/1562
f 2045/943/1563 2188/944/1563 2191/919/1563 2057/916/1563
f 2058/940/1564 2192/941/1564 2187/965/1564 2046/967/1564
f 2047/956/1565 2186/966/1565 2193/942/1565 2059/939/1565
f 2060/958/1566 2194/964/1566 2185/961/1566 2048/957/1566
f 2048/957/1567 2185/961/1567 2184/962/1567 2049/968/1567
f 2049/968/1568 2184/962/1568 2195/963/1568 2061/959/1568
f 2046/967/1569 2187/965/1569 2186/966/1569 2047/956/1569
f 2061/959/1570 2195/963/1570 2194/964/1570 2060/958/1570
f 2269/969/661 2270/972/664 1546/971/1571 1545/970/1572
f 2251/973/665 2268/976/668 1544/975/1573 1543/974/1574
f 2255/977/669 1556/980/669 1542/979/1575 2267/978/670
f 2266/981/672 2267/978/670 1542/979/1575 1530/982/1576
f 2260/977/674 1525/980/674 1553/984/1577 2275/983/675
f 2259/985/677 1524/988/677 1554/987/1578 2276/986/678
f 1522/989/1579 1537/992/1579 1558/991/1580 1557/990/1581
f 2258/977/683 1537/980/683 1559/993/1582 2278/978/684
f 1537/994/1583 1536/997/1583 1560/996/1584 1559/995/1582
f 2257/998/688 1536/1001/688 1561/1000/1585 2256/999/689
f 1529/1002/1586 1541/1005/1586 1563/1004/1587 1562/1003/1588
f 1540/1006/1589 1539/1009/1589 1565/1008/1590 1566/1007/1591
f 2249/1010/697 1539/1012/697 1567/1011/1592 2280/590/698
f 1539/1013/1593 1528/1016/1593 1568/1015/1594 1567/1014/1592
f 1578/600/80 1573/599/80 1570/1018/80 1571/1017/80
f 1881/1019/1595 1893/1022/1596 1773/1021/1597 1751/1020/1598
f 1766/1023/1599 1769/1026/1600 2297/1025/1601 1870/1024/1602
f 1781/1027/1603 1867/1030/1603 1865/1029/1603 1879/1028/1603
f 1881/1019/1604 1784/1032/1604 1866/1031/1604 1893/1022/1604
f 1893/1022/1605 1866/1031/1605 1867/1030/1605 1781/1027/1605
f 1879/1028/1606 1865/1029/1606 1784/1032/1606 1881/1019/1606
f 1779/1033/2 1907/1036/2 1780/1035/2 1871/1034/2
f 1878/1037/2 1913/1040/2 1792/1039/2 1791/1038/2
f 1912/1041/2 1911/1044/2 1790/1043/2 1789/1042/2
f 1788/1045/2 1877/1048/2 1914/1047/2 1888/1046/2
f 1876/1049/2 1787/1052/2 1887/1051/2 1900/1050/2
f 1778/1053/1607 1879/1028/1608 1881/1019/1595 1880/1054/1609
f 1901/1055/2 1875/1058/2 1786/1057/2 1785/1056/2
f 1903/1059/2 1904/1062/2 1886/1061/2 1905/1060/2
f 1865/1029/2 1867/1030/2 1866/1031/2 1784/1032/2
f 1889/1063/2 1892/1066/2 1891/1065/2 1890/1064/2
f 1874/1067/2 1895/1070/2 1896/1069/2 1885/1068/2
f 1781/1027/1610 1889/1063/1610 1890/1064/1610 1893/1022/1610
f 1894/1071/1611 1891/1065/1611 1892/1066/1611 1782/1072/1611
f 1782/1072/1612 1892/1066/1612 1889/1063/1612 1781/1027/1612
f 1893/1022/1613 1890/1064/1613 1891/1065/1613 1894/1071/1613
f 1782/1072/1614 1874/1067/1614 1885/1068/1614 1894/1071/1614
f 1783/1073/1615 1896/1069/1615 1895/1070/1615 1897/1074/1615
f 1897/1074/1616 1895/1070/1616 1874/1067/1616 1782/1072/1616
f 1894/1071/1617 1885/1068/1617 1896/1069/1617 1783/1073/1617
f 1897/1074/1618 1872/807/1618 1883/808/1618 1783/1073/1618
f 1898/1075/1619 1884/809/1619 1873/810/1619 1899/1076/1619
f 1899/1076/1620 1873/810/1620 1872/807/1620 1897/1074/1620
f 1783/1073/1621 1883/808/1621 1884/809/1621 1898/1075/1621
f 1899/1076/1622 1876/1049/1622 1900/1050/1622 1898/1075/1622
f 1882/1077/1623 1887/1051/1623 1787/1052/1623 1902/1078/1623
f 1902/1078/1624 1787/1052/1624 1876/1049/1624 1899/1076/1624
f 1898/1075/1625 1900/1050/1625 1887/1051/1625 1882/1077/1625
f 1902/1078/1626 1901/1055/1626 1785/1056/1626 1882/1077/1626
f 1906/1079/1627 1786/1057/1627 1875/1058/1627 1870/1024/1627
f 1870/1024/1628 1875/1058/1628 1901/1055/1628 1902/1078/1628
f 1882/1077/1629 1785/1056/1629 1786/1057/1629 1906/1079/1629
f 1870/1024/1630 1903/1059/1630 1905/1060/1630 1906/1079/1630
f 2299/1080/1631 1886/1061/1631 1904/1062/1631 2297/1025/1631
f 2297/1025/1632 1904/1062/1632 1903/1059/1632 1870/1024/1632
f 1906/1079/1633 1905/1060/1633 1886/1061/1633 2299/1080/1633
f 1868/1081/1634 1912/1041/1634 1789/1042/1634 1908/1082/1634
f 1910/1083/1635 1790/1043/1635 1911/1044/1635 1869/1084/1635
f 1869/1084/1636 1911/1044/1636 1912/1041/1636 1868/1081/1636
f 1908/1082/1637 1789/1042/1637 1790/1043/1637 1910/1083/1637
f 2298/1085/1638 1878/1037/1638 1791/1038/1638 2300/1086/1638
f 1908/1082/1639 1792/1039/1639 1913/1040/1639 1868/1081/1639
f 1868/1081/1640 1913/1040/1640 1878/1037/1640 2298/1085/1640
f 2300/1086/1641 1791/1038/1641 1792/1039/1641 1908/1082/1641
f 1869/1084/1642 1788/1045/1642 1888/1046/1642 1910/1083/1642
f 1910/1083/1643 1888/1046/1643 1914/1047/1643 1909/1087/1643
f 2144/884/1521 2102/897/1515 2111/1089/1644 2147/1088/1645
f 2140/1090/1646 2128/954/1557 2123/871/1485 2121/893/1535
f 2132/1091/1647 2131/1092/1648 2141/878/1490 2133/875/1489
f 2142/1093/1649 2132/1091/1647 2133/875/1489 2143/879/1493
f 2129/1094/1650 2130/1095/1651 2132/1091/1647 2142/1093/1649
f 2102/897/1515 2113/898/1514 2118/953/1652 2111/1089/1644
f 2112/951/1653 2122/874/1654 2127/955/1655 2119/950/1656
f 2153/906/1657 2154/873/1658 2122/874/1654 2112/951/1653
f 2121/893/1509 2141/878/1508 2131/1092/1659 2140/1090/1660
f 2101/883/1499 2144/884/1498 2147/1088/1661 2110/947/1551
f 2112/951/1555 2114/922/1532 2151/903/1518 2153/906/1520
f 2081/1096/1662 1967/1099/1663 1968/1098/1664 1945/1097/1665
f 2000/1100/1666 1999/1103/1667 1998/1102/1668 1949/1101/1669
f 1954/1104/1670 2024/862/1671 2023/860/1672 1953/1105/1673
f 1955/1106/1674 2025/864/1675 2024/862/1671 1954/1104/1670
f 1956/1107/1676 2026/1108/1677 2025/864/1675 1955/1106/1674
f 1959/1109/1678 1975/1110/1678 2090/934/1542 1946/931/1541
f 1957/936/1679 2088/937/1679 1972/1112/1679 2087/1111/1679
f 2281/587/787 2280/590/698 1567/1011/1592 1568/1113/1594
f 2254/981/788 2282/978/791 1569/1115/1680 1551/1114/1681
f 2284/1116/792 2272/1119/795 1533/1118/1682 1548/1117/1683
f 2271/981/796 2275/983/675 1553/984/1577 1547/982/1684
f 2283/1120/798 2276/986/678 1554/987/1578 1531/1114/1685
f 2262/1121/800 1538/1122/800 1533/1118/1682 2272/1119/795
f 1538/1123/1686 1526/1126/1686 1548/1125/1683 1533/1124/1682
f 1525/1127/1687 1524/1130/1687 1547/1129/1684 1553/1128/1577
f 2263/1131/803 1528/1132/803 1569/1115/1680 2282/978/791
f 1528/1133/1688 1527/1136/1688 1551/1135/1681 1569/1134/1680
f 1556/1137/1689 1522/1140/1689 1530/1139/1576 1542/1138/1575
f 1523/1013/1690 1556/1016/1690 1543/1015/1574 1544/1014/1573
f 1555/1013/1691 1523/1016/1691 1545/1015/1572 1546/1014/1571
f 2296/1141/808 2286/1143/809 1562/987/1588 1563/1142/1587
f 2274/1141/810 2256/999/689 1561/1000/1585 1535/1144/1692
f 2288/1145/812 2273/1148/815 1534/1147/1693 1564/1146/1694
f 2279/1149/816 2295/1151/817 1566/1150/1591 1565/970/1590
f 2293/1152/818 2294/1155/821 1552/1154/1695 1532/1153/1696
f 2291/1156/822 1555/1157/822 1546/971/1571 2270/972/664
f 2287/1158/823 1523/1159/823 1544/975/1573 2268/976/668
f 2292/1120/824 2285/1119/825 1557/987/1581 1558/1114/1580
f 2277/1160/826 2278/978/684 1559/993/1582 1560/1161/1584
f 2261/1162/827 1526/1163/827 1552/1154/1695 2294/1155/821
f 1526/1164/1697 1525/1167/1697 1532/1166/1696 1552/1165/1695
f 2290/985/829 1522/988/829 1557/987/1581 2285/1119/825
f 1536/1168/1698 1529/1171/1698 1535/1170/1692 1561/1169/1585
f 2265/1172/831 1529/988/831 1562/987/1588 2286/1143/809
f 2264/1173/832 1541/1174/832 1534/1147/1693 2273/1148/815
f 1541/1175/1699 1540/1140/1699 1564/1177/1694 1534/1176/1693
f 2250/1178/834 1540/1179/834 1566/1150/1591 2295/1151/817
f 1527/1180/1700 1538/1183/1700 1549/1182/1382 1550/1181/1381
f 2289/1010/836 1527/1184/836 1550/589/1381 2253/590/440
f 1524/1185/1701 1555/1188/1701 1531/1187/1685 1554/1186/1578
f 2148/915/1525 2169/1190/80 2167/1189/80 2155/914/1523
f 2105/910/1522 2106/882/1496 2101/883/1499 2100/945/1550
f 2155/909/1523 2105/910/1522 2100/945/1550 2099/948/1526
f 1981/829/1455 2011/830/1454 2010/836/1702 1980/1191/1703
f 1980/1191/1703 2010/836/1702 2012/838/1704 2036/1192/1704
f 2036/1192/1704 2012/838/1704 2013/840/1705 1982/1193/1705
f 1982/1193/1705 2013/840/1705 2014/842/1706 2037/1194/1706
f 2037/1194/1706 2014/842/1706 2015/844/1707 1983/1195/1707
f 1983/1195/1707 2015/844/1707 2016/846/1708 2038/1196/1708
f 2038/1196/1708 2016/846/1708 2017/848/1709 1984/1197/1709
f 1984/1197/1709 2017/848/1709 2018/850/1517 1985/900/1516
f 1979/832/2 2035/828/2 2036/1192/2 1982/1193/2
f 2034/865/2 1979/832/2 1982/1193/2 2037/1194/2
f 1978/880/2 2034/865/2 2037/1194/2 1983/1195/2
f 2033/888/2 1978/880/2 1983/1195/2 2038/1196/2
f 2032/890/2 2033/888/2 2038/1196/2 1984/1197/2
f 1977/894/2 2032/890/2 1984/1197/2 1985/900/2
f 2035/828/2 1981/829/2 1980/1191/2 2036/1192/2
f 1995/843/1710 2051/1199/1711 2031/1198/1712 1996/845/1713
f 2007/859/1714 2063/1201/1715 2030/1200/1716 2006/857/1717
f 1994/841/1718 2042/1202/1719 2051/1199/1711 1995/843/1710
f 2006/857/1717 2030/1200/1716 2029/1203/1720 2005/855/1721
f 1993/839/1722 2028/1204/1723 2042/1202/1719 1994/841/1718
f 2005/855/1721 2029/1203/1720 2041/1205/1724 2004/852/1725
f 1992/837/1726 2027/1206/1727 2028/1204/1723 1993/839/1722
f 2004/852/1725 2041/1205/1724 2062/1207/1728 2002/851/1729
f 2008/861/1503 2040/886/1502 2063/1201/1715 2007/859/1714
f 1996/845/1713 2031/1198/1712 2052/1208/1730 1997/847/1731
f 1991/834/1732 2050/1209/1733 2027/1206/1727 1992/837/1726
f 1986/849/1734 2054/1212/1735 2066/1211/1736 2065/1210/1737
f 2049/968/1560 2011/830/1459 2177/831/1531 2048/957/1560
f 2047/956/1559 2178/833/1528 1989/866/1738 2046/967/1559
f 2045/943/1562 1988/881/1739 2179/889/1740 2044/923/1562
f 2057/916/1562 2180/1213/1741 1988/881/1739 2045/943/1562
f 2061/959/1560 2183/960/1561 2011/830/1459 2049/968/1560
f 1997/847/1731 2052/1208/1730 2054/1212/1735 1986/849/1734
f 1990/835/1742 2053/1214/1743 2050/1209/1733 1991/834/1732
f 2152/868/1484 2161/869/1483 2098/1215/1744 2143/879/1745
f 2168/1216/882 2149/1219/1746 2161/1218/1483 2175/1217/566
f 2149/1219/1746 2108/1221/1747 2098/1220/1744 2161/1218/1483
f 2143/879/1745 2098/1215/1744 2108/1222/1748 2142/1093/1749
f 2108/1222/1748 2096/1223/1750 2129/1094/1750 2142/1093/1749
f 2003/1224/1751 2183/960/1561 2019/854/1472 2002/851/1471
f 2009/863/1481 2025/864/1480 2026/1108/1752 2065/1210/1753
f 2080/1225/1754 2182/920/1755 2181/921/1756 2084/1226/1757
f 2044/923/1562 2179/889/1740 1999/1103/1758 2056/917/1562
f 2058/940/1559 2001/1227/1759 2181/921/1529 2059/939/1559
f 2056/917/1562 1999/1103/1758 2180/1213/1741 2057/916/1562
f 1948/1228/1760 2055/1229/1761 2026/1108/1677 1956/1107/1676
f 1949/1101/1669 1998/1102/1668 2055/1229/1761 1948/1228/1760
f 1950/1230/1762 2180/1213/1763 1999/1103/1667 2000/1100/1666
f 1951/1231/1764 2183/960/1765 2182/920/1755 2080/1225/1754
f 2065/1210/1737 2066/1211/1736 2039/887/1501 2009/863/1500
f 2002/851/1729 2062/1207/1728 2064/1232/1766 2003/1224/1767
f 2003/1224/1767 2064/1232/1766 2053/1214/1743 1990/835/1742
f 2065/1210/1753 2026/1108/1752 2018/850/1470 1986/849/1469
f 1990/835/1460 2011/830/1459 2183/960/1561 2003/1224/1751
f 2018/850/1470 2026/1108/1752 2055/1229/1768 2043/895/1769
f 1988/881/1739 2180/1213/1741 2001/1227/1759 1989/866/1738
f 1987/891/1770 1998/1102/1771 1999/1103/1758 2179/889/1740
f 2043/895/1769 2055/1229/1768 1998/1102/1771 1987/891/1770
f 2046/967/1559 1989/866/1738 2001/1227/1759 2058/940/1559
f 2066/1233/1772 2054/1236/1772 2052/1235/1773 2039/1234/1774
f 2040/1237/1775 2039/1234/1774 2052/1235/1773 2031/1238/1776
f 2031/1238/1776 2051/1240/1777 2063/1239/1778 2040/1237/1775
f 2051/1240/1777 2042/1242/1779 2030/1241/1780 2063/1239/1778
f 2029/1243/1781 2030/1241/1780 2042/1242/1779 2028/1244/1782
f 2028/1244/1782 2027/1246/1783 2041/1245/1784 2029/1243/1781
f 2027/1246/1783 2050/1248/1785 2062/1247/1786 2041/1245/1784
f 2064/1249/1787 2062/1247/1786 2050/1248/1785 2053/1250/1787
f 2068/827/3 1943/1252/925 1948/1251/925 1956/826/3
f 1943/1252/925 2067/1254/256 1949/1253/256 1948/1251/925
f 1947/1255/926 2072/822/265 1954/823/265 1953/1256/926
f 1944/1257/1788 1964/1260/1789 1965/1259/1790 2069/1258/1791
f 2067/1261/1792 1963/1264/1793 1964/1263/1789 1944/1262/1788
f 1943/1265/1794 1962/1266/1795 1963/1264/1793 2067/1261/1792
f 2072/1267/1796 1970/1270/1797 1971/1269/1798 2073/1268/1799
f 2068/1271/1800 1961/1272/1801 1962/1266/1795 1943/1265/1794
f 2073/1268/1799 1971/1269/1798 1961/1272/1801 2068/1271/1800
f 1947/1273/1802 1969/1274/1803 1970/1270/1797 2072/1267/1796
f 2070/1275/1804 1966/1278/1805 2079/1277/1806 2082/1276/1807
f 1946/1279/281 2091/1282/281 2092/1281/281 1952/1280/281
f 2091/932/1544 2093/933/1543 1976/1284/1808 2077/1283/1808
f 2078/1285/1809 2095/1288/1809 2094/1287/1810 2071/1286/1811
f 2071/1289/1811 2094/1290/1810 1969/1274/1803 1947/1273/1802
f 2077/1283/1812 1976/1284/1812 2095/1288/1812 2078/1285/1812
f 2067/1291/256 1944/1294/952 2000/1293/952 1949/1292/256
f 1944/1294/952 2069/1296/130 1950/1295/130 2000/1293/952
f 2074/1297/1813 2075/1299/1813 1951/1298/1813 2080/927/1813
f 2087/1111/1814 1972/1112/1814 1966/1278/1805 2070/1275/1804
f 2076/1300/1815 2089/1301/1815 1975/1110/1815 1959/1109/1815
f 2074/1302/1816 1973/1305/1816 1974/1304/1816 2075/1303/1816
f 2069/1258/1791 1965/1259/1790 2085/938/1546 2083/935/1545
f 1951/1298/957 2075/1299/957 2081/1306/957
f 2082/1276/1807 2079/1277/1806 1973/1305/1817 2074/1302/1817
f 2082/928/959 2074/1297/959 2080/927/959
f 2075/1303/1818 1974/1304/1818 1967/1099/1663 2081/1096/1662
f 1945/1097/1665 1968/1098/1664 2089/1301/1819 2076/1300/1819
f 1940/1648/1820 1915/1649/1820 1916/1650/1821 1939/1651/1821
f 1936/1307/2 1934/1310/2 1935/1309/2 1933/1308/2
f 1933/1308/2 1940/1312/2 1939/1311/2 1936/1307/2
f 1931/1652/1822 1917/1653/1822 1918/1654/1823 1930/1655/1823
f 1930/1655/1823 1918/1654/1823 1919/1656/1824 1937/1657/1824
f 1932/813/2 1921/814/2 1934/1310/2 1936/1307/2
f 1937/1321/2 1924/1322/2 1923/817/2 1930/816/2
f 1929/819/2 1925/820/2 1924/1322/2 1937/1321/2
f 1942/1323/2 1941/1324/2 1926/821/2 1928/818/2
f 1933/1308/2 1935/1309/2 1938/1325/2 1940/1312/2
f 2097/1332/1825 2148/915/1525 2107/912/1524
f 2107/949/1524 2109/946/1552 2103/1334/1826 2097/1333/1825
f 2109/946/1552 2110/947/1551 2104/1335/1827 2103/1334/1826
f 2150/1336/1828 2136/1337/1829 2118/953/1556 2120/952/1554
f 2124/1338/1830 2160/1339/1831 2127/955/1558 2128/954/1557
f 2130/1095/1651 2159/1340/1832 2131/1092/1648 2132/1091/1647
f 2110/947/1551 2147/1088/1661 2157/1341/1833 2104/1335/1827
f 2147/1088/1645 2111/1089/1644 2156/1342/1834 2157/1341/1835
f 2138/1343/1836 2150/1336/1828 2120/952/1554 2119/950/1553
f 2139/1344/1837 2124/1338/1830 2128/954/1557 2140/1090/1646
f 2111/1089/1644 2118/953/1652 2136/1337/1838 2156/1342/1834
f 2119/950/1656 2127/955/1655 2160/1339/1839 2138/1343/1839
f 2140/1090/1660 2131/1092/1659 2159/1340/1840 2139/1344/1840
f 2096/1345/1841 2108/1221/1747 2149/1219/1746
f 2097/1332/1825 2162/1346/80 2169/1190/80 2148/915/1525
f 2176/1347/130 2096/1345/1841 2149/1219/1746 2168/1216/882
f 2229/1348/986 2231/1351/989 1759/1350/1842 1754/1349/1843
f 2244/1352/990 2230/1355/993 1756/1354/1844 1772/1353/1845
f 2224/1356/994 2229/1348/997 1754/1349/1846 1768/1357/1847
f 2226/1358/998 2227/1361/1001 1752/1360/1848 1753/1359/1849
f 2230/1355/993 2235/1363/1003 1767/1362/1850 1756/1354/1844
f 2235/1363/1003 2224/1356/994 1768/1357/1847 1767/1362/1850
f 2227/1361/1001 2242/1365/1005 1770/1364/1851 1752/1360/1848
f 2242/1365/1005 2225/1367/1007 1771/1366/1852 1770/1364/1851
f 2225/1367/1007 2243/1369/1007 1777/1368/1852 1771/1366/1852
f 2243/1369/1007 2244/1352/990 1772/1353/1845 1777/1368/1852
f 1844/1370/1853 1845/1371/1854 1782/1072/1855 1781/1027/1856
f 2197/802/1447 1840/799/1446 1758/1372/1857 1759/1350/1858
f 1856/1373/1859 1838/1376/1860 1839/1375/1861 1760/1374/1862
f 1759/1350/1858 1758/1372/1857 1837/1377/1863 1754/1349/1864
f 1748/1378/1865 1755/1379/1866 1838/1376/1860 1856/1373/1859
f 1747/1380/1867 1835/1382/1868 1751/1020/1598 1855/1381/1869
f 1849/1383/1870 1853/1385/1871 1854/1384/1872 1773/1021/1597
f 1848/1386/1873 1774/1387/1874 1853/1385/1871 1849/1383/1870
f 1847/1388/1875 1775/1389/1876 1774/1387/1874 1848/1386/1873
f 1757/1390/1877 1749/1391/1878 1775/1389/1876 1847/1388/1875
f 1846/1392/1879 1777/1368/1880 1772/1353/1881 1776/1393/1882
f 1845/1371/1854 1771/1366/1883 1777/1368/1880 1846/1392/1879
f 1844/1370/1853 1770/1364/1884 1771/1366/1883 1845/1371/1854
f 1834/1394/1885 1752/1360/1886 1770/1364/1884 1844/1370/1853
f 1766/1023/1599 1767/1362/1887 1768/1357/1888 1769/1026/1600
f 1755/1379/1866 1748/1378/1865 1852/1396/1889 1843/1395/1890
f 1836/1397/1891 1756/1354/1892 1767/1362/1887 1766/1023/1599
f 1843/1395/1890 1852/1396/1889 1765/1399/1893 1842/1398/1894
f 1841/800/1449 2196/801/1448 1750/1401/1895 1762/1400/1896
f 1842/1398/1894 1765/1399/1893 1749/1391/1878 1757/1390/1877
f 1776/1393/1882 1772/1353/1881 1756/1354/1892 1836/1397/1891
f 1773/1021/1597 1854/1384/1872 1855/1381/1869 1751/1020/1598
f 1769/1026/1600 1768/1357/1888 1754/1349/1864 1837/1377/1863
f 1833/1402/1897 1753/1359/1898 1752/1360/1886 1834/1394/1885
f 2299/1080/1899 2300/1086/1900 1755/1379/1866 1843/1395/1890
f 2300/1086/1900 1908/1082/1901 1838/1376/1860 1755/1379/1866
f 1908/1082/1901 1910/1083/1902 1839/1375/1861 1838/1376/1860
f 1898/1075/1903 1882/1077/1904 1757/1390/1877 1847/1388/1875
f 1880/1054/1609 1881/1019/1595 1751/1020/1598 1835/1382/1868
f 1882/1077/1904 1906/1079/1905 1842/1398/1894 1757/1390/1877
f 1906/1079/1905 2299/1080/1899 1843/1395/1890 1842/1398/1894
f 1893/1022/1596 1894/1071/1906 1849/1383/1870 1773/1021/1597
f 1894/1071/1906 1783/1073/1907 1848/1386/1873 1849/1383/1870
f 1783/1073/1907 1898/1075/1903 1847/1388/1875 1848/1386/1873
f 1846/1392/1879 1776/1393/1882 1899/1076/1908 1897/1074/1909
f 1845/1371/1854 1846/1392/1879 1897/1074/1909 1782/1072/1855
f 1834/1394/1885 1844/1370/1853 1781/1027/1856 1879/1028/1608
f 1836/1397/1891 1766/1023/1599 1870/1024/1602 1902/1078/1910
f 1833/1402/1897 1834/1394/1885 1879/1028/1608 1778/1053/1607
f 1776/1393/1882 1836/1397/1891 1902/1078/1910 1899/1076/1908
f 1758/1372/1857 1840/799/1446 1869/1084/1911 1868/1081/1912
f 1837/1377/1863 1758/1372/1857 1868/1081/1912 2298/1085/1913
f 1769/1026/1600 1837/1377/1863 2298/1085/1913 2297/1025/1601
f 1909/1087/1914 1914/1047/1914 1877/1048/1914 1841/800/1914
f 1841/800/1915 1877/1048/1915 1788/1045/1915 1869/1084/1915
f 2231/1351/989 2248/1403/1072 2197/802/1916 1759/1350/1842
f 1763/1404/1917 1764/1406/1918 1761/1405/1919 1909/1087/1920
f 1909/1087/1920 1761/1405/1919 1760/1374/1862 1839/1375/1861
f 1910/1083/1902 1909/1087/1920 1839/1375/1861
f 1840/799/1446 1841/800/1449 1869/1084/1911
f 1764/1406/1918 1763/1404/1917 1762/1400/1896 1750/1401/1895
f 2246/1407/1077 1764/1406/1921 1750/1401/1922 2247/1408/1078
f 1841/800/1449 1762/1400/1896 1763/1404/1917 1909/1087/1920
f 1851/1409/1923 2196/801/1924 2197/802/1916 1850/1410/1925
f 2202/1411/1926 1851/1414/1927 1850/1413/1928 2207/1412/1929
f 2216/1415/1088 2214/1416/1089 1851/1414/1927 2202/1411/1926
f 2217/1417/1090 2216/1415/1088 2202/1411/1926 2201/1418/1930
f 2218/1419/1092 2217/1417/1090 2201/1418/1930 2200/1420/1931
f 2219/1421/1094 2218/1419/1092 2200/1420/1931 2199/1422/1932
f 2201/1418/1930 2202/1411/1926 2207/1412/1929 2206/1423/1933
f 2200/1420/1931 2201/1418/1930 2206/1423/1933 2205/1424/1934
f 2199/1422/1932 2200/1420/1931 2205/1424/1934 2204/1425/1935
f 2203/1426/1936 2198/1427/1937 2199/1422/1932 2204/1425/1935
f 1817/1428/1938 1819/1429/1939 2198/1427/1937 2203/1426/1936
f 2213/1430/1103 2203/1426/1936 2204/1425/1935 2212/1431/1104
f 2204/1425/1935 2205/1424/1934 2211/1432/1105 2212/1431/1104
f 2205/1424/1934 2206/1423/1933 2210/1433/1106 2211/1432/1105
f 2206/1423/1933 2207/1412/1929 2209/1434/1107 2210/1433/1106
f 2207/1412/1929 1850/1413/1928 2208/1435/1108 2209/1434/1107
f 1819/1429/1939 2215/1437/1110 2220/1436/1109 2198/1427/1937
f 2198/1427/1937 2220/1436/1109 2219/1421/1094 2199/1422/1932
f 2429/783/1434 2215/1438/1111 1819/773/1425 1807/771/1423
f 1818/1439/1112 1817/1428/1938 2203/1426/1936 2213/1430/1103
f 2196/801/1924 1851/1409/1923 2214/1441/1114 2245/1440/1113
f 1761/1405/1940 1764/1406/1921 2246/1407/1077 2234/1442/1116
f 1750/1401/1922 2196/801/1924 2245/1440/1113 2247/1408/1078
f 1774/1387/1941 1775/1389/1942 2241/1444/1119 2240/1443/1118
f 1853/1385/1941 1774/1387/1941 2240/1443/1118 2239/1445/1118
f 1854/1384/1943 1853/1385/1941 2239/1445/1118 2238/1446/1122
f 1855/1381/1944 1854/1384/1943 2238/1446/1122 2228/1447/1124
f 1765/1399/1945 1852/1396/1946 2237/1449/1127 2236/1448/1126
f 1749/1391/1947 1765/1399/1945 2236/1448/1126 2223/1450/1130
f 1747/1380/1948 1855/1381/1944 2228/1447/1124 2221/1451/1132
f 1852/1396/1946 1748/1378/1949 2222/1452/1133 2237/1449/1127
f 1775/1389/1942 1749/1391/1947 2223/1450/1130 2241/1444/1119
f 1748/1378/1949 1856/1373/1950 2232/1453/1135 2222/1452/1133
f 1856/1373/1950 1760/1374/1951 2233/1454/1137 2232/1453/1135
f 1760/1374/1951 1761/1405/1940 2234/1442/1116 2233/1454/1137
f 2197/802/1916 2248/1403/1072 2208/1455/1139 1850/1410/1925
f 1527/1456/1140 2289/1457/1140 2254/981/788 1551/1114/1681
f 1555/1458/1141 2291/1459/1141 2283/1120/798 1531/1114/1685
f 1538/1460/1142 2262/1461/1142 2252/587/437 1549/588/1382
f 1541/1462/1143 2264/1463/1143 2296/1141/808 1563/1142/1587
f 1529/1464/1144 2265/1463/1144 2274/1141/810 1535/1144/1692
f 1537/1458/1145 2258/1459/1145 2292/1120/824 1558/1114/1580
f 1525/1465/1146 2260/1466/1146 2293/1152/818 1532/1153/1696
f 1522/1467/1147 2290/1468/1147 2266/981/672 1530/982/1576
f 1523/1469/1148 2287/1470/1148 2269/969/661 1545/970/1572
f 1540/1471/1149 2250/1472/1149 2288/1145/812 1564/1146/1694
f 1556/1473/1150 2255/1474/1150 2251/973/665 1543/974/1574
f 1528/1475/1151 2263/1461/1151 2281/587/787 1568/1113/1594
f 1524/1467/1152 2259/1468/1152 2271/981/796 1547/982/1684
f 1526/1476/1153 2261/1477/1153 2284/1116/792 1548/1117/1683
f 1539/1478/1154 2249/1479/1154 2279/1149/816 1565/970/1590
f 1536/1480/1155 2257/1481/1155 2277/1160/826 1560/1161/1584
f 1517/580/1378 1521/581/1377 1571/1483/1952 1570/1482/1952
f 2165/1484/1157 2137/905/1158 2115/899/1513 2158/896/1512
f 2116/907/1158 2170/1485/1158 2154/873/1658 2153/906/1657
f 2171/1486/1159 2174/902/1159 2134/877/1507 2125/892/1506
f 2164/1487/1160 2145/1488/1161 2146/885/1497 2106/882/1496
f 2125/892/1536 2126/872/1488 2172/1489/1163 2171/1486/1162
f 2145/1488/1161 2165/1484/1157 2158/896/1512 2146/885/1497
f 2163/911/612 2164/1487/1160 2106/882/1496 2105/910/1522
f 2126/872/1488 2154/873/1487 2170/1485/1164 2172/1489/1163
f 1801/778/1432 1802/780/507 1858/1491/1166 1799/1490/1953
f 1800/776/1429 1801/778/1432 1799/1490/1953 1857/1492/1954
f 1829/775/1430 1800/776/1429 1857/1492/1954 1828/1493/1955
f 2430/1494/1956 2428/782/1433 1806/769/1420 1830/766/1419
f 1828/1493/1957 1857/1492/1958 1803/1496/1959 1859/1495/1957
f 1857/1492/1958 1799/1490/1960 1804/1497/1961 1803/1496/1959
f 1799/1490/1960 1858/1491/1175 1805/1498/1175 1804/1497/1961
f 1287/1499/1254 1289/337/1254 1295/338/1254 1297/1500/1254
f 1285/1501/1254 1287/1499/1254 1297/1500/1254 1283/1502/1254
f 1871/1034/1962 2297/1025/1962 2298/1085/1962 1779/1033/1962
f 1907/1036/1963 2300/1086/1963 2299/1080/1963 1780/1035/1963
f 1780/1035/1964 2299/1080/1964 2297/1025/1964 1871/1034/1964
f 1779/1033/1965 2298/1085/1965 2300/1086/1965 1907/1036/1965
f 1809/785/1435 1861/1503/1966 1860/805/1967 1808/784/1436
f 1810/1504/1182 1813/1505/1183 1861/1503/1966 1809/785/1435
f 1811/787/1438 1815/788/1437 1814/791/1968 1863/1506/1969
f 1863/1506/1969 1814/791/1968 1832/1508/1970 1864/1507/1970
f 1808/784/1436 1860/805/1967 1862/806/1971 1831/798/1445
f 1811/1509/1972 1861/1503/1973 1813/1505/1190 1812/1510/1190
f 1863/804/1452 1860/805/1451 1861/1503/1973 1811/1509/1972
f 1960/1511/1974 2022/858/1975 2021/856/1538 2092/929/1537
f 1960/1512/1194 2078/1514/1194 2071/1513/1194
f 2077/1515/1976 2078/1514/1976 1960/1512/1976 2092/1281/1976
f 1952/930/1540 2020/853/1539 2019/854/1977 1958/1516/1978
f 1953/1105/1673 2023/860/1672 2022/858/1975 1960/1511/1974
f 2086/1517/1979 2001/1227/1980 2180/1213/1763 1950/1230/1762
f 1958/1516/1978 2019/854/1977 2183/960/1765 1951/1231/1764
f 2084/1226/1757 2181/921/1756 2001/1227/1980 2086/1517/1979
f 2071/1513/296 1947/1255/926 1953/1256/926 1960/1512/296
f 2091/1282/1200 2077/1515/1200 2092/1281/1200
f 2083/1518/1201 1957/1520/1201 2086/1519/1201
f 2084/926/1201 2087/1521/1201 2070/925/1201
f 2081/1306/299 1945/1523/299 1958/1522/299 1951/1298/299
f 2069/1296/130 2083/1518/302 2086/1519/302 1950/1295/130
f 2076/1524/1981 1959/1526/1981 1952/1525/1981 1958/1522/1981
f 1952/1525/1203 1959/1526/1203 1946/1527/1203
f 1945/1523/1204 2076/1524/1204 1958/1522/1204
f 1957/1520/1201 2087/1521/1201 2084/926/1757 2086/1519/1979
f 1271/1528/1242 2303/1531/1982 2304/1530/1983 1270/1529/1241
f 1273/1532/1246 2301/1535/1984 2302/1534/1985 1272/1533/1243
f 1267/1536/1237 2307/1539/1986 2308/1538/1987 1266/1537/1238
f 1268/314/1239 2306/315/1245 2307/1539/1986 1267/1536/1237
f 1270/1529/1241 2304/1530/1983 2305/316/1244 1269/313/1240
f 1272/1533/1243 2302/1534/1985 2303/1531/1982 1271/1528/1242
f 1266/1537/1238 2308/1538/1987 2301/1535/1984 1273/1532/1246
f 2308/1538/1987 2309/1540/2 2301/1535/1984
f 2301/1535/1984 2309/1540/2 2302/1534/1985
f 2302/1534/1985 2309/1540/2 2303/1531/1982
f 2303/1531/1982 2309/1540/2 2304/1530/1983
f 2304/1530/1983 2309/1540/2 2305/316/1244
f 2305/316/1244 2309/1540/2 2306/315/1245
f 2306/315/1245 2309/1540/2 2307/1539/1986
f 2307/1539/1986 2309/1540/2 2308/1538/1987
f 2332/1541/2 2333/1544/2 2313/1543/2 2311/1542/2
f 2333/1544/2 2334/1546/2 2315/1545/2 2313/1543/2
f 2334/1546/2 2335/1548/2 2317/1547/2 2315/1545/2
f 2335/1548/2 2336/1550/2 2319/1549/2 2317/1547/2
f 2336/1550/2 2337/1552/2 2321/1551/2 2319/1549/2
f 2337/1552/2 2338/1554/2 2323/1553/2 2321/1551/2
f 2329/1555/1988 2326/1557/2 2327/1556/1989
f 2331/1558/1990 2326/1557/2 2329/1555/1988
f 2311/1542/1991 2326/1557/2 2331/1558/1990
f 2313/1543/1992 2326/1557/2 2311/1542/1991
f 2311/1559/1216 2343/1562/1216 2310/1561/1216 2332/1560/1216
f 2338/1563/1217 2322/1566/1217 2342/1565/1217 2323/1564/1217
f 2324/1567/1218 2341/1570/1218 2340/1569/1219 2325/1568/1219
f 2327/1571/80 2339/1574/80 2330/1573/1220 2329/1572/1220
f 2323/1564/1221 2342/1565/1221 2341/1570/1218 2324/1567/1218
f 2331/1575/1222 2328/1576/1222 2343/1562/1223 2311/1559/1223
f 2325/1568/1219 2340/1569/1219 2339/1574/80 2327/1571/80
f 2329/1572/1220 2330/1573/1220 2328/1576/1222 2331/1575/1222
f 2320/1577/1224 2322/1580/1225 2338/1579/1225 2337/1578/1224
f 2318/1581/1226 2320/1577/1224 2337/1578/1224 2336/1582/1226
f 2316/1583/130 2318/1581/1226 2336/1582/1226 2335/1584/130
f 2314/1585/1227 2316/1583/130 2335/1584/130 2334/1586/1227
f 2312/1587/1228 2314/1585/1227 2334/1586/1227 2333/1588/1228
f 2310/1589/1229 2312/1587/1228 2333/1588/1228 2332/1590/1229
f 2327/1556/1989 2326/1557/2 2325/1591/1993
f 2325/1591/1993 2326/1557/2 2324/1592/1994
f 2324/1592/1994 2326/1557/2 2323/1553/1995
f 2323/1553/1995 2326/1557/2 2321/1551/1996
f 2321/1551/1996 2326/1557/2 2319/1549/1997
f 2319/1549/1997 2326/1557/2 2317/1547/1998
f 2317/1547/1998 2326/1557/2 2315/1545/1999
f 2315/1545/1999 2326/1557/2 2313/1543/1992
f 658/1658/14 1577/1659/14 2357/1660/14 2351/1661/14
f 1571/1662/14 1521/1663/14 2355/1664/14 2356/1665/14
f 1521/1663/14 1520/1666/14 2354/1667/14 2355/1664/14
f 656/1668/14 657/1669/14 2350/1670/14 2349/1671/14
f 1581/1658/14 1580/1669/14 2360/1670/14 2361/1661/14
f 1520/1666/14 1519/1672/14 2353/1673/14 2354/1667/14
f 655/1674/14 656/1668/14 2349/1671/14 2348/1675/14
f 1577/1659/14 1581/1658/14 2361/1661/14 2357/1660/14
f 1519/1672/14 1518/1676/14 2352/1677/14 2353/1673/14
f 1580/1669/14 1579/1668/14 2359/1671/14 2360/1670/14
f 600/1663/14 650/1662/14 2347/1665/14 2346/1664/14
f 1579/1668/14 1578/1674/14 2358/1675/14 2359/1671/14
f 599/1666/14 600/1663/14 2346/1664/14 2345/1667/14
f 650/1662/14 655/1674/14 2348/1675/14 2347/1665/14
f 598/1672/14 599/1666/14 2345/1667/14 2344/1673/14
f 657/1669/14 658/1658/14 2351/1661/14 2350/1670/14
f 1578/1674/14 1571/1662/14 2356/1665/14 2358/1675/14
f 1518/1676/14 598/1672/14 2344/1673/14 2352/1677/14
f 2351/1661/443 2357/1660/130 2375/1678/130 2369/1679/443
f 2361/1661/1384 2360/1670/226 2378/1680/226 2379/1679/1384
f 2349/1671/445 2350/1670/129 2368/1680/129 2367/1681/445
f 2357/1660/130 2361/1661/1384 2379/1679/1384 2375/1678/130
f 2348/1675/2000 2349/1671/445 2367/1681/445 2366/1682/2000
f 2360/1670/226 2359/1671/1387 2377/1681/1387 2378/1680/226
f 2347/1665/2001 2348/1675/2000 2366/1682/2000 2365/1683/2001
f 2345/1667/58 2346/1664/2002 2364/1684/2002 2363/1685/58
f 2359/1671/1387 2358/1675/2003 2376/1682/2003 2377/1681/1387
f 2346/1664/2002 2347/1665/2001 2365/1683/2001 2364/1684/2002
f 2344/1673/436 2345/1667/58 2363/1685/58 2362/1686/436
f 2358/1675/2003 2356/1665/2004 2374/1683/2004 2376/1682/2003
f 2355/1664/2005 2354/1667/187 2372/1685/187 2373/1684/2005
f 2352/1677/80 2344/1673/436 2362/1686/436 2370/1687/80
f 2356/1665/2004 2355/1664/2005 2373/1684/2005 2374/1683/2004
f 2354/1667/187 2353/1673/1380 2371/1686/1380 2372/1685/187
f 2350/1670/129 2351/1661/443 2369/1679/443 2368/1680/129
f 2353/1673/1380 2352/1677/80 2370/1687/80 2371/1686/1380
f 2367/1681/2006 2368/1680/2007 2386/1688/2008 2385/1689/2009
f 2375/1678/2010 2379/1679/2011 2397/1690/2011 2393/1691/2010
f 2366/1682/2012 2367/1681/2006 2385/1689/2009 2384/1692/2013
f 2378/1680/2014 2377/1681/2015 2395/1689/2016 2396/1688/2017
f 2365/1683/2018 2366/1682/2012 2384/1692/2013 2383/1693/2019
f 2363/1685/2020 2364/1684/2021 2382/1694/2022 2381/1695/2023
f 2377/1681/2015 2376/1682/2024 2394/1692/2025 2395/1689/2016
f 2364/1684/2021 2365/1683/2018 2383/1693/2019 2382/1694/2022
f 2362/1686/2026 2363/1685/2020 2381/1695/2023 2380/1696/2026
f 2376/1682/2024 2374/1683/2027 2392/1693/2028 2394/1692/2025
f 2373/1684/2029 2372/1685/2030 2390/1695/2031 2391/1694/2032
f 2370/1687/2033 2362/1686/2026 2380/1696/2026 2388/1697/2033
f 2374/1683/2027 2373/1684/2029 2391/1694/2032 2392/1693/2028
f 2372/1685/2030 2371/1686/2034 2389/1696/2034 2390/1695/2031
f 2368/1680/2007 2369/1679/2035 2387/1690/2035 2386/1688/2008
f 2371/1686/2034 2370/1687/2033 2388/1697/2033 2389/1696/2034
f 2369/1679/2035 2375/1678/2010 2393/1691/2010 2387/1690/2035
f 2379/1679/2011 2378/1680/2014 2396/1688/2017 2397/1690/2011
f 2385/1698/2036 2386/1699/2037 2404/1700/2038 2403/1701/2039
f 2393/1702/2040 2397/1703/2041 2415/1704/2042 2411/1705/2043
f 2384/1706/2044 2385/1698/2036 2403/1701/2039 2402/1707/2045
f 2396/1708/2046 2395/1709/2047 2413/1710/2048 2414/1711/2049
f 2383/1712/2050 2384/1706/2044 2402/1707/2045 2401/1713/2051
f 2381/1714/2052 2382/1715/2053 2400/1716/2054 2399/1717/2055
f 2395/1709/2047 2394/1718/2056 2412/1719/2057 2413/1710/2048
f 2382/1715/2053 2383/1712/2050 2401/1713/2051 2400/1716/2054
f 2380/1720/2058 2381/1714/2052 2399/1717/2055 2398/1721/2059
f 2394/1718/2056 2392/1722/2060 2410/1723/2061 2412/1719/2057
f 2391/1724/2062 2390/1725/2063 2408/1726/2064 2409/1727/2065
f 2388/1728/2066 2380/1720/2058 2398/1721/2059 2406/1729/2067
f 2392/1722/2060 2391/1724/2062 2409/1727/2065 2410/1723/2061
f 2390/1725/2063 2389/1730/2068 2407/1731/2069 2408/1726/2064
f 2386/1699/2037 2387/1732/2070 2405/1733/2071 2404/1700/2038
f 2389/1730/2068 2388/1728/2066 2406/1729/2067 2407/1731/2069
f 2387/1732/2070 2393/1702/2040 2411/1705/2043 2405/1733/2071
f 2397/1703/2041 2396/1708/2046 2414/1711/2049 2415/1704/2042
f 2402/1707/2045 2403/1701/2039 2416/1734/2072
f 2414/1711/2049 2413/1710/2048 2416/1734/2072
f 2401/1713/2051 2402/1707/2045 2416/1734/2072
f 2399/1717/2055 2400/1716/2054 2416/1734/2072
f 2413/1710/2048 2412/1719/2057 2416/1734/2072
f 2400/1716/2054 2401/1713/2051 2416/1734/2072
f 2398/1721/2059 2399/1717/2055 2416/1734/2072
f 2412/1719/2057 2410/1723/2061 2416/1734/2072
f 2409/1727/2065 2408/1726/2064 2416/1734/2072
f 2406/1729/2067 2398/1721/2059 2416/1734/2072
f 2410/1723/2061 2409/1727/2065 2416/1734/2072
f 2408/1726/2064 2407/1731/2069 2416/1734/2072
f 2404/1700/2038 2405/1733/2071 2416/1734/2072
f 2407/1731/2069 2406/1729/2067 2416/1734/2072
f 2405/1733/2071 2411/1705/2043 2416/1734/2072
f 2415/1704/2042 2414/1711/2049 2416/1734/2072
f 2403/1701/2039 2404/1700/2038 2416/1734/2072
f 2411/1705/2043 2415/1704/2042 2416/1734/2072
f 213/1735/2073 214/195/2074 2420/196/2075 2419/1736/2076
f 220/194/2077 215/202/112 2421/203/115 2425/197/2078
f 76/199/109 75/202/213 181/203/214 50/200/110
f 214/195/2074 220/194/2077 2425/197/2078 2420/196/2075
f 217/198/218 218/282/2079 2424/283/2080 2423/201/219
f 218/282/2079 211/281/215 2418/284/215 2424/283/2080
f 78/282/216 77/198/108 49/201/111 48/283/217
f 2420/1737/2081 2425/1738/2082 2426/1739/2083
f 2425/1738/2082 2421/1740/2084 2426/1739/2083
f 2421/1740/2084 2422/1741/2085 2426/1739/2083
f 2422/1741/2085 2423/1742/2086 2426/1739/2083
f 2423/1742/2086 2424/1743/2087 2426/1739/2083
f 2424/1743/2087 2418/1744/2088 2426/1739/2083
f 2418/1744/2088 48/1745/2089 2426/1739/2083
f 48/1745/2089 49/1746/2090 2426/1739/2083
f 49/1746/2090 50/1747/2091 2426/1739/2083
f 50/1747/2091 181/1748/2092 2426/1739/2083
f 181/1748/2092 2417/1749/2093 2426/1739/2083
f 2417/1749/2093 182/1750/2094 2426/1739/2083
f 2427/1751/2095 2419/1752/2096 2426/1739/2083
f 2419/1752/2096 2420/1737/2081 2426/1739/2083
f 219/204/2097 213/207/2073 2419/206/2076 180/205/2097
f 74/195/105 73/1753/2098 47/1754/2098 182/196/106
f 182/1750/2094 47/1755/2099 2426/1739/2083
f 180/1756/130 2419/1752/2100 2427/1751/130
f 47/1755/2099 2427/1751/2095 2426/1739/2083
f 47/1755/2101 180/1756/130 2427/1751/130
f 970/1648/1820 969/1651/1821 1916/1650/1821 1915/1649/1820
f 969/1651/1821 966/1317/964 944/1320/964 1916/1650/1821
f 967/1657/1824 957/1313/2102 946/1316/2102 1919/1656/1824
f 960/1318/965 959/1652/1822 1917/1653/1822 945/1319/965
f 959/1652/1822 958/1655/1823 1918/1654/1823 1917/1653/1822
f 958/1655/1823 967/1657/1824 1919/1656/1824 1918/1654/1823
f 970/1648/1820 1915/1649/1820 965/1326/966 968/1329/966
f 948/1330/968 1920/1757/2103 950/1758/2103 963/1331/968
f 1927/1759/2104 972/1760/2104 971/1761/2105 962/1762/2105
f 956/1314/963 972/1760/2104 1927/1759/2104 947/1315/963
f 1939/1651/1821 1916/1650/1821 944/1320/964 1936/1317/964
f 1937/1657/1824 1919/1656/1824 946/1316/2102 1929/1313/2102
f 1932/1318/965 945/1319/965 1917/1653/1822 1931/1652/1822
f 1929/1313/962 946/1316/962 947/1315/963 1928/1314/963
f 1936/1317/964 944/1320/964 945/1319/965 1932/1318/965
f 1940/1648/1820 1938/1329/966 965/1326/966 1915/1649/1820
f 965/1326/966 1938/1329/966 1935/1328/967 949/1327/967
f 949/1327/967 1935/1328/967 1934/1331/968 948/1330/968
f 948/1330/968 1934/1331/968 1921/1758/2103 1920/1757/2103
f 1927/1759/2104 962/1762/2105 1941/1761/2105 1942/1760/2104
f 1928/1314/963 947/1315/963 1927/1759/2104 1942/1760/2104
f 1817/772/1426 1818/790/516 1809/785/1435 1797/770/1424
f 1818/790/516 846/785/512 1810/1504/1182 1809/785/1435
f 1859/1495/2106 1803/1496/2107 2428/782/1433 2430/1494/1956
f 1803/1496/2107 1804/1497/2108 2429/783/1434 2428/782/1433
f 888/1495/2109 2433/1494/1169 2431/782/509 841/1496/2110
f 841/1496/2110 2431/782/509 2432/783/510 842/1497/2111
f 842/1497/2111 2432/783/510 2215/1438/1111 1805/1498/2112
f 1804/1497/2108 1805/1498/2112 2215/1438/1111 2429/783/1434
